date,label,adjDividend,dividend,recordDate,paymentDate,declarationDate,change,changeOverTime,changePercent,high,close,unadjustedVolume,adjClose,vwap,volume,low,open
2026-01-09,"January 09, 26",0.035,0.035,2026-01-09,2026-02-13,2025-11-24,,,,,,,,,,,
2026-01-02,"January 02, 26",,,,,,0.24,0.0029063,0.29063,83.57,82.82,3433517,82.82,82.7925,3433517,82.2,82.58
2025-12-31,"December 31, 25",,,,,,-1.05,-0.0126,-1.26,83.17,82.02,1578157,82.02,82.55,1578157,81.94,83.07
2025-12-30,"December 30, 25",,,,,,0.33,0.0039759,0.39759,83.59,83.33,1510777,83.33,83.205,1510777,82.9,83
2025-12-29,"December 29, 25",,,,,,-0.42,-0.0050257,-0.50257,84.07,83.15,1383400,83.15,83.4275,1383400,82.92,83.57
2025-12-26,"December 26, 25",,,,,,0.06,0.0007181329,0.07181329,83.99,83.61,1462553,83.61,83.605,1462553,83.27,83.55
2025-12-24,"December 24, 25",,,,,,-0.04,-0.0004794438,-0.04794438,83.84,83.39,807000,83.39,83.44,807000,83.1,83.43
2025-12-23,"December 23, 25",,,,,,-0.49,-0.0058466,-0.58466,84.01,83.32,2117054,83.32,83.5775,2117054,83.17,83.81
2025-12-22,"December 22, 25",,,,,,0.54,0.0064748,0.64748,84.18,83.94,2237987,83.94,83.6425,2237987,83.05,83.4
2025-12-19,"December 19, 25",,,,,,-0.105,-0.0013253,-0.13253,83.64,82.89,6437673,82.89,82.9575,6437673,82.3,83
2025-12-18,"December 18, 25",,,,,,-0.29,-0.003502,-0.3502,83.48,82.52,2095266,82.52,82.7625,2095266,82.24,82.81
2025-12-17,"December 17, 25",,,,,,0.18,0.0021898,0.21898,83.56,82.38,3100823,82.38,82.5625,3100823,82.11,82.2
2025-12-16,"December 16, 25",,,,,,-2.2,-0.0261,-2.61,84.5,82.25,3207430,82.25,83.235,3207430,81.74,84.45
2025-12-15,"December 15, 25",,,,,,-0.36,-0.0042448,-0.42448,85.06,84.45,3566542,84.45,84.4825,3566542,83.61,84.81
2025-12-12,"December 12, 25",,,,,,-2.04,-0.0237,-2.37,86,83.96,2386990,83.96,84.88,2386990,83.56,86
2025-12-11,"December 11, 25",,,,,,1.58,0.0187,1.87,86.19,86.05,3479021,86.05,85.2125,3479021,84.14,84.47
2025-12-10,"December 10, 25",,,,,,1.8,0.0216,2.16,84.87,84.47,2562186,84.47,83.6325,2562186,82.51,82.68
2025-12-09,"December 09, 25",,,,,,-0.11,-0.0013231,-0.13231,83.64,83.03,2749562,83.03,83.125,2749562,82.69,83.14
2025-12-08,"December 08, 25",,,,,,-2.31,-0.027,-2.7,85.89,83.09,4234100,83.09,84.2125,4234100,82.47,85.4
2025-12-05,"December 05, 25",,,,,,2.55,0.0308,3.08,85.56,85.46,4439631,85.46,84.1175,4439631,82.54,82.91
2025-12-04,"December 04, 25",,,,,,-0.41,-0.0049439,-0.49439,83.7,82.52,3321365,82.52,82.675,3321365,81.55,82.93
2025-12-03,"December 03, 25",,,,,,3.38,0.0421,4.21,84.11,83.59,5253942,83.59,82.0025,5253942,80.1,80.21
2025-12-02,"December 02, 25",,,,,,0.5,0.006272,0.6272,80.73,80.22,2367919,80.22,80.005,2367919,79.35,79.72
2025-12-01,"December 01, 25",,,,,,-0.11,-0.0013863,-0.13863,80.29,79.24,2541151,79.24,79.47,2541151,79,79.35
2025-11-28,"November 28, 25",,,,,,-0.66,-0.0081835,-0.81835,80.69,79.99,1353331,79.99,80.24,1353331,79.63,80.65
2025-11-26,"November 26, 25",,,,,,0.56,0.0069939,0.69939,81.27,80.63,3091600,80.63,80.42,3091600,79.71,80.07
2025-11-25,"November 25, 25",,,,,,1.72,0.022,2.2,81.94,79.96,5949700,79.96,79.5725,5949700,78.15,78.24
2025-11-24,"November 24, 25",,,,,,1.73,0.0226,2.26,79.02,78.24,7118842,78.24,77.57,7118842,76.51,76.51
2025-11-21,"November 21, 25",,,,,,1.56,0.0208,2.08,77.1,76.45,8388815,76.45,75.4475,8388815,73.35,74.89
2025-11-20,"November 20, 25",,,,,,1.62,0.0222,2.22,75.35,74.75,8322431,74.75,74.0675,8322431,73.04,73.13
2025-11-19,"November 19, 25",,,,,,1.07,0.015,1.5,72.34,72.31,4219253,72.31,71.695,4219253,70.89,71.24
2025-11-18,"November 18, 25",,,,,,0.54,0.0076617,0.76617,71.51,71.02,3371500,71.02,70.7625,3371500,70.04,70.48
2025-11-17,"November 17, 25",,,,,,-1.94,-0.0267,-2.67,73,70.63,4806100,70.63,71.6225,4806100,70.29,72.57
2025-11-14,"November 14, 25",,,,,,-0.56,-0.0075973,-0.75973,74.03,73.15,4407300,73.15,73.3475,4407300,72.5,73.71
2025-11-13,"November 13, 25",,,,,,-0.37,-0.0049771,-0.49771,75.59,73.97,2708297,73.97,74.455,2708297,73.92,74.34
2025-11-12,"November 12, 25",,,,,,1.28,0.0174,1.74,75.5,74.98,3034634,74.98,74.3675,3034634,73.29,73.7
2025-11-11,"November 11, 25",,,,,,-0.09,-0.0012245,-0.12245,74.39,73.41,3673014,73.41,73.53,3673014,72.82,73.5
2025-11-10,"November 10, 25",,,,,,0.01,0.00013611,0.013611,74,73.48,4400795,73.48,73.29,4400795,72.21,73.47
2025-11-07,"November 07, 25",,,,,,-0.55,-0.0074728,-0.74728,74.14,73.05,4401417,73.05,73.37,4401417,72.69,73.6
2025-11-06,"November 06, 25",,,,,,-1.29,-0.0171,-1.71,76.36,74.17,2554435,74.17,75.0025,2554435,74.02,75.46
2025-11-05,"November 05, 25",,,,,,1.4,0.0189,1.89,76.81,75.61,3732200,75.61,74.985,3732200,73.31,74.21
2025-11-04,"November 04, 25",,,,,,-0.11,-0.0014783,-0.14783,75.49,74.3,2489700,74.3,74.525,2489700,73.9,74.41
2025-11-03,"November 03, 25",,,,,,-0.36,-0.0048109,-0.48109,75.87,74.47,4442900,74.47,74.7025,4442900,73.64,74.83
2025-10-31,"October 31, 25",,,,,,0.31,0.0041533,0.41533,75.19,74.95,3275729,74.95,74.575,3275729,73.52,74.64
2025-10-30,"October 30, 25",,,,,,-2.38,-0.0308,-3.08,77.38,75,3474822,75,75.9275,3474822,73.95,77.38
2025-10-29,"October 29, 25",,,,,,0.64,0.0083398,0.83398,78.39,77.38,8765313,77.38,76.56,8765313,73.73,76.74
2025-10-28,"October 28, 25",,,,,,1.28,0.0164,1.64,79.75,79.4,5877000,79.4,78.7375,5877000,77.68,78.12
2025-10-27,"October 27, 25",,,,,,-0.27,-0.0034342,-0.34342,79.15,78.35,4093600,78.35,78.6,4093600,78.28,78.62
2025-10-24,"October 24, 25",0.035,0.035,2025-10-24,2025-11-14,2025-09-24,0.56,0.0072184,0.72184,78.33,78.14,2600338,78.14,77.7975,2600338,77.14,77.58
2025-10-23,"October 23, 25",,,,,,0.94,0.0123,1.23,77.4,77.26,2235458,77.22,76.715,2235458,75.88,76.32
2025-10-22,"October 22, 25",,,,,,0.12,0.0015785,0.15785,77.14,76.14,2547671,76.11,76.25,2547671,75.7,76.02
2025-10-21,"October 21, 25",,,,,,0.85,0.0113,1.13,76.55,76.1,1644454,76.07,75.77,1644454,75.18,75.25
2025-10-20,"October 20, 25",,,,,,1.13,0.0152,1.52,75.91,75.48,2051117,75.45,74.95,2051117,74.06,74.35
2025-10-17,"October 17, 25",,,,,,1.05,0.0144,1.44,74.2,74.05,2049500,74.02,73.475,2049500,72.65,73
2025-10-16,"October 16, 25",,,,,,-0.51,-0.0069022,-0.69022,74.24,73.38,1766938,73.35,73.5675,1766938,72.76,73.89
2025-10-15,"October 15, 25",,,,,,0.33,0.0045274,0.45274,73.94,73.22,3432901,73.19,73.0775,3432901,72.26,72.89
2025-10-14,"October 14, 25",,,,,,1.17,0.0164,1.64,73.1,72.34,2783795,72.31,71.8975,2783795,70.98,71.17
2025-10-13,"October 13, 25",,,,,,-0.18,-0.0024993,-0.24993,72.83,71.84,2693865,71.81,72.0975,2693865,71.7,72.02
2025-10-10,"October 10, 25",,,,,,-3,-0.0405,-4.05,74.54,71.01,7015446,70.98,72.3975,7015446,70.03,74.01
2025-10-09,"October 09, 25",,,,,,-0.66,-0.0088141,-0.88141,75.29,74.22,1825336,74.19,74.545,1825336,73.79,74.88
2025-10-08,"October 08, 25",,,,,,0.7,0.0094048,0.94048,75.18,75.13,2478228,75.1,74.6375,2478228,73.81,74.43
2025-10-07,"October 07, 25",,,,,,-0.64,-0.0085186,-0.85186,75.49,74.49,2808400,74.46,74.8275,2808400,74.2,75.13
2025-10-06,"October 06, 25",,,,,,-0.25,-0.0032612,-0.32612,76.7,76.41,1677100,76.38,76.4125,1677100,75.88,76.66
2025-10-03,"October 03, 25",,,,,,-0.6,-0.007776,-0.7776,77.95,76.56,2696434,76.53,77.025,2696434,76.43,77.16
2025-10-02,"October 02, 25",,,,,,1.72,0.0229,2.29,76.85,76.82,2517223,76.79,75.845,2517223,74.61,75.1
2025-10-01,"October 01, 25",,,,,,0.55,0.0073372,0.73372,76.5,75.51,3579455,75.48,75.295,3579455,74.21,74.96
2025-09-30,"September 30, 25",,,,,,2.3,0.0316,3.16,75.27,75.1,4089700,75.07,73.97,4089700,72.71,72.8
2025-09-29,"September 29, 25",,,,,,0.09,0.0012329,0.12329,73.65,73.09,2914600,73.06,73.045,2914600,72.44,73
2025-09-26,"September 26, 25",,,,,,0.23,0.0031843,0.31843,72.99,72.46,2679239,72.43,72.35,2679239,71.72,72.23
2025-09-25,"September 25, 25",,,,,,-1.4,-0.0192,-1.92,72.9,71.5,5017100,71.47,71.7725,5017100,69.79,72.9
2025-09-24,"September 24, 25",,,,,,-0.73,-0.0097711,-0.97711,75.04,73.98,2320500,73.95,74.35,2320500,73.67,74.71
2025-09-23,"September 23, 25",,,,,,-0.03,-0.0004019831,-0.04019831,75.44,74.6,3143232,74.57,74.785,3143232,74.47,74.63
2025-09-22,"September 22, 25",,,,,,0.16,0.0021445,0.21445,75.07,74.77,3156325,74.74,74.5575,3156325,73.78,74.61
2025-09-19,"September 19, 25",,,,,,0.45,0.0060435,0.60435,75.54,74.91,6294213,74.88,74.825,6294213,74.39,74.46
2025-09-18,"September 18, 25",,,,,,-2.99,-0.0388,-3.88,77.05,74,3841573,73.97,75.4475,3841573,73.75,76.99
2025-09-17,"September 17, 25",,,,,,-0.87,-0.0112,-1.12,78.68,76.63,2925422,76.6,77.23,2925422,76.11,77.5
2025-09-16,"September 16, 25",,,,,,-0.84,-0.0107,-1.07,78.5,77.48,3384555,77.45,77.9025,3384555,77.31,78.32
2025-09-15,"September 15, 25",,,,,,1.18,0.0154,1.54,78.24,77.76,3196700,77.73,77.27,3196700,76.5,76.58
2025-09-12,"September 12, 25",,,,,,-1.03,-0.0133,-1.33,77.64,76.44,3254165,76.41,76.9825,3254165,76.38,77.47
2025-09-11,"September 11, 25",,,,,,2.02,0.0266,2.66,78.4,77.96,4358000,77.93,76.985,4358000,75.64,75.94
2025-09-10,"September 10, 25",,,,,,-2.72,-0.0346,-3.46,79.69,75.99,4250769,75.96,77.51,4250769,75.65,78.71
2025-09-09,"September 09, 25",,,,,,0.77,0.0098794,0.98794,78.89,78.71,3997907,78.68,78.2375,3997907,77.41,77.94
2025-09-08,"September 08, 25",,,,,,2.02,0.0265,2.65,78.43,78.16,6251200,78.13,76.93,6251200,74.99,76.14
2025-09-05,"September 05, 25",,,,,,1.48,0.0199,1.99,75.75,75.73,3010746,75.7,74.985,3010746,74.21,74.25
2025-09-04,"September 04, 25",,,,,,1.64,0.0226,2.26,74.14,74.12,2217209,74.09,73.075,2217209,71.56,72.48
2025-09-03,"September 03, 25",,,,,,0.465,0.006396,0.6396,72.66,72.38,3882900,72.35,72.1475,3882900,71.63,71.92
2025-09-02,"September 02, 25",,,,,,-1.37,-0.0188,-1.88,73.31,71.6,4045635,71.57,72.255,4045635,71.14,72.97
2025-08-29,"August 29, 25",,,,,,0.05,0.0006786102,0.06786102,74.15,73.73,1983083,73.7,73.69,1983083,73.2,73.68
2025-08-28,"August 28, 25",,,,,,-0.705,-0.0095392,-0.95392,74.5,73.72,2511989,73.69,73.9675,2511989,73.22,74.43
2025-08-27,"August 27, 25",,,,,,0.49,0.0066423,0.66423,74.48,74.26,2113031,74.23,74.0575,2113031,73.72,73.77
2025-08-26,"August 26, 25",,,,,,-0.49,-0.0065701,-0.65701,74.91,74.09,1845956,74.06,74.335,1845956,73.76,74.58
2025-08-25,"August 25, 25",,,,,,-0.38,-0.0050687,-0.50687,75.11,74.59,2022025,74.56,74.6675,2022025,74,74.97
2025-08-22,"August 22, 25",,,,,,1.37,0.0186,1.86,75.56,75.22,3666577,75.19,74.58,3666577,73.69,73.85
2025-08-21,"August 21, 25",,,,,,-0.35,-0.0047619,-0.47619,74.06,73.15,2575912,73.12,73.42,2575912,72.97,73.5
2025-08-20,"August 20, 25",,,,,,-0.18,-0.0024308,-0.24308,74.39,73.87,2157043,73.84,73.9825,2157043,73.62,74.05
2025-08-19,"August 19, 25",,,,,,1.05,0.0144,1.44,74.05,73.97,2949907,73.94,73.41,2949907,72.7,72.92
2025-08-18,"August 18, 25",,,,,,-0.19,-0.00259,-0.259,73.78,73.17,2292503,73.14,73.255,2292503,72.71,73.36
2025-08-15,"August 15, 25",,,,,,-0.61,-0.0082421,-0.82421,74.52,73.4,2926993,73.37,73.7475,2926993,73.06,74.01
2025-08-14,"August 14, 25",,,,,,-1.26,-0.0168,-1.68,75.12,73.66,3122883,73.63,74.2375,3122883,73.25,74.92
2025-08-13,"August 13, 25",,,,,,0.92,0.0124,1.24,75.44,75.33,3067975,75.3,74.875,3067975,74.32,74.41
2025-08-12,"August 12, 25",,,,,,1.18,0.0161,1.61,74.61,74.41,2489201,74.38,73.825,2489201,73.05,73.23
2025-08-11,"August 11, 25",,,,,,0.96,0.0133,1.33,73.34,73,4130158,72.97,72.575,4130158,71.92,72.04
2025-08-08,"August 08, 25",,,,,,0.8,0.0112,1.12,72.08,72,3025116,71.97,71.5725,3025116,71.01,71.2
2025-08-07,"August 07, 25",,,,,,0.25,0.0035286,0.35286,71.53,71.1,4234119,71.07,70.8725,4234119,70.01,70.85
2025-08-06,"August 06, 25",,,,,,-0.98,-0.0138,-1.38,71.03,69.96,5171041,69.93,70.3775,5171041,69.58,70.94
2025-08-05,"August 05, 25",,,,,,-0.25,-0.0035216,-0.35216,71.54,70.74,3726200,70.71,70.945,3726200,70.51,70.99
2025-08-04,"August 04, 25",,,,,,0.23,0.0032666,0.32666,70.97,70.64,3251670,70.61,70.4825,3251670,69.91,70.41
2025-08-01,"August 01, 25",,,,,,-0.54,-0.0076715,-0.76715,70.9,69.85,5128445,69.82,70.0575,5128445,69.09,70.39
2025-07-31,"July 31, 25",,,,,,-1.02,-0.0141,-1.41,73.01,71.32,6427700,71.29,71.945,6427700,71.11,72.34
2025-07-30,"July 30, 25",,,,,,-1.71,-0.0233,-2.33,73.93,71.64,12910000,71.61,72.31,12910000,70.32,73.35
2025-07-29,"July 29, 25",,,,,,-0.49,-0.0062652,-0.62652,78.7,77.72,4524015,77.69,78.0175,4524015,77.44,78.21
2025-07-28,"July 28, 25",,,,,,0.37,0.0047822,0.47822,78.77,77.74,3950900,77.71,77.715,3950900,76.98,77.37
2025-07-25,"July 25, 25",0.035,0.035,2025-07-25,2025-08-15,2025-07-01,0.85,0.0111,1.11,77.83,77.61,3132745,77.58,77.0425,3132745,75.97,76.76
2025-07-24,"July 24, 25",,,,,,-0.23,-0.002987,-0.2987,77.86,76.77,2392686,76.71,76.9875,2392686,76.32,77
2025-07-23,"July 23, 25",,,,,,-0.35,-0.0045103,-0.45103,77.8,77.25,2337068,77.19,77.3375,2337068,76.7,77.6
2025-07-22,"July 22, 25",,,,,,2.33,0.0314,3.14,76.78,76.49,4674300,76.43,75.385,4674300,74.11,74.16
2025-07-21,"July 21, 25",,,,,,-1.56,-0.0206,-2.06,75.9,74.16,3902800,74.1,74.97,3902800,74.1,75.72
2025-07-18,"July 18, 25",,,,,,-0.88,-0.0115,-1.15,76.86,75.96,3383686,75.9,76.2775,3383686,75.45,76.84
2025-07-17,"July 17, 25",,,,,,0.95,0.0126,1.26,76.58,76.24,3968288,76.18,75.73,3968288,74.81,75.29
2025-07-16,"July 16, 25",,,,,,1.01,0.0136,1.36,76.21,75.45,6398549,75.39,75.075,6398549,74.2,74.44
2025-07-15,"July 15, 25",,,,,,-0.4,-0.0053483,-0.53483,74.93,74.39,4637500,74.33,74.4425,4637500,73.66,74.79
2025-07-14,"July 14, 25",,,,,,-0.36,-0.0048122,-0.48122,74.88,74.45,2236813,74.39,74.505,2236813,73.88,74.81
2025-07-11,"July 11, 25",,,,,,-0.54,-0.0071362,-0.71362,75.86,75.13,1897906,75.07,75.4,1897906,74.94,75.67
2025-07-10,"July 10, 25",,,,,,0.99,0.0131,1.31,77.32,76.5,2739156,76.44,76.115,2739156,75.13,75.51
2025-07-09,"July 09, 25",,,,,,-0.34,-0.0044825,-0.44825,76.11,75.51,2574322,75.45,75.5875,2574322,74.88,75.85
2025-07-08,"July 08, 25",,,,,,0.54,0.0072328,0.72328,76.68,75.2,3522523,75.14,75.26,3522523,74.5,74.66
2025-07-07,"July 07, 25",,,,,,-1,-0.0132,-1.32,76.49,74.61,3528598,74.55,75.2725,3528598,74.38,75.61
2025-07-03,"July 03, 25",,,,,,-0.11,-0.0014439,-0.14439,76.53,76.07,1800530,76.01,76.1175,1800530,75.69,76.18
2025-07-02,"July 02, 25",,,,,,0.34,0.0044867,0.44867,76.16,76.12,2526100,76.06,75.855,2526100,75.36,75.78
2025-07-01,"July 01, 25",,,,,,2.13,0.0289,2.89,76.83,75.95,3298700,75.89,75.0525,3298700,73.61,73.82
2025-06-30,"June 30, 25",,,,,,0.07,0.0009459459,0.09459459,74.58,74.07,2952426,74.01,74.055,2952426,73.57,74
2025-06-27,"June 27, 25",,,,,,-0.82,-0.0109,-1.09,75.57,74.38,6817105,74.32,74.8075,6817105,74.08,75.2
2025-06-26,"June 26, 25",,,,,,1.86,0.0255,2.55,75.29,74.86,5091900,74.8,74.0175,5091900,72.92,73
2025-06-25,"June 25, 25",,,,,,0.74,0.0103,1.03,72.85,72.75,5681100,72.69,72.1775,5681100,71.1,72.01
2025-06-24,"June 24, 25",,,,,,0.4,0.0055882,0.55882,72.29,71.98,8746751,71.92,71.815,8746751,71.41,71.58
2025-06-23,"June 23, 25",,,,,,-0.12,-0.0016835,-0.16835,71.39,71.16,3142371,71.1,70.83,3142371,69.49,71.28
2025-06-20,"June 20, 25",,,,,,-1.32,-0.0182,-1.82,72.61,71.28,6306613,71.22,71.9275,6306613,71.22,72.6
2025-06-18,"June 18, 25",,,,,,0.64,0.0089825,0.89825,72.17,71.89,3496326,71.83,71.575,3496326,70.99,71.25
2025-06-17,"June 17, 25",,,,,,-1.23,-0.017,-1.7,72.71,71.14,2918125,71.08,71.78,2918125,70.9,72.37
2025-06-16,"June 16, 25",,,,,,0.51,0.0070491,0.70491,73.12,72.86,3047048,72.8,72.5025,3047048,71.68,72.35
2025-06-13,"June 13, 25",,,,,,0.06,0.00083114,0.083114,72.79,72.25,2977136,72.19,72.285,2977136,71.91,72.19
2025-06-12,"June 12, 25",,,,,,-0.1,-0.0013659,-0.13659,73.8,73.11,3574800,73.05,73.1125,3574800,72.33,73.21
2025-06-11,"June 11, 25",,,,,,-0.605,-0.0082421,-0.82421,74.16,73.4,3051844,73.34,73.6025,3051844,72.84,74.01
2025-06-10,"June 10, 25",,,,,,2.03,0.0282,2.82,74.12,73.92,4533531,73.86,72.9225,4533531,71.76,71.89
2025-06-09,"June 09, 25",,,,,,-0.18,-0.0025052,-0.25052,72.99,71.67,2075849,71.61,71.995,2075849,71.47,71.85
2025-06-06,"June 06, 25",,,,,,-0.4,-0.005554,-0.5554,72.45,71.62,2152751,71.56,71.7425,2152751,70.88,72.02
2025-06-05,"June 05, 25",,,,,,0.24,0.0033656,0.33656,71.98,71.55,1898969,71.49,71.4225,1898969,70.85,71.31
2025-06-04,"June 04, 25",,,,,,-0.22,-0.0030834,-0.30834,71.55,71.13,1672626,71.07,71.24,1672626,70.93,71.35
2025-06-03,"June 03, 25",,,,,,1.16,0.0166,1.66,71.3,71.16,2445581,71.1,70.4425,2445581,69.31,70
2025-06-02,"June 02, 25",,,,,,-0.28,-0.0039756,-0.39756,70.45,70.15,2396311,70.1,70.2225,2396311,69.86,70.43
2025-05-30,"May 30, 25",,,,,,-0.8,-0.0112,-1.12,71.34,70.54,7095548,70.48,70.7025,7095548,69.59,71.34
2025-05-29,"May 29, 25",,,,,,-0.27,-0.0037604,-0.37604,72,71.53,2807782,71.47,71.5275,2807782,70.78,71.8
2025-05-28,"May 28, 25",,,,,,0.14,0.0019716,0.19716,71.45,71.15,2448600,71.09,71.0275,2448600,70.5,71.01
2025-05-27,"May 27, 25",,,,,,0.63,0.0089514,0.89514,71.39,71.01,3183866,70.95,70.6375,3183866,69.77,70.38
2025-05-23,"May 23, 25",,,,,,0.66,0.009635,0.9635,69.36,69.16,2486600,69.11,68.865,2486600,68.44,68.5
2025-05-22,"May 22, 25",,,,,,0.03,0.0004322144,0.04322144,70.11,69.44,2835362,69.39,69.295,2835362,68.22,69.41
2025-05-21,"May 21, 25",,,,,,-1.84,-0.0258,-2.58,71.49,69.58,3226105,69.53,70.475,3226105,69.41,71.42
2025-05-20,"May 20, 25",,,,,,-0.75,-0.0103,-1.03,73,71.85,3268425,71.79,72.31,3268425,71.79,72.6
2025-05-19,"May 19, 25",,,,,,0.86,0.0119,1.19,73.29,73.1,2418500,73.04,72.6275,2418500,71.88,72.24
2025-05-16,"May 16, 25",,,,,,0.22,0.0030174,0.30174,73.23,73.13,3309522,73.07,72.83,3309522,72.05,72.91
2025-05-15,"May 15, 25",,,,,,0.63,0.0087161,0.87161,73.06,72.91,3448298,72.85,72.4525,3448298,71.56,72.28
2025-05-14,"May 14, 25",,,,,,-0.67,-0.0091144,-0.91144,73.94,72.84,3849434,72.78,73.2525,3849434,72.72,73.51
2025-05-13,"May 13, 25",,,,,,-0.52,-0.0069939,-0.69939,75.69,73.83,4751000,73.77,74.385,4751000,73.67,74.35
2025-05-12,"May 12, 25",,,,,,-2.84,-0.0369,-3.69,77.75,74.11,8031240,74.05,75.58,8031240,73.51,76.95
2025-05-09,"May 09, 25",,,,,,-0.88,-0.0124,-1.24,71.81,69.87,5724417,69.82,70.555,5724417,69.79,70.75
2025-05-08,"May 08, 25",,,,,,1.01,0.0145,1.45,71.4,70.5,6022322,70.45,70.125,6022322,69.11,69.49
2025-05-07,"May 07, 25",,,,,,1.34,0.02,2,69.31,68.82,5304868,68.77,68.1375,5304868,66.95,67.47
2025-05-06,"May 06, 25",,,,,,-1.39,-0.0203,-2.03,68.98,67.09,5677400,67.04,67.905,5677400,67.07,68.48
2025-05-05,"May 05, 25",,,,,,-0.56,-0.008008,-0.8008,70.59,69.37,5927749,69.32,69.77,5927749,69.19,69.93
2025-05-02,"May 02, 25",,,,,,0.63,0.0090129,0.90129,71.21,70.53,7209670,70.47,70.2525,7209670,69.37,69.9
2025-05-01,"May 01, 25",,,,,,-2.65,-0.0377,-3.77,70.92,67.67,8115300,67.62,69.135,8115300,67.63,70.32
2025-04-30,"April 30, 25",,,,,,-2.17,-0.0299,-2.99,72.6,70.33,12759300,70.28,71.3175,12759300,69.84,72.5
2025-04-29,"April 29, 25",,,,,,0.21,0.0030937,0.30937,68.54,68.09,5692100,68.04,67.905,5692100,67.11,67.88
2025-04-28,"April 28, 25",,,,,,-0.26,-0.0038051,-0.38051,68.8,68.07,3896577,68.02,68.12,3896577,67.28,68.33
2025-04-25,"April 25, 25",0.035,0.035,2025-04-25,2025-05-15,2025-03-27,-0.58,-0.0084058,-0.84058,70.82,68.42,5508673,68.37,69.0425,5508673,67.93,69
2025-04-24,"April 24, 25",,,,,,2.04,0.0314,3.14,67.39,67.08,6555822,66.99,66.07,6555822,64.77,65.04
2025-04-23,"April 23, 25",,,,,,0.39,0.0060465,0.60465,67.08,64.89,6292800,64.8,65.1875,6292800,64.28,64.5
2025-04-22,"April 22, 25",,,,,,0.06,0.0009741841,0.09741841,62.34,61.65,4508835,61.57,61.5825,4508835,60.75,61.59
2025-04-21,"April 21, 25",,,,,,-1.25,-0.0202,-2.02,61.81,60.48,5755164,60.4,60.9925,5755164,59.95,61.73
2025-04-17,"April 17, 25",,,,,,0.38,0.00613,0.613,62.84,62.37,4474000,62.29,62.225,4474000,61.7,61.99
2025-04-16,"April 16, 25",,,,,,-1.62,-0.0257,-2.57,63.7,61.48,6207059,61.4,62.245,6207059,60.7,63.1
2025-04-15,"April 15, 25",,,,,,-1.4,-0.0217,-2.17,64.8,63.1,5405800,63.02,63.765,5405800,62.66,64.5
2025-04-14,"April 14, 25",,,,,,0.47,0.0073529,0.73529,64.79,64.39,4896309,64.3,64.085,4896309,63.24,63.92
2025-04-11,"April 11, 25",,,,,,0.47,0.0075393,0.75393,63.6,62.81,7221500,62.73,62.4025,7221500,60.86,62.34
2025-04-10,"April 10, 25",,,,,,-1.41,-0.0221,-2.21,64.2,62.28,7636324,62.2,62.4675,7636324,59.7,63.69
2025-04-09,"April 09, 25",,,,,,7.28,0.1262,12.62,65.53,64.98,8488500,64.89,61.465,8488500,57.65,57.7
2025-04-08,"April 08, 25",,,,,,-4.44,-0.0703,-7.03,64.43,58.75,7418900,58.67,61.105,7418900,58.05,63.19
2025-04-07,"April 07, 25",,,,,,0.46,0.0075995,0.75995,63.75,60.99,9299615,60.91,61.0325,9299615,58.86,60.53
2025-04-04,"April 04, 25",,,,,,-2.85,-0.045,-4.5,63.8,60.51,16890636,60.43,61.4275,16890636,58.04,63.36
2025-04-03,"April 03, 25",,,,,,-4.53,-0.0593,-5.93,76.59,72,9331400,71.9,73.895,9331400,70.45,76.54
2025-04-02,"April 02, 25",,,,,,0.58,0.0073623,0.73623,79.88,79.36,2806100,79.25,79.18,2806100,78.7,78.78
2025-04-01,"April 01, 25",,,,,,-0.8,-0.009954,-0.9954,80.84,79.57,2996524,79.46,80.0275,2996524,79.33,80.37
2025-03-31,"March 31, 25",,,,,,1.01,0.0127,1.27,81.01,80.71,4151235,80.6,80.155,4151235,79.2,79.7
2025-03-28,"March 28, 25",,,,,,-1.41,-0.0173,-1.73,81.79,80.01,3189843,79.9,80.7525,3189843,79.79,81.42
2025-03-27,"March 27, 25",,,,,,0.27,0.0033174,0.33174,82.8,81.66,3074600,81.55,81.755,3074600,81.17,81.39
2025-03-26,"March 26, 25",,,,,,-1.4,-0.017,-1.7,82.86,81,2859425,80.89,81.6875,2859425,80.49,82.4
2025-03-25,"March 25, 25",,,,,,0.5,0.0061005,0.61005,82.89,82.46,3730293,82.35,82.1975,3730293,81.48,81.96
2025-03-24,"March 24, 25",,,,,,-0.45,-0.0054778,-0.54778,82.79,81.7,4453606,81.59,82.03,4453606,81.48,82.15
2025-03-21,"March 21, 25",,,,,,0.34,0.0041898,0.41898,81.83,81.49,4304576,81.38,81.155,4304576,80.15,81.15
2025-03-20,"March 20, 25",,,,,,-0.24,-0.002925,-0.2925,82.68,81.81,2731279,81.7,82.0225,2731279,81.55,82.05
2025-03-19,"March 19, 25",,,,,,0.52,0.0063508,0.63508,82.62,82.4,3124321,82.29,82.17,3124321,81.78,81.88
2025-03-18,"March 18, 25",,,,,,-0.02,-0.0002434275,-0.02434275,82.38,82.14,2900010,82.03,81.9775,2900010,81.23,82.16
2025-03-17,"March 17, 25",,,,,,0.63,0.0076979,0.76979,82.9,82.47,2526800,82.36,82.2075,2526800,81.62,81.84
2025-03-14,"March 14, 25",,,,,,-0.18,-0.0021911,-0.21911,82.33,81.97,5207300,81.86,81.7125,5207300,80.4,82.15
2025-03-13,"March 13, 25",,,,,,-2.19,-0.0262,-2.62,84.12,81.45,3605718,81.34,82.5925,3605718,81.16,83.64
2025-03-12,"March 12, 25",,,,,,-1.93,-0.0225,-2.25,86.09,83.79,2819704,83.68,84.84,2819704,83.76,85.72
2025-03-11,"March 11, 25",,,,,,-1.75,-0.02,-2,89.23,85.59,4276812,85.48,86.775,4276812,84.94,87.34
2025-03-10,"March 10, 25",,,,,,-0.415,-0.0048962,-0.48962,87.34,85.36,3552111,85.25,85.8375,3552111,84.87,85.78
2025-03-07,"March 07, 25",,,,,,1.08,0.0126,1.26,86.94,86.58,4076700,86.46,85.93,4076700,84.7,85.5
2025-03-06,"March 06, 25",,,,,,1.41,0.0168,1.68,85.87,85.41,3946100,85.3,84.725,3946100,83.62,84
2025-03-05,"March 05, 25",,,,,,0.76,0.0090476,0.90476,85.49,84.76,3111468,84.65,84.51,3111468,83.79,84
2025-03-04,"March 04, 25",,,,,,-2.31,-0.0267,-2.67,86.62,84.31,3998900,84.2,85.065,3998900,82.71,86.62
2025-03-03,"March 03, 25",,,,,,-1.04,-0.0119,-1.19,88.98,86.45,3556300,86.33,87.3025,3556300,86.29,87.49
2025-02-28,"February 28, 25",,,,,,-2.61,-0.029,-2.9,90.26,87.35,4214630,87.23,88.365,4214630,85.89,89.96
2025-02-27,"February 27, 25",,,,,,-0.71,-0.0078793,-0.78793,92.2,89.4,3926344,89.28,90.2475,3926344,89.28,90.11
2025-02-26,"February 26, 25",,,,,,0.34,0.0037623,0.37623,91.65,90.71,1846613,90.59,90.7225,1846613,90.16,90.37
2025-02-25,"February 25, 25",,,,,,-0.28,-0.0030739,-0.30739,91.39,90.81,2310907,90.69,90.825,2310907,90.01,91.09
2025-02-24,"February 24, 25",,,,,,-0.07,-0.000772286,-0.0772286,91.7,90.57,2769000,90.45,90.82,2769000,90.37,90.64
2025-02-21,"February 21, 25",,,,,,-0.45,-0.0049159,-0.49159,91.74,91.09,2854719,90.97,91.2,2854719,90.43,91.54
2025-02-20,"February 20, 25",,,,,,-0.24,-0.0025994,-0.25994,93.14,92.09,2341300,91.97,92.275,2341300,91.54,92.33
2025-02-19,"February 19, 25",,,,,,0.24,0.0026008,0.26008,93.15,92.52,3284264,92.4,92.3875,3284264,91.6,92.28
2025-02-18,"February 18, 25",,,,,,0.42,0.0045528,0.45528,93.26,92.67,3262773,92.55,92.5775,3262773,92.13,92.25
2025-02-14,"February 14, 25",,,,,,-0.99,-0.0106,-1.06,93.21,92.21,3946666,92.09,92.45,3946666,91.18,93.2
2025-02-13,"February 13, 25",,,,,,3.48,0.0387,3.87,94.8,93.48,7832700,93.35,91.98,7832700,89.64,90
2025-02-12,"February 12, 25",,,,,,-0.04,-0.000465441,-0.0465441,86.67,85.9,3656327,85.78,86.0025,3656327,85.5,85.94
2025-02-11,"February 11, 25",,,,,,0.22,0.0025343,0.25343,87.98,87.03,2392505,86.91,87.14,2392505,86.74,86.81
2025-02-10,"February 10, 25",,,,,,-0.5,-0.0056818,-0.56818,88.28,87.5,2036600,87.38,87.6625,2036600,86.87,88
2025-02-07,"February 07, 25",,,,,,-1.16,-0.0131,-1.31,89.36,87.64,1671463,87.52,88.325,1671463,87.5,88.8
2025-02-06,"February 06, 25",,,,,,1.04,0.0119,1.19,90.74,88.55,3253030,88.43,88.5425,3253030,87.37,87.51
2025-02-05,"February 05, 25",,,,,,0.16,0.0018389,0.18389,87.79,87.17,2347101,87.05,87.0675,2347101,86.3,87.01
2025-02-04,"February 04, 25",,,,,,-0.76,-0.0086669,-0.86669,88.03,86.93,2488900,86.81,87.3525,2488900,86.76,87.69
2025-02-03,"February 03, 25",,,,,,0.1,0.001144,0.1144,88.49,87.51,2142309,87.39,87.4425,2142309,86.36,87.41
2025-01-31,"January 31, 25",,,,,,-0.83,-0.0093122,-0.93122,89.8,88.3,1775510,88.18,88.8625,1775510,88.22,89.13
2025-01-30,"January 30, 25",,,,,,1,0.0113,1.13,89.75,89.55,1618700,89.43,89.065,1618700,88.41,88.55
2025-01-29,"January 29, 25",,,,,,0.06,0.0006834491,0.06834491,88.61,87.85,1336221,87.73,87.9475,1336221,87.54,87.79
2025-01-28,"January 28, 25",,,,,,-0.97,-0.0109,-1.09,89.32,87.78,2407150,87.66,88.3875,2407150,87.7,88.75
2025-01-27,"January 27, 25",,,,,,0.11,0.0012376,0.12376,89.69,88.99,2376805,88.87,88.9325,2376805,88.17,88.88
2025-01-24,"January 24, 25",,,,,,1.16,0.0133,1.33,88.78,88.67,2008570,88.55,87.995,2008570,87.02,87.51
2025-01-23,"January 23, 25",,,,,,0.83,0.0095042,0.95042,88.67,88.16,1697227,88.04,87.755,1697227,86.86,87.33
2025-01-22,"January 22, 25",,,,,,0.11,0.0012612,0.12612,88.27,87.33,2381219,87.21,87.3925,2381219,86.75,87.22
2025-01-21,"January 21, 25",,,,,,2.2,0.0258,2.58,87.62,87.34,2861947,87.22,86.185,2861947,84.64,85.14
2025-01-17,"January 17, 25",,,,,,-1.6,-0.0185,-1.85,86.34,84.74,2855424,84.63,85.5,2855424,84.58,86.34
2025-01-16,"January 16, 25",,,,,,1.24,0.0148,1.48,85.35,85,2116033,84.89,84.3725,2116033,83.38,83.76
2025-01-15,"January 15, 25",,,,,,-1.56,-0.0183,-1.83,86.25,83.66,4148911,83.55,84.4975,4148911,82.86,85.22
2025-01-14,"January 14, 25",0.035,0.035,2025-01-14,2025-02-14,2024-11-21,-1.76,-0.0205,-2.05,85.99,84.13,2821427,84.02,84.9575,2821427,83.82,85.89
2025-01-13,"January 13, 25",,,,,,0.22,0.002584,0.2584,85.55,85.36,2903920,85.21,84.9875,2903920,83.9,85.14
2025-01-10,"January 10, 25",,,,,,-0.62,-0.0072617,-0.72617,86.07,84.76,3792183,84.61,85.1525,3792183,84.4,85.38
2025-01-08,"January 08, 25",,,,,,1.61,0.019,1.9,87.3,86.26,4432600,86.11,85.625,4432600,84.29,84.65
2025-01-07,"January 07, 25",,,,,,1.49,0.0182,1.82,83.44,83.37,3382126,83.22,82.535,3382126,81.45,81.88
2025-01-06,"January 06, 25",,,,,,1.2,0.0149,1.49,82.4,81.72,3746630,81.58,81.265,3746630,80.42,80.52
2025-01-03,"January 03, 25",,,,,,1.97,0.0251,2.51,80.62,80.52,2713052,80.38,79.52,2713052,78.39,78.55
2025-01-02,"January 02, 25",,,,,,-0.54,-0.0068424,-0.68424,78.92,78.38,2658817,78.24,78.485,2658817,77.72,78.92
2024-12-31,"December 31, 24",,,,,,-0.82,-0.0104,-1.04,79.27,78.18,1877800,78.04,78.605,1877800,77.97,79
2024-12-30,"December 30, 24",,,,,,-0.52,-0.0065723,-0.65723,79.16,78.6,1850721,78.46,78.62,1850721,77.6,79.12
2024-12-27,"December 27, 24",,,,,,0.19,0.0023954,0.23954,79.87,79.51,1533202,79.37,79.3975,1533202,78.89,79.32
2024-12-26,"December 26, 24",,,,,,0.61,0.0077118,0.77118,80.18,79.71,1622105,79.57,79.49,1622105,78.97,79.1
2024-12-24,"December 24, 24",,,,,,-0.18,-0.002263,-0.2263,79.79,79.36,1035713,79.22,79.3575,1035713,78.74,79.54
2024-12-23,"December 23, 24",,,,,,0.5,0.0063468,0.63468,79.35,79.28,2495828,79.14,78.735,2495828,77.53,78.78
2024-12-20,"December 20, 24",,,,,,1.34,0.0173,1.73,79.03,78.91,11179900,78.77,78.1,11179900,76.89,77.57
2024-12-19,"December 19, 24",,,,,,0.12,0.0015522,0.15522,78.18,77.43,3385706,77.29,77.4675,3385706,76.95,77.31
2024-12-18,"December 18, 24",,,,,,-2.28,-0.0287,-2.87,80.37,77.09,3264100,76.95,78.4525,3264100,76.98,79.37
2024-12-17,"December 17, 24",,,,,,-1.09,-0.0136,-1.36,80.83,79.25,3557126,79.11,79.9075,3557126,79.21,80.34
2024-12-16,"December 16, 24",,,,,,-0.47,-0.0058197,-0.58197,81.78,80.29,2909202,80.15,80.73,2909202,80.09,80.76
2024-12-13,"December 13, 24",,,,,,-0.3,-0.0036855,-0.36855,81.49,81.1,2836005,80.96,81.1525,2836005,80.62,81.4
2024-12-12,"December 12, 24",,,,,,-0.7,-0.0085024,-0.85024,82.62,81.63,2370000,81.49,81.855,2370000,80.84,82.33
2024-12-11,"December 11, 24",,,,,,0.7,0.0085314,0.85314,83.33,82.75,3890181,82.6,82.4775,3890181,81.78,82.05
2024-12-10,"December 10, 24",,,,,,-0.06,-0.0007279786,-0.07279786,83,82.36,3124718,82.22,82.3575,3124718,81.65,82.42
2024-12-09,"December 09, 24",,,,,,0.54,0.0066372,0.66372,82.12,81.9,2373011,81.76,81.61,2373011,81.06,81.36
2024-12-06,"December 06, 24",,,,,,-0.13,-0.0015976,-0.15976,81.97,81.24,3177200,81.1,81.2625,3177200,80.47,81.37
2024-12-05,"December 05, 24",,,,,,-1.2,-0.0144,-1.44,83.33,81.57,2269264,81.43,82.255,2269264,81.36,82.76
2024-12-04,"December 04, 24",,,,,,0.39,0.0047204,0.47204,83.21,83.01,1932890,82.86,82.835,1932890,82.5,82.62
2024-12-03,"December 03, 24",,,,,,0.09,0.0010912,0.10912,83.06,82.57,2026825,82.42,82.535,2026825,82.03,82.48
2024-12-02,"December 02, 24",,,,,,0.19,0.0022922,0.22922,83.25,83.08,2247037,82.93,82.9025,2247037,82.39,82.89
2024-11-29,"November 29, 24",,,,,,-0.03,-0.0003603604,-0.03603604,83.51,83.22,1277723,83.07,83.2175,1277723,82.89,83.25
2024-11-27,"November 27, 24",,,,,,0.15,0.0018105,0.18105,83.91,83,1808000,82.85,83.12,1808000,82.72,82.85
2024-11-26,"November 26, 24",,,,,,-0.27,-0.0032617,-0.32617,83.43,82.51,2040900,82.36,82.7775,2040900,82.39,82.78
2024-11-25,"November 25, 24",,,,,,-0.7,-0.0083973,-0.83973,83.5,82.66,5273312,82.51,82.855,5273312,81.9,83.36
2024-11-22,"November 22, 24",,,,,,0.48,0.0058565,0.58565,82.58,82.44,5934944,82.29,81.885,5934944,80.56,81.96
2024-11-21,"November 21, 24",,,,,,-2.6,-0.0307,-3.07,85.26,82,4930600,81.86,83.425,4930600,81.84,84.6
2024-11-20,"November 20, 24",,,,,,2.4,0.0291,2.91,85.29,84.9,6103400,84.75,83.775,6103400,82.41,82.5
2024-11-19,"November 19, 24",,,,,,0.52,0.0063415,0.63415,83.23,82.52,2513692,82.37,82.365,2513692,81.71,82
2024-11-18,"November 18, 24",,,,,,0.82,0.01,1,83.48,82.72,2918399,82.57,82.4975,2918399,81.89,81.9
2024-11-15,"November 15, 24",,,,,,-1.05,-0.0127,-1.27,82.82,81.76,3768443,81.62,82.2275,3768443,81.52,82.81
2024-11-14,"November 14, 24",,,,,,-0.73,-0.0087268,-0.87268,84.69,82.92,3061123,82.77,83.49,3061123,82.7,83.65
2024-11-13,"November 13, 24",,,,,,-0.94,-0.011,-1.1,85.41,84.18,3014959,84.03,84.4925,3014959,83.26,85.12
2024-11-12,"November 12, 24",,,,,,-0.5,-0.0058534,-0.58534,85.91,84.92,3918925,84.77,85.2425,3918925,84.72,85.42
2024-11-11,"November 11, 24",,,,,,-1.61,-0.0185,-1.85,87.15,85.39,4367180,85.24,86.0025,4367180,84.47,87
2024-11-08,"November 08, 24",,,,,,-2.86,-0.0322,-3.22,89.11,85.94,10190544,85.79,87.4225,10190544,85.84,88.8
2024-11-07,"November 07, 24",,,,,,1.22,0.014,1.4,88.88,88.33,2497321,88.17,87.815,2497321,86.94,87.11
2024-11-06,"November 06, 24",,,,,,-3.14,-0.0349,-3.49,90,86.78,4163100,86.63,87.945,4163100,85.08,89.92
2024-11-05,"November 05, 24",,,,,,1.36,0.0157,1.57,88.19,88.17,1656400,88.01,87.495,1656400,86.81,86.81
2024-11-04,"November 04, 24",,,,,,-0.61,-0.0069635,-0.69635,87.92,86.99,1431700,86.84,87.265,1431700,86.55,87.6
2024-11-01,"November 01, 24",,,,,,-0.26,-0.0029813,-0.29813,88.44,86.95,3383485,86.8,87.33,3383485,86.72,87.21
2024-10-31,"October 31, 24",,,,,,1.23,0.0143,1.43,88.15,87.35,3259515,87.2,86.905,3259515,86,86.12
2024-10-30,"October 30, 24",,,,,,-2.53,-0.0282,-2.82,90.16,87.2,4700441,87.05,88.2225,4700441,85.8,89.73
2024-10-29,"October 29, 24",,,,,,-0.39,-0.0045529,-0.45529,86.7,85.27,3762314,85.12,85.66,3762314,85.01,85.66
2024-10-28,"October 28, 24",,,,,,-0.73,-0.0084237,-0.84237,86.97,85.93,4223700,85.78,86.115,4223700,84.9,86.66
2024-10-25,"October 25, 24",,,,,,-0.84,-0.0094107,-0.94107,89.65,88.42,2035620,88.26,88.9075,2035620,88.3,89.26
2024-10-24,"October 24, 24",,,,,,-0.66,-0.0073694,-0.73694,89.98,88.9,1291986,88.74,89.26,1291986,88.6,89.56
2024-10-23,"October 23, 24",,,,,,0.64,0.0072194,0.72194,90.36,89.29,2116660,89.13,89.1025,2116660,88.11,88.65
2024-10-22,"October 22, 24",,,,,,0.05,0.0005601613,0.05601613,89.56,89.31,2210200,89.15,88.9575,2210200,87.7,89.26
2024-10-21,"October 21, 24",,,,,,-1.09,-0.012,-1.2,91.45,89.8,1675400,89.64,90.415,1675400,89.52,90.89
2024-10-18,"October 18, 24",0.03,0.03,2024-10-18,2024-11-15,2024-09-18,1.28,0.0142,1.42,91.58,91.34,1609532,91.18,90.7425,1609532,89.99,90.06
2024-10-17,"October 17, 24",,,,,,0.08,0.0008816399,0.08816399,90.92,90.82,1711160,90.63,90.685,1711160,90.26,90.74
2024-10-16,"October 16, 24",,,,,,-0.82,-0.009007,-0.9007,91.12,90.22,1823272,90.03,90.5875,1823272,89.97,91.04
2024-10-15,"October 15, 24",,,,,,-1.18,-0.0128,-1.28,91.96,90.71,2474300,90.52,91.2925,2474300,90.61,91.89
2024-10-14,"October 14, 24",,,,,,0.57,0.0062603,0.62603,91.8,91.62,1342815,91.43,91.26,1342815,90.57,91.05
2024-10-11,"October 11, 24",,,,,,0.35,0.0038597,0.38597,91.61,91.03,1372100,90.84,90.9275,1372100,90.39,90.68
2024-10-10,"October 10, 24",,,,,,-0.05,-0.0005537099,-0.05537099,90.86,90.25,2269401,90.06,90.3025,2269401,89.8,90.3
2024-10-09,"October 09, 24",,,,,,-0.03,-0.0003303965,-0.03303965,91.02,90.77,2122999,90.58,90.6475,2122999,90,90.8
2024-10-08,"October 08, 24",,,,,,0.45,0.0049867,0.49867,91.02,90.69,2075531,90.5,90.4525,2075531,89.86,90.24
2024-10-07,"October 07, 24",,,,,,-0.94,-0.0103,-1.03,91.3,90.06,2623422,89.87,90.52,2623422,89.72,91
2024-10-04,"October 04, 24",,,,,,0.78,0.0086055,0.86055,91.47,91.42,1988678,91.23,90.8625,1988678,89.92,90.64
2024-10-03,"October 03, 24",,,,,,-0.63,-0.0069606,-0.69606,90.84,89.88,2592900,89.69,90.1875,2592900,89.52,90.51
2024-10-02,"October 02, 24",,,,,,-0.59,-0.0064389,-0.64389,92.48,91.04,1763483,90.85,91.53,1763483,90.97,91.63
2024-10-01,"October 01, 24",,,,,,-2.15,-0.0229,-2.29,93.82,91.67,2615413,91.48,92.615,2615413,91.15,93.82
2024-09-30,"September 30, 24",,,,,,1.34,0.0145,1.45,94.32,93.85,3977633,93.65,93.2675,3977633,92.39,92.51
2024-09-27,"September 27, 24",,,,,,-0.69,-0.007445,-0.7445,94.55,91.99,12623820,91.8,92.7775,12623820,91.89,92.68
2024-09-26,"September 26, 24",,,,,,1.47,0.0162,1.62,92.72,92.49,5273200,92.3,91.4025,5273200,89.38,91.02
2024-09-25,"September 25, 24",,,,,,0.22,0.0023709,0.23709,93.53,93.01,4044715,92.82,92.87,4044715,92.15,92.79
2024-09-24,"September 24, 24",,,,,,1.21,0.0133,1.33,92.34,92.21,3537826,92.02,91.3375,3537826,89.8,91
2024-09-23,"September 23, 24",,,,,,0.38,0.0041989,0.41989,91.61,90.88,2908847,90.69,90.83,2908847,90.33,90.5
2024-09-20,"September 20, 24",,,,,,-0.07,-0.0007747648,-0.07747648,91.13,90.28,9492449,90.09,90.34,9492449,89.6,90.35
2024-09-19,"September 19, 24",,,,,,0.95,0.0106,1.06,90.79,90.62,3128277,90.43,89.9625,3128277,88.77,89.67
2024-09-18,"September 18, 24",,,,,,1.11,0.0127,1.27,89.69,88.53,3508400,88.34,88.16,3508400,87,87.42
2024-09-17,"September 17, 24",,,,,,0.15,0.0017313,0.17313,88.19,86.79,3144354,86.61,86.9925,3144354,86.35,86.64
2024-09-16,"September 16, 24",,,,,,-0.51,-0.005852,-0.5852,87.25,86.64,4680378,86.46,86.725,4680378,85.86,87.15
2024-09-13,"September 13, 24",,,,,,0.3,0.0034638,0.34638,87.15,86.91,10515108,86.73,86.595,10515108,85.71,86.61
2024-09-12,"September 12, 24",,,,,,0.44,0.0050563,0.50563,87.47,87.46,1394303,87.28,86.9975,1394303,86.04,87.02
2024-09-11,"September 11, 24",,,,,,1.93,0.0226,2.26,87.41,87.19,2630444,87.01,85.75,2630444,83.14,85.26
2024-09-10,"September 10, 24",,,,,,0.34,0.0039901,0.39901,85.73,85.55,1558900,85.37,85.3325,1558900,84.84,85.21
2024-09-09,"September 09, 24",,,,,,-0.24,-0.0028116,-0.28116,86.46,85.12,1659805,84.94,85.415,1659805,84.72,85.36
2024-09-06,"September 06, 24",,,,,,-2.14,-0.0245,-2.45,87.75,85.09,2696523,84.91,86.27,2696523,85.01,87.23
2024-09-05,"September 05, 24",,,,,,-0.11,-0.0012586,-0.12586,88.5,87.29,2321000,87.11,87.4675,2321000,86.68,87.4
2024-09-04,"September 04, 24",,,,,,3.34,0.0397,3.97,87.72,87.55,2008000,87.37,85.9225,2008000,84.21,84.21
2024-09-03,"September 03, 24",,,,,,0.24,0.0028382,0.28382,85.57,84.8,1963912,84.62,84.815,1963912,84.33,84.56
2024-08-30,"August 30, 24",,,,,,0.37,0.0043813,0.43813,84.88,84.82,1838607,84.64,84.435,1838607,83.59,84.45
2024-08-29,"August 29, 24",,,,,,-0.17,-0.0020178,-0.20178,85,84.08,1264817,83.9,84.2525,1264817,83.68,84.25
2024-08-28,"August 28, 24",,,,,,-0.49,-0.0058043,-0.58043,84.42,83.93,1131469,83.75,84.025,1131469,83.33,84.42
2024-08-27,"August 27, 24",,,,,,-0.12,-0.0014196,-0.14196,84.7,84.41,1208100,84.23,84.4175,1208100,84.03,84.53
2024-08-26,"August 26, 24",,,,,,-0.15,-0.0017722,-0.17722,85.42,84.49,1475299,84.31,84.68,1475299,84.17,84.64
2024-08-23,"August 23, 24",,,,,,-0.22,-0.0025882,-0.25882,85.57,84.78,1511800,84.6,84.825,1511800,83.95,85
2024-08-22,"August 22, 24",,,,,,-0.41,-0.004836,-0.4836,84.78,84.37,944832,84.19,84.47,944832,83.95,84.78
2024-08-21,"August 21, 24",,,,,,-0.16,-0.0018904,-0.18904,84.64,84.48,984461,84.3,84.325,984461,83.54,84.64
2024-08-20,"August 20, 24",,,,,,-1.22,-0.0143,-1.43,85.7,83.94,1464228,83.76,84.66,1464228,83.84,85.16
2024-08-19,"August 19, 24",,,,,,0.89,0.0105,1.05,85.61,85.59,1439048,85.41,85.0125,1439048,84.15,84.7
2024-08-16,"August 16, 24",,,,,,-0.13,-0.0015307,-0.15307,85.15,84.8,1341700,84.62,84.76,1341700,84.16,84.93
2024-08-15,"August 15, 24",,,,,,1.33,0.0158,1.58,85.94,85.3,2319449,85.12,84.795,2319449,83.97,83.97
2024-08-14,"August 14, 24",,,,,,-0.72,-0.0085521,-0.85521,84.23,83.47,1904751,83.3,83.66,1904751,82.75,84.19
2024-08-13,"August 13, 24",,,,,,0.98,0.0118,1.18,84.49,84.17,1766200,83.99,83.5925,1766200,82.52,83.19
2024-08-12,"August 12, 24",,,,,,-0.83,-0.009976,-0.9976,83.2,82.37,1564528,82.2,82.62,1564528,81.71,83.2
2024-08-09,"August 09, 24",,,,,,1.08,0.0131,1.31,83.47,83.4,1584300,83.23,82.6275,1584300,81.32,82.32
2024-08-08,"August 08, 24",,,,,,2.4,0.03,3,82.4,82.32,1632603,82.15,81.08,1632603,79.68,79.92
2024-08-07,"August 07, 24",,,,,,-2.89,-0.0351,-3.51,82.66,79.34,2401200,79.17,80.7525,2401200,78.78,82.23
2024-08-06,"August 06, 24",,,,,,-0.56,-0.0068201,-0.68201,82.93,81.55,2686920,81.38,81.94,2686920,81.17,82.11
2024-08-05,"August 05, 24",,,,,,-0.45,-0.0054898,-0.54898,82.37,81.52,3589100,81.35,81.4,3589100,79.74,81.97
2024-08-02,"August 02, 24",,,,,,0.64,0.0077295,0.77295,83.53,83.44,2986428,83.27,82.6425,2986428,80.8,82.8
2024-08-01,"August 01, 24",,,,,,-0.7,-0.0083234,-0.83234,85,83.4,3561613,83.23,83.68,3561613,82.22,84.1
2024-07-31,"July 31, 24",,,,,,4.53,0.0566,5.66,88.25,84.63,8043400,84.45,83.245,8043400,80,80.1
2024-07-30,"July 30, 24",,,,,,0.11,0.0013327,0.13327,84.08,82.65,5269100,82.48,82.5675,5269100,81,82.54
2024-07-29,"July 29, 24",,,,,,1.37,0.017,1.7,82.46,82.05,2790418,81.88,81.4275,2790418,80.52,80.68
2024-07-26,"July 26, 24",,,,,,-0.24,-0.0029725,-0.29725,81.69,80.5,2532946,80.33,80.7325,2532946,80,80.74
2024-07-25,"July 25, 24",,,,,,-0.49,-0.0060938,-0.60938,81.06,79.92,2512432,79.75,80.28,2512432,79.73,80.41
2024-07-24,"July 24, 24",,,,,,-1.31,-0.0162,-1.62,81.49,79.69,2517042,79.52,80.4525,2517042,79.63,81
2024-07-23,"July 23, 24",,,,,,-0.06,-0.0007418398,-0.07418398,81.21,80.82,1529000,80.65,80.8525,1529000,80.5,80.88
2024-07-22,"July 22, 24",,,,,,0.15,0.00185,0.185,81.38,81.23,2439400,81.06,80.9475,2439400,80.1,81.08
2024-07-19,"July 19, 24",0.03,0.03,2024-07-19,2024-08-15,2024-06-26,-0.79,-0.0097255,-0.97255,81.39,80.44,2428375,80.27,80.7425,2428375,79.91,81.23
2024-07-18,"July 18, 24",,,,,,-0.97,-0.0118,-1.18,83.51,80.98,3233900,80.78,81.8325,3233900,80.89,81.95
2024-07-17,"July 17, 24",,,,,,-0.12,-0.001453,-0.1453,83.62,82.47,2567847,82.27,82.66,2567847,81.96,82.59
2024-07-16,"July 16, 24",,,,,,2.19,0.0272,2.72,82.96,82.64,3524366,82.44,81.56,3524366,80.19,80.45
2024-07-15,"July 15, 24",,,,,,-0.06,-0.0007476636,-0.07476636,80.63,80.19,2483235,79.99,80.23,2483235,79.85,80.25
2024-07-12,"July 12, 24",,,,,,-0.01,-0.0001245485,-0.01245485,81.33,80.28,2579223,80.08,80.46,2579223,79.94,80.29
2024-07-11,"July 11, 24",,,,,,0.75,0.0094709,0.94709,80.72,79.94,2540600,79.74,79.76,2540600,79.19,79.19
2024-07-10,"July 10, 24",,,,,,2.21,0.0287,2.87,79.22,79.14,2475345,78.94,78.055,2475345,76.93,76.93
2024-07-09,"July 09, 24",,,,,,0.52,0.0068107,0.68107,77,76.87,2152500,76.68,76.49,2152500,75.74,76.35
2024-07-08,"July 08, 24",,,,,,-0.65,-0.0084416,-0.84416,77.64,76.35,1662029,76.16,76.825,1662029,76.31,77
2024-07-05,"July 05, 24",,,,,,-0.14,-0.0018135,-0.18135,77.25,77.06,1689677,76.87,77.015,1689677,76.55,77.2
2024-07-03,"July 03, 24",,,,,,0.87,0.0114,1.14,77.35,77.24,1346737,77.05,76.8175,1346737,76.31,76.37
2024-07-02,"July 02, 24",,,,,,0.07,0.0009179124,0.09179124,76.71,76.33,2171512,76.14,76.245,2171512,75.68,76.26
2024-07-01,"July 01, 24",,,,,,-2.09,-0.0267,-2.67,78.35,76.26,3081428,76.07,77.295,3081428,76.22,78.35
2024-06-28,"June 28, 24",,,,,,-1.29,-0.0163,-1.63,79.65,77.92,9422500,77.73,78.5025,9422500,77.23,79.21
2024-06-27,"June 27, 24",,,,,,0.81,0.0104,1.04,79.1,78.82,2192619,78.63,78.455,2192619,77.89,78.01
2024-06-26,"June 26, 24",,,,,,-0.86,-0.0109,-1.09,79.29,78,2426367,77.81,78.53,2426367,77.97,78.86
2024-06-25,"June 25, 24",,,,,,-0.17,-0.0021524,-0.21524,79.28,78.81,1848520,78.62,78.86,1848520,78.37,78.98
2024-06-24,"June 24, 24",,,,,,-0.48,-0.0060507,-0.60507,79.64,78.85,2270114,78.66,79.12,2270114,78.66,79.33
2024-06-21,"June 21, 24",,,,,,-0.66,-0.0082676,-0.82676,80.1,79.17,5198005,78.97,79.3975,5198005,78.49,79.83
2024-06-20,"June 20, 24",,,,,,1.44,0.0185,1.85,80.1,79.44,3408100,79.24,78.8475,3408100,77.85,78
2024-06-18,"June 18, 24",,,,,,0.96,0.0124,1.24,78.72,78.27,2032665,78.08,77.8675,2032665,77.17,77.31
2024-06-17,"June 17, 24",,,,,,1.29,0.0169,1.69,77.86,77.55,2190500,77.36,76.9075,2190500,75.96,76.26
2024-06-14,"June 14, 24",,,,,,0.29,0.0038058,0.38058,76.61,76.49,2576800,76.3,76.1025,2576800,75.11,76.2
2024-06-13,"June 13, 24",,,,,,1.82,0.0242,2.42,77.33,76.99,2530207,76.8,76.1575,2530207,75.14,75.17
2024-06-12,"June 12, 24",,,,,,0.77,0.0102,1.02,76.23,75.97,3081630,75.78,75.6025,3081630,75.01,75.2
2024-06-11,"June 11, 24",,,,,,-0.81,-0.0107,-1.07,75.55,74.74,2655600,74.56,75.0875,2655600,74.51,75.55
2024-06-10,"June 10, 24",,,,,,-0.19,-0.002501,-0.2501,76.01,75.78,2116059,75.59,75.745,2116059,75.22,75.97
2024-06-07,"June 07, 24",,,,,,-0.38,-0.0049531,-0.49531,77.03,76.34,2357009,76.15,76.5,2357009,75.91,76.72
2024-06-06,"June 06, 24",,,,,,0.35,0.0045662,0.45662,77.15,77,2474915,76.81,76.64,2474915,75.76,76.65
2024-06-05,"June 05, 24",,,,,,-0.5,-0.0064549,-0.64549,77.78,76.96,2637500,76.77,77.205,2637500,76.62,77.46
2024-06-04,"June 04, 24",,,,,,0.47,0.0060999,0.60999,77.82,77.52,1967226,77.33,77.16,1967226,76.25,77.05
2024-06-03,"June 03, 24",,,,,,-0.91,-0.0117,-1.17,78.8,77.15,3059523,76.96,77.565,3059523,76.25,78.06
2024-05-31,"May 31, 24",,,,,,-0.73,-0.0092722,-0.92722,78.73,78,7002138,77.81,78.0925,7002138,76.91,78.73
2024-05-30,"May 30, 24",,,,,,0.57,0.0073077,0.73077,78.93,78.57,2751672,78.38,78.11,2751672,76.94,78
2024-05-29,"May 29, 24",,,,,,0.38,0.0048674,0.48674,78.92,78.45,2397013,78.26,78.3375,2397013,77.91,78.07
2024-05-28,"May 28, 24",,,,,,-0.62,-0.0078115,-0.78115,79.72,78.75,1854895,78.56,79.085,1854895,78.5,79.37
2024-05-24,"May 24, 24",,,,,,0.01,0.0001252505,0.01252505,80.26,79.85,1433940,79.65,79.715,1433940,78.91,79.84
2024-05-23,"May 23, 24",,,,,,-1.65,-0.0204,-2.04,80.98,79.33,2035027,79.13,80.13,2035027,79.23,80.98
2024-05-22,"May 22, 24",,,,,,-0.95,-0.0116,-1.16,81.89,80.62,1633600,80.42,81.1125,1633600,80.37,81.57
2024-05-21,"May 21, 24",,,,,,0.19,0.0023242,0.23242,82,81.94,1150292,81.74,81.6975,1150292,81.1,81.75
2024-05-20,"May 20, 24",,,,,,-0.22,-0.0026839,-0.26839,82.67,81.75,1248500,81.55,81.965,1248500,81.47,81.97
2024-05-17,"May 17, 24",,,,,,0.86,0.0106,1.06,81.88,81.86,1321025,81.66,81.29,1321025,80.42,81
2024-05-16,"May 16, 24",,,,,,-0.19,-0.0023313,-0.23313,81.97,81.31,1627100,81.11,81.42,1627100,80.9,81.5
2024-05-15,"May 15, 24",,,,,,0.72,0.0088681,0.88681,82.24,81.91,1956224,81.71,81.37,1956224,80.14,81.19
2024-05-14,"May 14, 24",,,,,,-0.48,-0.0059259,-0.59259,81.69,80.52,2500813,80.32,80.8775,2500813,80.3,81
2024-05-13,"May 13, 24",,,,,,-2.86,-0.0341,-3.41,84,81.03,1885300,80.83,82.375,1885300,80.58,83.89
2024-05-10,"May 10, 24",,,,,,0.23,0.0027654,0.27654,83.48,83.4,1856327,83.19,83.19,1856327,82.71,83.17
2024-05-09,"May 09, 24",,,,,,1.23,0.0151,1.51,82.76,82.73,1952700,82.53,82.0375,1952700,81.16,81.5
2024-05-08,"May 08, 24",,,,,,0.1,0.0012344,0.12344,81.58,81.11,2748400,80.91,80.9875,2748400,80.25,81.01
2024-05-07,"May 07, 24",,,,,,1.43,0.0179,1.79,81.68,81.43,3225514,81.23,80.695,3225514,79.67,80
2024-05-06,"May 06, 24",,,,,,0.2,0.0025126,0.25126,80,79.8,2389852,79.6,79.5125,2389852,78.65,79.6
2024-05-03,"May 03, 24",,,,,,0.97,0.0124,1.24,80.06,79.47,2722865,79.27,79.1325,2722865,78.5,78.5
2024-05-02,"May 02, 24",,,,,,-1.36,-0.0172,-1.72,79.37,77.83,2995700,77.64,78.395,2995700,77.19,79.19
2024-05-01,"May 01, 24",,,,,,1.74,0.0227,2.27,79.13,78.26,5303300,78.07,77.6025,5303300,76.5,76.52
2024-04-30,"April 30, 24",,,,,,-4.8,-0.0592,-5.92,82.3,76.24,14433617,76.05,78.915,14433617,76.08,81.04
2024-04-29,"April 29, 24",,,,,,2.64,0.0306,3.06,89.18,88.94,4353000,88.72,87.68,4353000,86.3,86.3
2024-04-26,"April 26, 24",,,,,,0.88,0.0103,1.03,86.9,86.24,1790728,86.03,85.915,1790728,85.16,85.36
2024-04-25,"April 25, 24",,,,,,-0.05,-0.0005813953,-0.05813953,86.68,85.95,1363051,85.74,85.8425,1363051,84.74,86
2024-04-24,"April 24, 24",,,,,,0.61,0.007084,0.7084,87.28,86.72,2020300,86.51,86.4775,2020300,85.8,86.11
2024-04-23,"April 23, 24",,,,,,1.25,0.0147,1.47,86.65,86.24,1951320,86.03,85.6675,1951320,84.79,84.99
2024-04-22,"April 22, 24",,,,,,-0.5,-0.0058955,-0.58955,85.08,84.31,2113777,84.1,84.595,2113777,84.18,84.81
2024-04-19,"April 19, 24",,,,,,-0.51,-0.006,-0.6,85.61,84.49,2022710,84.28,84.8,2022710,84.1,85
2024-04-18,"April 18, 24",0.03,0.03,2024-04-19,2024-05-15,2024-03-22,-0.37,-0.0043356,-0.43356,86.13,84.97,1815419,84.76,85.265,1815419,84.62,85.34
2024-04-17,"April 17, 24",,,,,,-0.88,-0.0102,-1.02,86.25,85.19,1711629,84.95,85.6675,1711629,85.16,86.07
2024-04-16,"April 16, 24",,,,,,0.05,0.0005825469,0.05825469,86.44,85.88,1868299,85.64,85.875,1868299,85.35,85.83
2024-04-15,"April 15, 24",,,,,,-1.47,-0.0168,-1.68,87.91,86.13,1983623,85.89,86.79,1983623,85.52,87.6
2024-04-12,"April 12, 24",,,,,,-0.79,-0.0090732,-0.90732,87.53,86.28,2227929,86.04,86.735,2227929,86.06,87.07
2024-04-11,"April 11, 24",,,,,,1.73,0.02,2,88.92,88.21,3071008,87.96,87.305,3071008,85.61,86.48
2024-04-10,"April 10, 24",,,,,,0.01,0.0001171234,0.01171234,86.7,85.39,2926111,85.15,85.6775,2926111,85.24,85.38
2024-04-09,"April 09, 24",,,,,,-1.19,-0.0135,-1.35,88.24,86.94,4173432,86.69,87.44,4173432,86.45,88.13
2024-04-08,"April 08, 24",,,,,,-1.02,-0.0115,-1.15,88.85,87.71,1692400,87.46,88.2275,1692400,87.62,88.73
2024-04-05,"April 05, 24",,,,,,0.51,0.0057981,0.57981,89.5,88.47,1592529,88.22,88.445,1592529,87.85,87.96
2024-04-04,"April 04, 24",,,,,,-2.19,-0.0243,-2.43,90.84,87.96,2728207,87.71,89.205,2728207,87.87,90.15
2024-04-03,"April 03, 24",,,,,,0.78,0.0088385,0.88385,90.05,89.03,4403945,88.78,88.86,4403945,88.11,88.25
2024-04-02,"April 02, 24",,,,,,-0.74,-0.0083286,-0.83286,89.24,88.11,3010700,87.86,88.515,3010700,87.86,88.85
2024-04-01,"April 01, 24",,,,,,-1.78,-0.0195,-1.95,91.46,89.53,1958414,89.28,90.3725,1958414,89.19,91.31
2024-03-28,"March 28, 24",,,,,,0.71,0.0078714,0.78714,91.15,90.91,2108576,90.65,90.4775,2108576,89.65,90.2
2024-03-27,"March 27, 24",,,,,,0.35,0.0038906,0.38906,90.69,90.31,2629114,90.06,90.17,2629114,89.72,89.96
2024-03-26,"March 26, 24",,,,,,0.59,0.0066682,0.66682,89.34,89.07,2845224,88.82,88.6475,2845224,87.7,88.48
2024-03-25,"March 25, 24",,,,,,-1.53,-0.017,-1.7,90.1,88.28,2436026,88.03,89.11,2436026,88.25,89.81
2024-03-22,"March 22, 24",,,,,,-1.73,-0.0189,-1.89,91.9,89.73,6178074,89.48,90.615,6178074,89.37,91.46
2024-03-21,"March 21, 24",,,,,,-0.05,-0.0005479452,-0.05479452,92.18,91.2,2754900,90.94,91.4375,2754900,91.12,91.25
2024-03-20,"March 20, 24",,,,,,0.41,0.0045314,0.45314,91.11,90.89,2016902,90.63,90.6575,2016902,90.15,90.48
2024-03-19,"March 19, 24",,,,,,0.18,0.0019868,0.19868,91,90.78,2996548,90.52,90.685,2996548,90.36,90.6
2024-03-18,"March 18, 24",,,,,,0.71,0.0078977,0.78977,90.96,90.61,2843947,90.35,90.24,2843947,89.49,89.9
2024-03-15,"March 15, 24",,,,,,1.16,0.0131,1.31,89.73,89.41,7314647,89.16,88.83,7314647,87.93,88.25
2024-03-14,"March 14, 24",,,,,,0.23,0.0026107,0.26107,89.04,88.33,4859083,88.08,88.3075,4859083,87.76,88.1
2024-03-13,"March 13, 24",,,,,,0.92,0.0105,1.05,89.37,88.48,14434545,88.23,87.99,14434545,86.55,87.56
2024-03-12,"March 12, 24",,,,,,-0.37,-0.0040135,-0.40135,92.5,91.82,3042200,91.56,92.0525,3042200,91.7,92.19
2024-03-11,"March 11, 24",,,,,,-0.81,-0.0086345,-0.86345,94.06,93,2123396,92.74,93.25,2123396,92.13,93.81
2024-03-08,"March 08, 24",,,,,,1.07,0.0115,1.15,94.5,93.87,2853900,93.61,93.415,2853900,92.49,92.8
2024-03-07,"March 07, 24",,,,,,-0.54,-0.005794,-0.5794,93.55,92.66,3014595,92.4,92.85,3014595,91.99,93.2
2024-03-06,"March 06, 24",,,,,,1.54,0.0168,1.68,94.08,93.1,2521202,92.84,92.5475,2521202,91.45,91.56
2024-03-05,"March 05, 24",,,,,,-0.91,-0.0098145,-0.98145,93.5,91.81,2804900,91.55,92.3875,2804900,91.52,92.72
2024-03-04,"March 04, 24",,,,,,-0.21,-0.0022595,-0.22595,93.5,92.73,2615241,92.47,92.9,2615241,92.43,92.94
2024-03-01,"March 01, 24",,,,,,1.67,0.0183,1.83,93.06,92.72,2696200,92.46,91.8525,2696200,90.58,91.05
2024-02-29,"February 29, 24",,,,,,-2.03,-0.0218,-2.18,93.34,91.28,6144000,91.02,91.7,6144000,88.87,93.31
2024-02-28,"February 28, 24",,,,,,0.77,0.0083469,0.83469,93.96,93.02,3431939,92.76,92.8075,3431939,92,92.25
2024-02-27,"February 27, 24",,,,,,2.51,0.0279,2.79,92.58,92.52,3993400,92.26,91.15,3993400,89.49,90.01
2024-02-26,"February 26, 24",,,,,,1.68,0.0189,1.89,90.71,90.62,3805100,90.36,89.765,3805100,88.79,88.94
2024-02-23,"February 23, 24",,,,,,1.67,0.0191,1.91,89.73,89.07,3815600,88.82,88.36,3815600,87.24,87.4
2024-02-22,"February 22, 24",,,,,,2.19,0.0256,2.56,88.1,87.64,4154900,87.39,86.55,4154900,85.01,85.45
2024-02-21,"February 21, 24",,,,,,1.98,0.0239,2.39,85.21,84.98,5839786,84.74,83.8125,5839786,82.06,83
2024-02-20,"February 20, 24",,,,,,0.46,0.0053532,0.53532,86.81,86.39,6372600,86.15,86.1775,6372600,85.58,85.93
2024-02-16,"February 16, 24",,,,,,2.51,0.0301,3.01,87.29,86.02,13131800,85.78,85.0775,13131800,83.49,83.51
2024-02-15,"February 15, 24",,,,,,1.69,0.0201,2.01,85.74,85.63,2346100,85.39,84.81,2346100,83.93,83.94
2024-02-14,"February 14, 24",,,,,,0.57,0.0069007,0.69007,83.44,83.17,2214800,82.94,82.8875,2214800,82.34,82.6
2024-02-13,"February 13, 24",,,,,,-0.04,-0.0004857316,-0.04857316,82.72,82.31,2529800,82.08,82.135,2529800,81.16,82.35
2024-02-12,"February 12, 24",,,,,,1.55,0.019,1.9,83.31,83.17,2304304,82.94,82.3725,2304304,81.39,81.62
2024-02-09,"February 09, 24",,,,,,-0.95,-0.0115,-1.15,82.75,81.34,2755210,81.11,81.7475,2755210,80.61,82.29
2024-02-08,"February 08, 24",,,,,,0.53,0.0065007,0.65007,82.14,82.06,2483813,81.83,81.5425,2483813,80.44,81.53
2024-02-07,"February 07, 24",,,,,,-0.21,-0.0025597,-0.25597,82.51,81.83,4278100,81.6,81.6375,4278100,80.17,82.04
2024-02-06,"February 06, 24",,,,,,5.21,0.0679,6.79,83.11,81.96,12511200,81.73,79.595,12511200,76.56,76.75
2024-02-05,"February 05, 24",,,,,,0.19,0.0025949,0.25949,73.57,73.41,3365700,73.2,73.2025,3365700,72.61,73.22
2024-02-02,"February 02, 24",,,,,,-0.12,-0.001621,-0.1621,74.36,73.91,2446671,73.7,73.705,2446671,72.52,74.03
2024-02-01,"February 01, 24",,,,,,0.99,0.0135,1.35,75.13,74.35,2593628,74.14,73.9575,2593628,72.99,73.36
2024-01-31,"January 31, 24",,,,,,-0.57,-0.00771,-0.771,74.47,73.36,3129600,73.15,73.6775,3129600,72.95,73.93
2024-01-30,"January 30, 24",,,,,,0.27,0.003662,0.3662,74.52,74,1673926,73.79,73.8425,1673926,73.12,73.73
2024-01-29,"January 29, 24",,,,,,1.47,0.0202,2.02,74.42,74.38,2160340,74.17,73.5525,2160340,72.5,72.91
2024-01-26,"January 26, 24",,,,,,0.15,0.0020548,0.20548,73.29,73.15,2334567,72.94,72.9775,2334567,72.47,73
2024-01-25,"January 25, 24",,,,,,0.54,0.0074658,0.74658,73.1,72.87,2126518,72.66,72.43,2126518,71.42,72.33
2024-01-24,"January 24, 24",,,,,,-2.09,-0.0284,-2.84,73.7,71.55,3594400,71.35,72.55,3594400,71.31,73.64
2024-01-23,"January 23, 24",,,,,,-0.96,-0.0129,-1.29,74.73,73.67,2850400,73.46,73.93,2850400,72.69,74.63
2024-01-22,"January 22, 24",,,,,,0.36,0.0048465,0.48465,75.45,74.64,2414925,74.43,74.635,2414925,74.17,74.28
2024-01-19,"January 19, 24",,,,,,0.665,0.0091231,0.91231,74.12,74.11,3704645,73.9,73.7175,3704645,73.2,73.44
2024-01-18,"January 18, 24",,,,,,0.77,0.0106,1.06,73.76,73.52,2421515,73.31,73.1125,2421515,72.42,72.75
2024-01-17,"January 17, 24",,,,,,-1.49,-0.0201,-2.01,74.24,72.75,3766982,72.54,73.3125,3766982,72.02,74.24
2024-01-16,"January 16, 24",,,,,,-0.93,-0.0123,-1.23,75.9,74.97,2831600,74.76,75.3275,2831600,74.54,75.9
2024-01-12,"January 12, 24",0.03,0.03,2024-01-16,2024-02-15,2023-12-08,-0.11,-0.0014421,-0.14421,76.47,76.17,1888313,75.96,76.08,1888313,75.4,76.28
2024-01-11,"January 11, 24",,,,,,0.05,0.000656168,0.0656168,76.33,76.25,2305517,76.01,75.89,2305517,74.78,76.2
2024-01-10,"January 10, 24",,,,,,-0.17,-0.0022269,-0.22269,76.61,76.17,3020604,75.93,76,3020604,74.88,76.34
2024-01-09,"January 09, 24",,,,,,-0.35,-0.0045449,-0.45449,77.66,76.66,3507222,76.42,76.4325,3507222,74.4,77.01
2024-01-08,"January 08, 24",,,,,,0.36,0.0046753,0.46753,77.45,77.36,1880600,77.12,77.03,1880600,76.31,77
2024-01-05,"January 05, 24",,,,,,0.62,0.0081579,0.81579,77.45,76.62,2377700,76.38,76.415,2377700,75.59,76
2024-01-04,"January 04, 24",,,,,,0.57,0.0075,0.75,76.95,76.57,2395939,76.33,76.3425,2395939,75.85,76
2024-01-03,"January 03, 24",,,,,,-0.13,-0.0017051,-0.17051,76.68,76.11,2692427,75.87,76.1175,2692427,75.44,76.24
2024-01-02,"January 02, 24",,,,,,-0.21,-0.0027422,-0.27422,77.41,76.37,2003147,76.13,76.5175,2003147,75.71,76.58
2023-12-29,"December 29, 23",,,,,,0.16,0.0020736,0.20736,77.64,77.32,1786960,77.08,77.245,1786960,76.86,77.16
2023-12-28,"December 28, 23",,,,,,-0.29,-0.0037261,-0.37261,77.97,77.54,1569562,77.3,77.6475,1569562,77.25,77.83
2023-12-27,"December 27, 23",,,,,,-0.41,-0.005251,-0.5251,78.29,77.67,1365237,77.43,77.855,1365237,77.38,78.08
2023-12-26,"December 26, 23",,,,,,0.44,0.0056628,0.56628,78.33,78.14,1413986,77.89,77.9375,1413986,77.58,77.7
2023-12-22,"December 22, 23",,,,,,0.28,0.0036223,0.36223,77.71,77.58,2197800,77.34,77.395,2197800,76.99,77.3
2023-12-21,"December 21, 23",,,,,,1.11,0.0146,1.46,77.61,77.19,2992230,76.95,76.74,2992230,76.08,76.08
2023-12-20,"December 20, 23",,,,,,0.08,0.0010616,0.10616,76.59,75.44,2162236,75.2,75.5675,2162236,74.88,75.36
2023-12-19,"December 19, 23",,,,,,0.55,0.0073197,0.73197,75.84,75.69,2441846,75.45,75.4175,2441846,75,75.14
2023-12-18,"December 18, 23",,,,,,0.06,0.0008,0.08,75.52,75.06,1945801,74.82,75.0325,1945801,74.55,75
2023-12-15,"December 15, 23",,,,,,-1.37,-0.0179,-1.79,76.59,75.01,5699305,74.77,75.6175,5699305,74.49,76.38
2023-12-14,"December 14, 23",,,,,,1.58,0.0213,2.13,76.3,75.92,4271463,75.68,75.225,4271463,74.34,74.34
2023-12-13,"December 13, 23",,,,,,1.57,0.0216,2.16,74.27,74.18,2628637,73.95,73.395,2628637,72.52,72.61
2023-12-12,"December 12, 23",,,,,,0.75,0.0105,1.05,72.4,72.05,2407200,71.82,71.7475,2407200,71.24,71.3
2023-12-11,"December 11, 23",,,,,,1.97,0.0285,2.85,71.31,71.13,3051314,70.91,70.1725,3051314,69.09,69.16
2023-12-08,"December 08, 23",,,,,,1.34,0.0199,1.99,68.63,68.52,1893851,68.3,67.845,1893851,67.05,67.18
2023-12-07,"December 07, 23",,,,,,-0.71,-0.0104,-1.04,68.29,67.39,2089200,67.18,67.695,2089200,67,68.1
2023-12-06,"December 06, 23",,,,,,-0.34,-0.0049715,-0.49715,68.68,68.05,1579722,67.84,68.245,1579722,67.86,68.39
2023-12-05,"December 05, 23",,,,,,-0.98,-0.0142,-1.42,69.05,67.93,1896265,67.72,68.4025,1896265,67.72,68.91
2023-12-04,"December 04, 23",,,,,,0.48,0.0069676,0.69676,69.77,69.37,1478766,69.15,69.2,1478766,68.77,68.89
2023-12-01,"December 01, 23",,,,,,1.06,0.0155,1.55,69.67,69.41,1898729,69.19,68.8975,1898729,68.16,68.35
2023-11-30,"November 30, 23",,,,,,0.75,0.0111,1.11,68.68,68.46,3324831,68.24,67.81,3324831,66.39,67.71
2023-11-29,"November 29, 23",,,,,,-0.59,-0.0086384,-0.86384,68.84,67.71,3763139,67.5,68.0775,3763139,67.46,68.3
2023-11-28,"November 28, 23",,,,,,-2.57,-0.0364,-3.64,70.78,68.13,5167923,67.92,69.43,5167923,68.11,70.7
2023-11-27,"November 27, 23",,,,,,-0.12,-0.001684,-0.1684,71.52,71.14,4253600,70.92,71.1175,4253600,70.55,71.26
2023-11-24,"November 24, 23",,,,,,-0.11,-0.0014901,-0.14901,73.84,73.71,558900,73.48,73.69,558900,73.39,73.82
2023-11-22,"November 22, 23",,,,,,-0.15,-0.0020339,-0.20339,74.18,73.6,1123328,73.37,73.68,1123328,73.19,73.75
2023-11-21,"November 21, 23",,,,,,-0.12,-0.0016327,-0.16327,73.69,73.38,1469541,73.15,73.29,1469541,72.59,73.5
2023-11-20,"November 20, 23",,,,,,0.24,0.0032836,0.32836,73.49,73.33,1788340,73.1,73.17,1788340,72.77,73.09
2023-11-17,"November 17, 23",,,,,,0.47,0.0064801,0.64801,73.38,73,2920110,72.77,72.735,2920110,72.03,72.53
2023-11-16,"November 16, 23",,,,,,-0.08,-0.0011111,-0.11111,72.66,71.92,2946764,71.69,72.02,2946764,71.5,72
2023-11-15,"November 15, 23",,,,,,-0.48,-0.0066667,-0.66667,72.63,71.52,2780100,71.29,71.905,2780100,71.47,72
2023-11-14,"November 14, 23",,,,,,1.21,0.017,1.7,72.37,72.21,2634411,71.98,71.565,2634411,70.68,71
2023-11-13,"November 13, 23",,,,,,0.44,0.0063246,0.63246,70.55,70.01,1993389,69.79,69.87,1993389,69.35,69.57
2023-11-10,"November 10, 23",,,,,,0.97,0.0142,1.42,69.57,69.52,2774072,69.3,69.0075,2774072,68.39,68.55
2023-11-09,"November 09, 23",,,,,,-1.82,-0.026,-2.6,70.14,68.31,1981500,68.09,69.1575,1981500,68.05,70.13
2023-11-08,"November 08, 23",,,,,,-1.17,-0.0164,-1.64,71.16,69.99,2062128,69.77,70.46,2062128,69.53,71.16
2023-11-07,"November 07, 23",,,,,,-0.55,-0.0077193,-0.77193,71.46,70.7,1912934,70.48,71.0225,1912934,70.68,71.25
2023-11-06,"November 06, 23",,,,,,-0.58,-0.0080926,-0.80926,71.96,71.09,2350100,70.87,71.37,2350100,70.76,71.67
2023-11-03,"November 03, 23",,,,,,1.63,0.0233,2.33,71.9,71.57,4022800,71.34,70.76,4022800,69.63,69.94
2023-11-02,"November 02, 23",,,,,,-0.35,-0.0050287,-0.50287,69.76,69.25,3115900,69.03,69.2225,3115900,68.28,69.6
2023-11-01,"November 01, 23",,,,,,1.53,0.0229,2.29,68.45,68.28,4523320,68.06,67.37,4523320,66,66.75
2023-10-31,"October 31, 23",,,,,,-0.12,-0.0017994,-0.17994,67.7,66.57,7555110,66.36,66.6825,7555110,65.77,66.69
2023-10-30,"October 30, 23",,,,,,-0.37,-0.0058231,-0.58231,63.67,63.17,4484200,62.97,63.1825,4484200,62.35,63.54
2023-10-27,"October 27, 23",,,,,,-1.1,-0.0171,-1.71,64.32,63.1,2606400,62.9,63.585,2606400,62.72,64.2
2023-10-26,"October 26, 23",,,,,,-0.21,-0.0032751,-0.32751,64.74,63.91,3484900,63.71,64.0875,3484900,63.58,64.12
2023-10-25,"October 25, 23",,,,,,0.31,0.0048287,0.48287,64.99,64.51,3179600,64.31,64.42,3179600,63.98,64.2
2023-10-24,"October 24, 23",,,,,,0.65,0.0102,1.02,65.06,64.67,2511249,64.47,64.4275,2511249,63.96,64.02
2023-10-23,"October 23, 23",,,,,,0.04,0.0006254887,0.06254887,64.54,63.99,2412637,63.79,63.96,2412637,63.36,63.95
2023-10-20,"October 20, 23",,,,,,-1.48,-0.0226,-2.26,65.53,64.05,2575100,63.85,64.7425,2575100,63.86,65.53
2023-10-19,"October 19, 23",0.03,0.03,2023-10-20,2023-11-15,2023-09-22,0.22,0.0033727,0.33727,66.67,65.45,1669200,65.24,65.5475,1669200,64.84,65.23
2023-10-18,"October 18, 23",,,,,,-1.07,-0.0161,-1.61,66.48,65.23,1917700,64.99,65.775,1917700,65.09,66.3
2023-10-17,"October 17, 23",,,,,,0.43,0.0064788,0.64788,67.41,66.8,1596176,66.55,66.6625,1596176,66.07,66.37
2023-10-16,"October 16, 23",,,,,,-0.75,-0.0111,-1.11,67.69,66.88,1951512,66.63,67.1325,1951512,66.33,67.63
2023-10-13,"October 13, 23",,,,,,0.99,0.015,1.5,67.64,67.12,1984299,66.87,66.7375,1984299,66.06,66.13
2023-10-12,"October 12, 23",,,,,,-1.21,-0.0179,-1.79,67.91,66.51,2252117,66.27,67.0775,2252117,66.17,67.72
2023-10-11,"October 11, 23",,,,,,-0.53,-0.0077587,-0.77587,68.31,67.78,2032922,67.53,67.86,2032922,67.04,68.31
2023-10-10,"October 10, 23",,,,,,0.19,0.0027941,0.27941,68.63,68.19,2209178,67.94,68.1075,2209178,67.61,68
2023-10-09,"October 09, 23",,,,,,-0.02,-0.0002948983,-0.02948983,68.08,67.8,1600300,67.55,67.72,1600300,67.18,67.82
2023-10-06,"October 06, 23",,,,,,1.45,0.0216,2.16,68.99,68.46,2319800,68.21,67.7775,2319800,66.65,67.01
2023-10-05,"October 05, 23",,,,,,-0.74,-0.0108,-1.08,68.68,67.6,1894528,67.35,67.8125,1894528,66.63,68.34
2023-10-04,"October 04, 23",,,,,,0.74,0.011,1.1,68.07,67.88,2084505,67.63,67.39,2084505,66.47,67.14
2023-10-03,"October 03, 23",,,,,,-0.37,-0.0054937,-0.54937,67.53,66.98,2726100,66.73,67.065,2726100,66.4,67.35
2023-10-02,"October 02, 23",,,,,,-0.16,-0.0023529,-0.23529,68.66,67.84,1942160,67.59,68.0175,1942160,67.57,68
2023-09-29,"September 29, 23",,,,,,-2.04,-0.0291,-2.91,70.2,68.04,3146200,67.79,69.0625,3146200,67.93,70.08
2023-09-28,"September 28, 23",,,,,,1.04,0.0151,1.51,70.58,69.78,4817700,69.52,69.2775,4817700,68.01,68.74
2023-09-27,"September 27, 23",,,,,,1.91,0.0288,2.88,68.41,68.28,5470000,68.03,67.3025,5470000,66.15,66.37
2023-09-26,"September 26, 23",,,,,,0.02,0.0003021604,0.03021604,67.41,66.21,3620111,65.97,66.4825,3620111,66.12,66.19
2023-09-25,"September 25, 23",,,,,,2.48,0.0388,3.88,67.04,66.48,3214500,66.24,65.38,3214500,64,64
2023-09-22,"September 22, 23",,,,,,0.5,0.0078333,0.78333,64.81,64.33,2278162,64.09,64.1775,2278162,63.74,63.83
2023-09-21,"September 21, 23",,,,,,-0.73,-0.0113,-1.13,64.89,63.89,2174822,63.65,64.2975,2174822,63.79,64.62
2023-09-20,"September 20, 23",,,,,,-1.41,-0.0212,-2.12,66.8,65.01,1797947,64.77,65.7825,1797947,64.9,66.42
2023-09-19,"September 19, 23",,,,,,-0.38,-0.0057143,-0.57143,66.75,66.12,3160581,65.88,66.18,3160581,65.35,66.5
2023-09-18,"September 18, 23",,,,,,0.41,0.0062244,0.62244,66.99,66.28,3205300,66.04,66.2525,3205300,65.87,65.87
2023-09-15,"September 15, 23",,,,,,0.43,0.0065152,0.65152,66.5,66.43,6711139,66.19,66.1275,6711139,65.58,66
2023-09-14,"September 14, 23",,,,,,1.14,0.0176,1.76,66.06,66,3945138,65.76,65.3725,3945138,64.57,64.86
2023-09-13,"September 13, 23",,,,,,-0.59,-0.0090602,-0.90602,65.94,64.53,3612811,64.29,64.95,3612811,64.21,65.12
2023-09-12,"September 12, 23",,,,,,-0.98,-0.0148,-1.48,66.62,65.4,2381800,65.16,65.905,2381800,65.22,66.38
2023-09-11,"September 11, 23",,,,,,1.3,0.0199,1.99,67.35,66.62,3630504,66.37,66.1225,3630504,65.2,65.32
2023-09-08,"September 08, 23",,,,,,-1.02,-0.0155,-1.55,65.99,64.9,3103630,64.66,65.3825,3103630,64.72,65.92
2023-09-07,"September 07, 23",,,,,,-2.19,-0.0322,-3.22,68.17,65.9,2836900,65.66,66.9975,2836900,65.83,68.09
2023-09-06,"September 06, 23",,,,,,-0.53,-0.0078507,-0.78507,68.2,66.98,3140100,66.73,67.1875,3140100,66.06,67.51
2023-09-05,"September 05, 23",,,,,,-1.47,-0.0213,-2.13,69.16,67.66,3773510,67.41,68.34,3773510,67.41,69.13
2023-09-01,"September 01, 23",,,,,,-1.42,-0.0201,-2.01,71.02,69.25,2097300,69,70.01,2097300,69.1,70.67
2023-08-31,"August 31, 23",,,,,,-0.06,-0.0008509431,-0.08509431,71.13,70.45,3573300,70.19,70.4875,3573300,69.86,70.51
2023-08-30,"August 30, 23",,,,,,-0.11,-0.0015603,-0.15603,70.99,70.39,1889200,70.13,70.5275,1889200,70.23,70.5
2023-08-29,"August 29, 23",,,,,,1.15,0.0166,1.66,70.5,70.48,2044326,70.22,69.91,2044326,69.33,69.33
2023-08-28,"August 28, 23",,,,,,0.25,0.00362,0.362,69.66,69.31,2438700,69.05,69.1975,2438700,68.76,69.06
2023-08-25,"August 25, 23",,,,,,0.18,0.0026312,0.26312,68.89,68.59,3096636,68.34,68.375,3096636,67.61,68.41
2023-08-24,"August 24, 23",,,,,,-1.21,-0.0174,-1.74,69.79,68.43,2623200,68.18,69.025,2623200,68.24,69.64
2023-08-23,"August 23, 23",,,,,,0.03,0.0004350348,0.04350348,69.53,68.99,2079500,68.74,69.0725,2079500,68.81,68.96
2023-08-22,"August 22, 23",,,,,,-0.22,-0.0031815,-0.31815,69.4,68.93,2170081,68.68,69.0375,2170081,68.67,69.15
2023-08-21,"August 21, 23",,,,,,-0.36,-0.0051926,-0.51926,69.5,68.97,2807833,68.72,69.1,2807833,68.6,69.33
2023-08-18,"August 18, 23",,,,,,0.16,0.002346,0.2346,68.75,68.36,2929200,68.11,68.3025,2929200,67.9,68.2
2023-08-17,"August 17, 23",,,,,,-2.31,-0.0327,-3.27,70.8,68.39,3791942,68.14,69.5325,3791942,68.24,70.7
2023-08-16,"August 16, 23",,,,,,-0.54,-0.0075832,-0.75832,72.28,70.67,3697400,70.41,71.145,3697400,70.42,71.21
2023-08-15,"August 15, 23",,,,,,-1.21,-0.0169,-1.69,71.75,70.54,2476300,70.28,71.0575,2476300,70.19,71.75
2023-08-14,"August 14, 23",,,,,,0.3,0.0041958,0.41958,71.87,71.8,2601108,71.54,71.505,2601108,70.85,71.5
2023-08-11,"August 11, 23",,,,,,-0.55,-0.0076241,-0.76241,72.14,71.59,2898300,71.33,71.6825,2898300,70.86,72.14
2023-08-10,"August 10, 23",,,,,,-1.95,-0.0263,-2.63,74.58,72.3,3681915,72.03,73.3125,3681915,72.12,74.25
2023-08-09,"August 09, 23",,,,,,0.12,0.001626,0.1626,74.88,73.92,3028421,73.65,74.005,3028421,73.42,73.8
2023-08-08,"August 08, 23",,,,,,-1.36,-0.0181,-1.81,75.47,73.93,2574900,73.66,74.5025,2574900,73.32,75.29
2023-08-07,"August 07, 23",,,,,,-0.51,-0.0067017,-0.67017,76.29,75.59,1668300,75.31,75.7875,1668300,75.17,76.1
2023-08-04,"August 04, 23",,,,,,-0.08,-0.0010529,-0.10529,76.8,75.9,1449828,75.62,76.0775,1449828,75.63,75.98
2023-08-03,"August 03, 23",,,,,,-0.62,-0.0080898,-0.80898,76.69,76.02,2053710,75.74,76.2575,2053710,75.68,76.64
2023-08-02,"August 02, 23",,,,,,-0.73,-0.0094413,-0.94413,77.78,76.59,3073730,76.31,76.96,3073730,76.15,77.32
2023-08-01,"August 01, 23",,,,,,-0.15,-0.001927,-0.1927,78.04,77.69,2127639,77.4,77.6675,2127639,77.1,77.84
2023-07-31,"July 31, 23",,,,,,0.28,0.0036027,0.36027,78.03,78,3917525,77.71,77.505,3917525,76.27,77.72
2023-07-28,"July 28, 23",,,,,,0.63,0.0081564,0.81564,78.32,77.87,2911432,77.58,77.58,2911432,76.89,77.24
2023-07-27,"July 27, 23",,,,,,-1.14,-0.0146,-1.46,78.87,76.86,3224700,76.58,77.495,3224700,76.25,78
2023-07-26,"July 26, 23",,,,,,-2.83,-0.0353,-3.53,80.31,77.43,4148620,77.15,78.8225,4148620,77.29,80.26
2023-07-25,"July 25, 23",,,,,,-0.63,-0.0077932,-0.77932,82.35,80.21,4729500,79.91,80.495,4729500,78.58,80.84
2023-07-24,"July 24, 23",,,,,,-1.85,-0.0224,-2.24,82.68,80.63,4338451,80.33,81.515,4338451,80.27,82.48
2023-07-21,"July 21, 23",,,,,,0.55,0.0067008,0.67008,83.14,82.63,7717732,82.33,82.4675,7717732,82.02,82.08
2023-07-20,"July 20, 23",0.03,0.03,2023-07-21,2023-08-15,2023-06-23,-0.4,-0.0048632,-0.48632,83.15,81.85,3114114,81.55,82.2625,3114114,81.8,82.25
2023-07-19,"July 19, 23",,,,,,-1.03,-0.0124,-1.24,82.94,81.75,2781716,81.42,82.2825,2781716,81.66,82.78
2023-07-18,"July 18, 23",,,,,,1.36,0.0168,1.68,82.9,82.47,2844487,82.14,81.8075,2844487,80.75,81.11
2023-07-17,"July 17, 23",,,,,,-0.55,-0.0067287,-0.67287,82.36,81.19,2343200,80.86,81.5925,2343200,81.08,81.74
2023-07-14,"July 14, 23",,,,,,0.32,0.0039264,0.39264,82.16,81.82,1791900,81.49,81.6775,1791900,81.23,81.5
2023-07-13,"July 13, 23",,,,,,-0.33,-0.0040377,-0.40377,82,81.4,1476326,81.07,81.5075,1476326,80.9,81.73
2023-07-12,"July 12, 23",,,,,,0.4,0.0049207,0.49207,82.66,81.69,2124811,81.36,81.7325,2124811,81.29,81.29
2023-07-11,"July 11, 23",,,,,,0.76,0.009441,0.9441,81.44,81.26,1793345,80.93,80.8525,1793345,80.21,80.5
2023-07-10,"July 10, 23",,,,,,0.53,0.0066143,0.66143,80.78,80.66,2263244,80.33,80.3925,2263244,80,80.13
2023-07-07,"July 07, 23",,,,,,0.64,0.0081033,0.81033,80.11,79.62,2892672,79.3,79.2525,2892672,78.3,78.98
2023-07-06,"July 06, 23",,,,,,-0.88,-0.011,-1.1,80.27,79.12,2596154,78.8,79.5975,2596154,79,80
2023-07-05,"July 05, 23",,,,,,0.28,0.0034839,0.34839,81.29,80.65,2655900,80.32,80.5625,2655900,79.94,80.37
2023-07-03,"July 03, 23",,,,,,-0.72,-0.0088441,-0.88441,81.46,80.69,1086914,80.36,80.865,1086914,79.9,81.41
2023-06-30,"June 30, 23",,,,,,1.82,0.0229,2.29,81.41,81.24,3429545,80.91,80.345,3429545,79.31,79.42
2023-06-29,"June 29, 23",,,,,,1.41,0.0182,1.82,78.7,78.68,1908393,78.36,77.95,1908393,77.15,77.27
2023-06-28,"June 28, 23",,,,,,-0.31,-0.004,-0.4,77.59,77.19,2920500,76.88,77.155,2920500,76.34,77.5
2023-06-27,"June 27, 23",,,,,,-0.88,-0.0113,-1.13,78.35,77.07,3250400,76.76,77.39,3250400,76.19,77.95
2023-06-26,"June 26, 23",,,,,,-2.22,-0.0277,-2.77,80.3,77.8,2500854,77.49,78.965,2500854,77.74,80.02
2023-06-23,"June 23, 23",,,,,,-0.04,-0.0005008765,-0.05008765,80.35,79.82,7973136,79.5,79.76,7973136,79.01,79.86
2023-06-22,"June 22, 23",,,,,,0.27,0.0033775,0.33775,80.75,80.21,2229579,79.89,80.12,2229579,79.58,79.94
2023-06-21,"June 21, 23",,,,,,0.83,0.0105,1.05,80,79.62,2805700,79.3,79.175,2805700,78.29,78.79
2023-06-20,"June 20, 23",,,,,,0.54,0.0068913,0.68913,79.16,78.9,3155435,78.58,78.5425,3155435,77.75,78.36
2023-06-16,"June 16, 23",,,,,,-0.85,-0.0107,-1.07,80.1,78.65,5390613,78.33,79.185,5390613,78.49,79.5
2023-06-15,"June 15, 23",,,,,,0.44,0.0055937,0.55937,79.17,79.1,3277900,78.78,78.7875,3277900,78.22,78.66
2023-06-14,"June 14, 23",,,,,,0.35,0.0044768,0.44768,78.8,78.53,3322600,78.21,78.2475,3322600,77.48,78.18
2023-06-13,"June 13, 23",,,,,,-0.51,-0.0065134,-0.65134,78.45,77.79,4122300,77.48,77.81,4122300,76.7,78.3
2023-06-12,"June 12, 23",,,,,,1.02,0.0132,1.32,78.31,78.27,5545427,77.95,77.6825,5545427,76.9,77.25
2023-06-09,"June 09, 23",,,,,,-1,-0.0128,-1.28,78.5,77.1,4900031,76.79,77.69,4900031,77.06,78.1
2023-06-08,"June 08, 23",,,,,,0.4,0.0051713,0.51713,78.4,77.75,15053967,77.44,77.5625,15053967,76.75,77.35
2023-06-07,"June 07, 23",,,,,,-1.01,-0.0124,-1.24,82.26,80.48,3883928,80.15,81.105,3883928,80.19,81.49
2023-06-06,"June 06, 23",,,,,,4.93,0.0632,6.32,83.18,82.93,23800615,82.59,80.4775,23800615,77.8,78
2023-06-05,"June 05, 23",,,,,,0.58,0.0072582,0.72582,80.72,80.49,1416724,80.16,79.975,1416724,78.78,79.91
2023-06-02,"June 02, 23",,,,,,-0.33,-0.0041096,-0.41096,80.87,79.97,2404589,79.65,80.26,2404589,79.9,80.3
2023-06-01,"June 01, 23",,,,,,0.1,0.0012542,0.12542,80.1,79.83,2355665,79.51,79.6375,2355665,78.89,79.73
2023-05-31,"May 31, 23",,,,,,0.97,0.0124,1.24,79.73,79.51,4501500,79.19,78.88,4501500,77.74,78.54
2023-05-30,"May 30, 23",,,,,,-0.29,-0.0037061,-0.37061,79.05,77.96,1775800,77.65,78.1675,1775800,77.41,78.25
2023-05-26,"May 26, 23",,,,,,-1.34,-0.0168,-1.68,80.2,78.43,2250436,78.11,79.1925,2250436,78.37,79.77
2023-05-25,"May 25, 23",,,,,,3.33,0.0435,4.35,80.06,79.86,3127809,79.54,78.015,3127809,75.61,76.53
2023-05-24,"May 24, 23",,,,,,-0.44,-0.0057165,-0.57165,77.14,76.53,1431903,76.22,76.68,1431903,76.08,76.97
2023-05-23,"May 23, 23",,,,,,-1.77,-0.0224,-2.24,79.77,77.19,1382400,76.88,78.245,1382400,77.06,78.96
2023-05-22,"May 22, 23",0.03,0.03,2023-05-23,2023-06-15,2023-04-25,-0.27,-0.0034026,-0.34026,79.42,79.08,1357700,78.76,79.14,1357700,78.71,79.35
2023-05-19,"May 19, 23",,,,,,-0.75,-0.0093645,-0.93645,81.09,79.34,1312933,78.99,79.91,1312933,79.12,80.09
2023-05-18,"May 18, 23",,,,,,-0.73,-0.0090773,-0.90773,81.13,79.69,1483500,79.34,80.115,1483500,79.22,80.42
2023-05-17,"May 17, 23",,,,,,2.37,0.0304,3.04,80.61,80.3,3716300,79.95,78.7625,3716300,76.21,77.93
2023-05-16,"May 16, 23",,,,,,2.51,0.0333,3.33,78.27,77.78,2669114,77.44,76.635,2669114,75.22,75.27
2023-05-15,"May 15, 23",,,,,,-0.17,-0.0022636,-0.22636,75.56,74.93,1188031,74.6,75.0725,1188031,74.7,75.1
2023-05-12,"May 12, 23",,,,,,0.03,0.0004005875,0.04005875,75.01,74.92,2577800,74.59,74.7725,2577800,74.27,74.89
2023-05-11,"May 11, 23",,,,,,-0.72,-0.00951,-0.951,75.71,74.99,1505003,74.66,75.28,1505003,74.71,75.71
2023-05-10,"May 10, 23",,,,,,-0.6,-0.0078431,-0.78431,76.76,75.9,1792937,75.57,76.0325,1792937,74.97,76.5
2023-05-09,"May 09, 23",,,,,,-2.18,-0.0278,-2.78,78.79,76.37,2499728,76.03,77.4575,2499728,76.12,78.55
2023-05-08,"May 08, 23",,,,,,0.54,0.0068458,0.68458,79.49,79.42,842342,79.07,79.1,842342,78.61,78.88
2023-05-05,"May 05, 23",,,,,,0.49,0.006242,0.6242,79.53,78.99,1077640,78.64,78.88,1077640,78.5,78.5
2023-05-04,"May 04, 23",,,,,,-1.36,-0.0171,-1.71,80.26,78.26,1751465,77.91,78.9575,1751465,77.69,79.62
2023-05-03,"May 03, 23",,,,,,1.24,0.0158,1.58,80.42,79.71,1748900,79.36,79.155,1748900,78.02,78.47
2023-05-02,"May 02, 23",,,,,,-1.88,-0.0234,-2.34,80.65,78.46,1879100,78.11,79.335,1879100,77.89,80.34
2023-05-01,"May 01, 23",,,,,,-0.3,-0.0037,-0.37,81.73,80.78,1355960,80.42,81.0775,1355960,80.72,81.08
2023-04-28,"April 28, 23",,,,,,0.14,0.0017241,0.17241,81.73,81.34,1617659,80.98,81.32,1617659,81.01,81.2
2023-04-27,"April 27, 23",,,,,,0.7,0.0086612,0.86612,81.54,81.52,1557122,81.16,81.125,1557122,80.62,80.82
2023-04-26,"April 26, 23",,,,,,0.39,0.0048915,0.48915,80.27,80.12,3489500,79.77,79.42,3489500,77.56,79.73
2023-04-25,"April 25, 23",,,,,,-3.11,-0.0372,-3.72,83.5,80.39,7291417,80.04,81.5425,7291417,78.78,83.5
2023-04-24,"April 24, 23",,,,,,1.19,0.0137,1.37,87.83,87.79,2693549,87.4,87.1,2693549,86.18,86.6
2023-04-21,"April 21, 23",,,,,,1.28,0.015,1.5,86.52,86.48,1850600,86.1,85.8225,1850600,85.09,85.2
2023-04-20,"April 20, 23",,,,,,-0.37,-0.0043341,-0.43341,86.32,85,1634914,84.63,85.3425,1634914,84.68,85.37
2023-04-19,"April 19, 23",,,,,,1.96,0.0234,2.34,86.88,85.75,2422919,85.37,85.0425,2422919,83.75,83.79
2023-04-18,"April 18, 23",,,,,,0.87,0.0105,1.05,84.16,83.66,1522137,83.29,83.35,1522137,82.79,82.79
2023-04-17,"April 17, 23",,,,,,0.55,0.0066934,0.66934,83.24,82.72,861019,82.36,82.5325,861019,82,82.17
2023-04-14,"April 14, 23",,,,,,-0.08,-0.000970285,-0.0970285,83.28,82.37,1163806,82.01,82.52,1163806,81.98,82.45
2023-04-13,"April 13, 23",,,,,,1.29,0.0158,1.58,83.17,82.94,1252800,82.57,82.285,1252800,81.38,81.65
2023-04-12,"April 12, 23",,,,,,0.745,0.0091347,0.91347,81.9,81.75,1232087,81.39,81.3175,1232087,80.61,81.01
2023-04-11,"April 11, 23",,,,,,0,0,0,80.69,80.59,1167092,80.23,80.4575,1167092,79.96,80.59
2023-04-10,"April 10, 23",,,,,,0.66,0.0082572,0.82572,80.63,80.59,1579274,80.23,80.2125,1579274,79.7,79.93
2023-04-06,"April 06, 23",,,,,,-0.81,-0.01,-1,81.06,80.16,1356746,79.81,80.57,1356746,80.09,80.97
2023-04-05,"April 05, 23",,,,,,-0.38,-0.0046626,-0.46626,81.8,81.12,1410626,80.76,81.2675,1410626,80.65,81.5
2023-04-04,"April 04, 23",,,,,,-0.41,-0.005,-0.5,82.16,81.59,1552706,81.23,81.805,1552706,81.47,82
2023-04-03,"April 03, 23",,,,,,-0.19,-0.0023171,-0.23171,82.62,81.81,1913226,81.45,81.975,1913226,81.47,82
2023-03-31,"March 31, 23",,,,,,-0.22,-0.0026748,-0.26748,82.59,82.03,1916325,81.67,82.1125,1916325,81.58,82.25
2023-03-30,"March 30, 23",,,,,,2.36,0.0296,2.96,82.29,82.14,2188987,81.78,80.9275,2188987,79.5,79.78
2023-03-29,"March 29, 23",,,,,,1.88,0.0243,2.43,79.47,79.24,1786006,78.89,78.2825,1786006,77.06,77.36
2023-03-28,"March 28, 23",,,,,,0.52,0.0068081,0.68081,76.94,76.9,760966,76.56,76.5925,760966,76.15,76.38
2023-03-27,"March 27, 23",,,,,,-0.44,-0.0057277,-0.57277,77.46,76.38,1196641,76.04,76.7325,1196641,76.27,76.82
2023-03-24,"March 24, 23",,,,,,1.2,0.0159,1.59,76.49,76.46,1154874,76.12,75.775,1154874,74.89,75.26
2023-03-23,"March 23, 23",,,,,,0.3,0.0039783,0.39783,76.71,75.71,1393902,75.38,75.675,1393902,74.87,75.41
2023-03-22,"March 22, 23",,,,,,-2.09,-0.0272,-2.72,77.05,74.77,1549809,74.44,75.8475,1549809,74.71,76.86
2023-03-21,"March 21, 23",,,,,,0.87,0.0115,1.15,76.68,76.52,1401647,76.18,76.0875,1401647,75.5,75.65
2023-03-20,"March 20, 23",,,,,,-0.29,-0.0038416,-0.38416,75.81,75.2,1714192,74.87,75.2525,1714192,74.51,75.49
2023-03-17,"March 17, 23",,,,,,-1.02,-0.0133,-1.33,77.54,75.84,5803300,75.51,76.4175,5803300,75.43,76.86
2023-03-16,"March 16, 23",,,,,,0.66,0.0086888,0.86888,77.45,76.62,1629815,76.28,76.445,1629815,75.75,75.96
2023-03-15,"March 15, 23",,,,,,0.83,0.0109,1.09,76.81,76.76,2326244,76.42,76.2725,2326244,75.59,75.93
2023-03-14,"March 14, 23",,,,,,0.45,0.0058678,0.58678,78.76,77.14,1992300,76.8,77.235,1992300,76.35,76.69
2023-03-13,"March 13, 23",,,,,,1.29,0.0172,1.72,77.48,76.24,2272243,75.9,75.6775,2272243,74.04,74.95
2023-03-10,"March 10, 23",,,,,,-0.91,-0.012,-1.2,76.53,74.97,3388615,74.64,75.47,3388615,74.5,75.88
2023-03-09,"March 09, 23",,,,,,-0.62,-0.0080519,-0.80519,77.4,76.38,1684120,76.04,76.67,1684120,75.9,77
2023-03-08,"March 08, 23",,,,,,0.38,0.0049836,0.49836,77.4,76.63,1641300,76.29,76.595,1641300,76.1,76.25
2023-03-07,"March 07, 23",,,,,,-0.11,-0.0014405,-0.14405,76.83,76.25,1709400,75.91,76.3425,1709400,75.93,76.36
2023-03-06,"March 06, 23",,,,,,0.77,0.0101,1.01,77.16,76.68,1874143,76.34,76.3625,1874143,75.7,75.91
2023-03-03,"March 03, 23",,,,,,0.84,0.0111,1.11,76.9,76.37,2082709,76.03,75.98,2082709,75.12,75.53
2023-03-02,"March 02, 23",,,,,,0.25,0.0033427,0.33427,75.47,75.04,1392001,74.71,74.95,1392001,74.5,74.79
2023-03-01,"March 01, 23",,,,,,-0.07,-0.0009287515,-0.09287515,75.74,75.3,2534320,74.97,75.355,2534320,75.01,75.37
2023-02-28,"February 28, 23",,,,,,-0.04,-0.0005260389,-0.05260389,76.34,76,3511846,75.66,75.92,3511846,75.3,76.04
2023-02-27,"February 27, 23",,,,,,1.04,0.0139,1.39,76.98,76.04,2139676,75.7,75.6475,2139676,74.57,75
2023-02-24,"February 24, 23",,,,,,0.17,0.0022715,0.22715,75.77,75.01,2102900,74.68,74.96,2102900,74.22,74.84
2023-02-23,"February 23, 23",,,,,,3.46,0.0478,4.78,76.21,75.9,3763223,75.57,74.2075,3763223,72.28,72.44
2023-02-22,"February 22, 23",,,,,,-0.33,-0.0045662,-0.45662,73,71.94,2010200,71.62,72.0125,2010200,70.84,72.27
2023-02-21,"February 21, 23",,,,,,-0.15,-0.0020655,-0.20655,73.1,72.47,1835500,72.15,72.61,1835500,72.25,72.62
2023-02-17,"February 17, 23",,,,,,2.2,0.031,3.1,73.48,73.17,2408606,72.85,72.1275,2408606,70.89,70.97
2023-02-16,"February 16, 23",,,,,,-0.69,-0.0096369,-0.96369,71.82,70.91,1829424,70.6,71.1675,1829424,70.34,71.6
2023-02-15,"February 15, 23",,,,,,-0.38,-0.005227,-0.5227,73.54,72.32,1773152,72,72.57,1773152,71.72,72.7
2023-02-14,"February 14, 23",,,,,,3.66,0.0531,5.31,73.17,72.61,3036143,72.29,70.86,3036143,68.71,68.95
2023-02-13,"February 13, 23",,,,,,0.91,0.0133,1.33,69.87,69.43,2223241,69.12,68.9325,2223241,67.91,68.52
2023-02-10,"February 10, 23",,,,,,1.04,0.0152,1.52,69.54,69.24,1968100,68.93,68.7925,1968100,68.19,68.2
2023-02-09,"February 09, 23",,,,,,-1.84,-0.0262,-2.62,70.98,68.41,1186247,68.11,69.4625,1186247,68.21,70.25
2023-02-08,"February 08, 23",,,,,,-1.04,-0.0146,-1.46,71.42,70.17,1111919,69.86,70.705,1111919,70.02,71.21
2023-02-07,"February 07, 23",,,,,,0.05,0.0006985191,0.06985191,72.2,71.63,1932300,71.31,71.6275,1932300,71.1,71.58
2023-02-06,"February 06, 23",,,,,,1.95,0.0279,2.79,72.35,71.86,2227400,71.54,70.915,2227400,69.54,69.91
2023-02-03,"February 03, 23",,,,,,0.92,0.0132,1.32,70.63,70.55,3075109,70.24,69.9775,3075109,69.1,69.63
2023-02-02,"February 02, 23",,,,,,1.06,0.0152,1.52,71.89,70.65,2776000,70.34,70.2825,2776000,69,69.59
2023-02-01,"February 01, 23",,,,,,1.01,0.0146,1.46,70.74,70.01,2698934,69.7,69.32,2698934,67.53,69
2023-01-31,"January 31, 23",,,,,,-1.49,-0.021,-2.1,71.11,69.52,3084300,69.21,70.035,3084300,68.5,71.01
2023-01-30,"January 30, 23",,,,,,3.09,0.0452,4.52,73.95,71.5,4259947,71.18,70.445,4259947,67.92,68.41
2023-01-27,"January 27, 23",,,,,,1.22,0.0177,1.77,70.51,70.08,2810636,69.77,69.4525,2810636,68.36,68.86
2023-01-26,"January 26, 23",,,,,,0.71,0.0104,1.04,69.45,69.22,2075900,68.91,68.745,2075900,67.8,68.51
2023-01-25,"January 25, 23",,,,,,0.25,0.0036518,0.36518,69.7,68.71,2802100,68.41,68.455,2802100,66.95,68.46
2023-01-24,"January 24, 23",,,,,,0.57,0.0082573,0.82573,70.63,69.6,2591000,69.29,69.4925,2591000,68.71,69.03
2023-01-23,"January 23, 23",,,,,,2.17,0.0322,3.22,69.91,69.52,3724100,69.21,68.39,3724100,66.78,67.35
2023-01-20,"January 20, 23",,,,,,2.81,0.0439,4.39,67.82,66.77,4001600,66.48,65.5225,4001600,63.54,63.96
2023-01-19,"January 19, 23",,,,,,2.61,0.0426,4.26,64.5,63.94,2585604,63.66,62.7675,2585604,61.3,61.33
2023-01-18,"January 18, 23",,,,,,-1.12,-0.0177,-1.77,63.5,62.08,2610300,61.81,62.6925,2610300,61.99,63.2
2023-01-17,"January 17, 23",,,,,,-0.61,-0.0095402,-0.95402,65.73,63.33,3774703,63.05,64.065,3774703,63.26,63.94
2023-01-13,"January 13, 23",,,,,,0.44,0.0067692,0.67692,65.5,65.44,3772100,65.15,64.92,3772100,63.74,65
2023-01-12,"January 12, 23",,,,,,-0.44,-0.0066576,-0.66576,66.52,65.65,5819815,65.36,65.48,5819815,63.66,66.09
2023-01-11,"January 11, 23",,,,,,4.55,0.0753,7.53,66.38,64.99,9219400,64.7,62.9725,9219400,60.08,60.44
2023-01-10,"January 10, 23",,,,,,0.85,0.0144,1.44,60.06,60,6663000,59.74,59.3175,6663000,58.06,59.15
2023-01-09,"January 09, 23",,,,,,-0.69,-0.0117,-1.17,59.98,58.1,5288931,57.84,58.65,5288931,57.73,58.79
2023-01-06,"January 06, 23",,,,,,-0.73,-0.0122,-1.22,59.94,58.95,5902804,58.69,59.11,5902804,57.87,59.68
2023-01-05,"January 05, 23",,,,,,-1.64,-0.027,-2.7,62.98,59,8850600,58.74,60.19,8850600,58.14,60.64
2023-01-04,"January 04, 23",,,,,,6.36,0.1175,11.75,60.71,60.49,33338528,60.22,57.2075,33338528,53.5,54.13
2023-01-03,"January 03, 23",,,,,,-4.68,-0.0771,-7.71,60.68,56,1794102,55.75,58.3075,1794102,55.87,60.68
2022-12-30,"December 30, 22",,,,,,-0.36,-0.0061287,-0.61287,59,58.38,351145,58.12,58.4625,351145,57.73,58.74
2022-12-29,"December 29, 22",,,,,,-0.5,-0.008547,-0.8547,58.78,58,374807,57.74,58.2575,374807,57.75,58.5
2022-12-28,"December 28, 22",,,,,,-0.43,-0.0074228,-0.74228,58,57.5,515235,57.25,57.6075,515235,57,57.93
2022-12-27,"December 27, 22",,,,,,-0.53,-0.0091411,-0.91411,58.99,57.45,26524,57.2,57.95,26524,57.38,57.98
2022-12-23,"December 23, 22",,,,,,-0.59,-0.0102,-1.02,60.65,57.5,125800,57.25,58.31,125800,57,58.09
2022-12-22,"December 22, 22",,,,,,-0.83,-0.0142,-1.42,61.02,57.6,3253239,57.35,58.5125,3253239,57,58.43
2022-12-21,"December 21, 22",,,,,,-2.04,-0.0346,-3.46,66.28,56.96,290700,56.71,59.435,290700,55.5,59
2022-12-20,"December 20, 22",,,,,,-0.79,-0.0136,-1.36,58,57.21,22207,56.96,57.4925,22207,56.76,58
2022-12-19,"December 19, 22",,,,,,3.5,0.066,6.6,58.99,56.5,117213,56.25,55.3725,117213,53,53
2022-12-16,"December 16, 22",,,,,,-3.26,-0.0543,-5.43,60,56.74,2307500,56.49,57.935,2307500,55,60
2022-12-15,"December 15, 22",,,,,,-3,-0.0476,-4.76,63,60,1318232,59.74,61.5,1318232,60,63
