date,open,high,low,close,adjClose,volume,unadjustedVolume,change,changePercent,vwap,label,changeOverTime,dividend,recordDate,declarationDate,adjDividend,paymentDate
2026-01-02,17.27,17.42,17.18,17.32,17.32,33294710,33294710,0.05,0.28952,17.2975,"January 02, 26",0.0028952,,,,,
2025-12-31,17.32,17.37,17.25,17.25,17.25,12844398,12844398,-0.07,-0.40416,17.2975,"December 31, 25",-0.0040416,,,,,
2025-12-30,17.2,17.36,17.17,17.34,17.34,14425336,14425336,0.135,0.81395,17.2675,"December 30, 25",0.0081395,,,,,
2025-12-29,17.21,17.3,17.16,17.19,17.19,22675939,22675939,-0.02,-0.11621,17.215,"December 29, 25",-0.0011621,,,,,
2025-12-26,17.17,17.31,17.15,17.19,17.19,15562000,15562000,0.02,0.11648,17.205,"December 26, 25",0.0011648,,,,,
2025-12-24,17,17.24,17,17.21,17.21,14126804,14126804,0.21,1.24,17.1125,"December 24, 25",0.0124,,,,,
2025-12-23,17.01,17.12,16.93,17.02,17.02,27073500,27073500,0.01,0.05878895,17.02,"December 23, 25",0.0005878895,,,,,
2025-12-22,16.98,17.07,16.93,17.01,17.01,33898848,33898848,0.03,0.17668,16.9975,"December 22, 25",0.0017668,,,,,
2025-12-19,17.16,17.16,16.96,17.02,17.02,49715800,49715800,-0.14,-0.81585,17.075,"December 19, 25",-0.0081585,,,,,
2025-12-18,17.28,17.4,17.07,17.1,17.1,53627200,53627200,-0.18,-1.04,17.2125,"December 18, 25",-0.0104,,,,,
2025-12-17,17.27,17.48,17.25,17.28,17.28,38076600,38076600,0.01,0.05790388,17.32,"December 17, 25",0.0005790388,,,,,
2025-12-16,17.38,17.44,17.14,17.25,17.25,24567300,24567300,-0.13,-0.74799,17.3025,"December 16, 25",-0.0074799,,,,,
2025-12-15,17.35,17.38,17.18,17.21,17.21,46841600,46841600,-0.14,-0.80692,17.28,"December 15, 25",-0.0080692,,,,,
2025-12-12,17.4,17.49,17.3,17.33,17.33,46965300,46965300,-0.07,-0.4023,17.38,"December 12, 25",-0.004023,,,,,
2025-12-11,17.32,17.59,17.24,17.32,17.32,57405326,57405326,0,0,17.3675,"December 11, 25",0,,,,,
2025-12-10,17,17.35,16.98,17.32,17.32,34842800,34842800,0.32,1.88,17.1625,"December 10, 25",0.0188,,,,,
2025-12-09,16.78,17.08,16.76,17.02,17.02,37343429,37343429,0.24,1.43,16.91,"December 09, 25",0.0143,,,,,
2025-12-08,16.87,16.91,16.7,16.76,16.76,25717700,25717700,-0.11,-0.65205,16.81,"December 08, 25",-0.0065205,,,,,
2025-12-05,16.93,17.09,16.83,16.93,16.93,21148108,21148108,0,0,16.945,"December 05, 25",0,,,,,
2025-12-04,16.95,17.19,16.92,16.99,16.99,38194804,38194804,0.04,0.23599,17.0125,"December 04, 25",0.0023599,,,,,
2025-12-03,16.95,17.05,16.75,16.97,16.97,41596405,41596405,0.02,0.11799,16.93,"December 03, 25",0.0011799,,,,,
2025-12-02,17.12,17.15,16.83,16.86,16.86,30997130,30997130,-0.26,-1.52,16.99,"December 02, 25",-0.0152,,,,,
2025-12-01,17.3,17.55,17.21,17.22,17.22,26675100,26675100,-0.075,-0.46243,17.32,"December 01, 25",-0.0046243,,,,,
2025-11-28,17.2,17.41,17.16,17.35,17.35,9197800,9197800,0.15,0.87209,17.28,"November 28, 25",0.0087209,,,,,
2025-11-26,16.98,17.47,16.96,17.22,17.22,46265501,46265501,0.24,1.41,17.1575,"November 26, 25",0.0141,,,,,
2025-11-25,16.8,17.06,16.76,17.03,17.03,46709500,46709500,0.23,1.37,16.9125,"November 25, 25",0.0137,,,,,
2025-11-24,16.62,16.91,16.48,16.76,16.76,69858406,69858406,0.14,0.84236,16.6925,"November 24, 25",0.0084236,,,,,
2025-11-21,16.25,16.75,16.2,16.64,16.64,46900013,46900013,0.39,2.4,16.46,"November 21, 25",0.024,,,,,
2025-11-20,16.12,16.45,16.07,16.15,16.15,27266945,27266945,0.03,0.1861,16.1975,"November 20, 25",0.001861,,,,,
2025-11-19,16.24,16.28,16,16.06,16.06,30635644,30635644,-0.18,-1.11,16.145,"November 19, 25",-0.0111,,,,,
2025-11-18,16.44,16.61,16.1,16.23,16.23,44935300,44935300,-0.21,-1.28,16.345,"November 18, 25",-0.0128,,,,,
2025-11-17,16.69,17.24,15.94,16.24,16.24,54955616,54955616,-0.45,-2.7,16.5275,"November 17, 25",-0.027,,,,,
2025-11-14,16.82,16.98,16.64,16.66,16.66,34737941,34737941,-0.16,-0.95125,16.775,"November 14, 25",-0.0095125,,,,,
2025-11-13,16.79,17.06,16.75,16.77,16.77,30762139,30762139,-0.02,-0.11912,16.8425,"November 13, 25",-0.0011912,,,,,
2025-11-12,16.66,17.04,16.61,16.67,16.67,34933502,34933502,0.01,0.06002401,16.745,"November 12, 25",0.0006002401,0.2075,2025-11-12,2025-10-29,0.2075,2025-11-26
2025-11-11,16.78,17.04,16.7,16.72,16.51,28741500,28741500,-0.06,-0.35757,16.81,"November 11, 25",-0.0035757,,,,,
2025-11-10,16.74,16.89,16.47,16.77,16.56,43689201,43689201,0.03,0.17921,16.7175,"November 10, 25",0.0017921,,,,,
2025-11-07,16.51,17.04,16.49,16.88,16.67,47283831,47283831,0.37,2.24,16.73,"November 07, 25",0.0224,,,,,
2025-11-06,16.22,16.74,16.2,16.46,16.26,63905400,63905400,0.24,1.48,16.405,"November 06, 25",0.0148,,,,,
2025-11-05,16.01,16.45,15.95,16.23,16.03,59492842,59492842,0.22,1.37,16.16,"November 05, 25",0.0137,,,,,
2025-11-04,16.13,16.43,15.88,15.97,15.77,82978500,82978500,-0.16,-0.99194,16.1025,"November 04, 25",-0.0099194,,,,,
2025-11-03,17.07,17.18,16.14,16.14,15.94,203526000,203526000,-0.925,-5.45,16.6325,"November 03, 25",-0.0545,,,,,
2025-10-31,14.24,14.41,14.06,14.37,14.19,46602300,46602300,0.13,0.91292,14.27,"October 31, 25",0.0091292,,,,,
2025-10-30,14.36,14.37,14.02,14.24,14.06,34414137,34414137,-0.12,-0.83565,14.2475,"October 30, 25",-0.0083565,,,,,
2025-10-29,14.34,15.08,14.09,14.31,14.13,64351200,64351200,-0.03,-0.20921,14.455,"October 29, 25",-0.0020921,,,,,
2025-10-28,14.9,14.93,14.43,14.51,14.33,29928100,29928100,-0.39,-2.62,14.6925,"October 28, 25",-0.0262,,,,,
2025-10-27,15.1,15.23,14.89,15.08,14.89,18913813,18913813,-0.02,-0.13245,15.075,"October 27, 25",-0.0013245,,,,,
2025-10-24,15.24,15.33,14.98,15,14.81,20455000,20455000,-0.24,-1.57,15.1375,"October 24, 25",-0.0157,,,,,
2025-10-23,15.16,15.25,15,15.09,14.9,20422408,20422408,-0.07,-0.46174,15.125,"October 23, 25",-0.0046174,,,,,
2025-10-22,14.94,15.54,14.87,15.19,15,23711627,23711627,0.25,1.67,15.135,"October 22, 25",0.0167,,,,,
2025-10-21,15.1,15.25,14.81,14.93,14.74,25586000,25586000,-0.17,-1.13,15.0225,"October 21, 25",-0.0113,,,,,
2025-10-20,15.17,15.26,14.88,14.96,14.77,29629300,29629300,-0.21,-1.38,15.0675,"October 20, 25",-0.0138,,,,,
2025-10-17,14.22,15.58,14.22,15.29,15.1,51896500,51896500,1.07,7.52,14.8275,"October 17, 25",0.0752,,,,,
2025-10-16,16.28,16.43,14.05,14.11,13.93,87211200,87211200,-2.17,-13.33,15.2175,"October 16, 25",-0.1333,,,,,
2025-10-15,16.2,16.73,16.18,16.26,16.06,16035800,16035800,0.06,0.37037,16.3425,"October 15, 25",0.0037037,,,,,
2025-10-14,16.2,16.41,15.99,16.15,15.95,17858800,17858800,-0.05,-0.30864,16.1875,"October 14, 25",-0.0030864,,,,,
2025-10-13,16.56,16.65,16.14,16.22,16.02,23283000,23283000,-0.34,-2.05,16.3925,"October 13, 25",-0.0205,,,,,
2025-10-10,16.85,16.95,16.57,16.65,16.44,21210926,21210926,-0.2,-1.19,16.755,"October 10, 25",-0.0119,,,,,
2025-10-09,16.17,16.85,16.06,16.84,16.63,39063200,39063200,0.67,4.14,16.48,"October 09, 25",0.0414,,,,,
2025-10-08,16.1,16.29,16.02,16.08,15.88,18797516,18797516,-0.02,-0.12422,16.1225,"October 08, 25",-0.0012422,,,,,
2025-10-07,15.73,16.3,15.64,16.22,16.02,31078400,31078400,0.49,3.12,15.9725,"October 07, 25",0.0312,,,,,
2025-10-06,15.83,15.92,15.65,15.69,15.49,25054735,25054735,-0.14,-0.8844,15.7725,"October 06, 25",-0.008844,,,,,
2025-10-03,15.77,15.96,15.6,15.81,15.61,22120200,22120200,0.04,0.25365,15.785,"October 03, 25",0.0025365,,,,,
2025-10-02,15.92,15.94,15.47,15.73,15.53,30873300,30873300,-0.19,-1.19,15.765,"October 02, 25",-0.0119,,,,,
2025-10-01,16.22,16.4,15.82,15.85,15.65,50561200,50561200,-0.37,-2.28,16.0725,"October 01, 25",-0.0228,,,,,
2025-09-30,16.36,16.52,16.16,16.23,16.03,37973631,37973631,-0.13,-0.79462,16.3175,"September 30, 25",-0.0079462,,,,,
2025-09-29,16.5,16.6,16.13,16.34,16.13,39463507,39463507,-0.16,-0.9697,16.3925,"September 29, 25",-0.009697,,,,,
2025-09-26,16.42,16.56,16.07,16.42,16.21,51681100,51681100,0,0,16.3675,"September 26, 25",0,,,,,
2025-09-25,16.96,17.03,16.14,16.17,15.97,61109031,61109031,-0.79,-4.66,16.575,"September 25, 25",-0.0466,,,,,
2025-09-24,17.51,17.51,16.53,16.86,16.65,52306400,52306400,-0.65,-3.71,17.1025,"September 24, 25",-0.0371,,,,,
2025-09-23,17.9,18.19,17.22,17.24,17.02,68556700,68556700,-0.66,-3.69,17.6375,"September 23, 25",-0.0369,,,,,
2025-09-22,17.71,17.96,16.89,16.97,16.76,76034200,76034200,-0.74,-4.18,17.3825,"September 22, 25",-0.0418,,,,,
2025-09-19,18.21,18.59,18.05,18.34,18.11,49475616,49475616,0.13,0.71389,18.2975,"September 19, 25",0.0071389,,,,,
2025-09-18,18.18,18.53,18.05,18.1,17.87,27556700,27556700,-0.08,-0.44004,18.215,"September 18, 25",-0.0044004,,,,,
2025-09-17,18.13,18.61,18.02,18.34,18.11,17820701,17820701,0.21,1.16,18.275,"September 17, 25",0.0116,,,,,
2025-09-16,18.35,18.58,18,18.13,17.9,19689009,19689009,-0.22,-1.2,18.265,"September 16, 25",-0.012,,,,,
2025-09-15,18.99,19.01,18.09,18.25,18.02,24893300,24893300,-0.74,-3.9,18.585,"September 15, 25",-0.039,,,,,
2025-09-12,18.82,19.42,18.77,18.99,18.75,26731012,26731012,0.17,0.90329,19,"September 12, 25",0.0090329,,,,,
2025-09-11,18.43,19.04,18.41,18.85,18.61,22265503,22265503,0.42,2.28,18.6825,"September 11, 25",0.0228,,,,,
2025-09-10,18.88,18.95,18.05,18.47,18.24,25229000,25229000,-0.41,-2.17,18.5875,"September 10, 25",-0.0217,,,,,
2025-09-09,18.5,18.97,18.12,18.87,18.63,39520408,39520408,0.37,2,18.615,"September 09, 25",0.02,,,,,
2025-09-08,18.75,18.93,18.2,18.43,18.2,56135000,56135000,-0.32,-1.71,18.5775,"September 08, 25",-0.0171,,,,,
2025-09-05,20.51,20.69,17.15,18.62,18.39,135445400,135445400,-1.89,-9.22,19.2425,"September 05, 25",-0.0922,,,,,
2025-09-04,20.53,20.57,20.26,20.54,20.28,16966416,16966416,0.01,0.04870921,20.475,"September 04, 25",0.0004870921,,,,,
2025-09-03,20.69,20.79,20.41,20.45,20.19,19118200,19118200,-0.24,-1.16,20.585,"September 03, 25",-0.0116,,,,,
2025-09-02,20.66,20.82,20.59,20.78,20.52,11719939,11719939,0.12,0.58083,20.7125,"September 02, 25",0.0058083,,,,,
2025-08-29,20.55,20.76,20.5,20.71,20.45,10307449,10307449,0.16,0.77859,20.63,"August 29, 25",0.0077859,,,,,
2025-08-28,20.77,20.81,20.43,20.54,20.28,13467600,13467600,-0.23,-1.11,20.6375,"August 28, 25",-0.0111,,,,,
2025-08-27,20.78,20.95,20.71,20.75,20.49,16465143,16465143,-0.03,-0.14437,20.7975,"August 27, 25",-0.0014437,,,,,
2025-08-26,21.26,21.4,20.75,20.79,20.53,18006000,18006000,-0.47,-2.21,21.05,"August 26, 25",-0.0221,,,,,
2025-08-25,21.54,21.63,21.16,21.19,20.92,8122907,8122907,-0.35,-1.62,21.38,"August 25, 25",-0.0162,,,,,
2025-08-22,21.51,21.78,21.48,21.61,21.34,8620507,8620507,0.1,0.4649,21.595,"August 22, 25",0.004649,,,,,
2025-08-21,21.43,21.59,21.35,21.44,21.17,8979431,8979431,0.01,0.04666356,21.4525,"August 21, 25",0.0004666356,,,,,
2025-08-20,21.57,21.85,21.4,21.63,21.36,10076900,10076900,0.06,0.27816,21.6125,"August 20, 25",0.0027816,,,,,
2025-08-19,21.2,21.54,21.09,21.49,21.22,13902136,13902136,0.29,1.37,21.33,"August 19, 25",0.0137,,,,,
2025-08-18,21.18,21.29,20.97,21.1,20.83,13241000,13241000,-0.08,-0.37771,21.135,"August 18, 25",-0.0037771,,,,,
2025-08-15,21.2,21.29,21,21.2,20.93,16054010,16054010,0,0,21.1725,"August 15, 25",0,,,,,
2025-08-14,21.56,21.6,20.83,21.06,20.8,17355560,17355560,-0.5,-2.32,21.2625,"August 14, 25",-0.0232,,,,,
2025-08-13,21.76,21.96,21.38,21.71,21.44,12908897,12908897,-0.05,-0.22978,21.7025,"August 13, 25",-0.0022978,0.2075,2025-08-13,2025-07-30,0.2075,2025-08-27
2025-08-12,21.25,21.93,20.99,21.9,21.42,16072123,16072123,0.65,3.06,21.5175,"August 12, 25",0.0306,,,,,
2025-08-11,21.38,21.44,20.97,21.22,20.75,18729426,18729426,-0.16,-0.74836,21.2525,"August 11, 25",-0.0074836,,,,,
2025-08-08,21.62,21.83,20.96,21.34,20.87,25925069,25925069,-0.28,-1.3,21.4375,"August 08, 25",-0.013,,,,,
2025-08-07,21.38,21.96,21.12,21.76,21.28,30407559,30407559,0.38,1.78,21.555,"August 07, 25",0.0178,,,,,
2025-08-06,21.68,21.78,21.41,21.44,20.97,32966724,32966724,-0.24,-1.11,21.5775,"August 06, 25",-0.0111,,,,,
2025-08-05,22.14,22.22,21.64,21.64,21.17,18069138,18069138,-0.5,-2.26,21.91,"August 05, 25",-0.0226,,,,,
2025-08-04,21.44,22.29,21.42,22.18,21.69,32707686,32707686,0.74,3.45,21.8325,"August 04, 25",0.0345,,,,,
2025-08-01,21.71,21.75,21.41,21.59,21.12,13846400,13846400,-0.12,-0.55274,21.615,"August 01, 25",-0.0055274,,,,,
2025-07-31,21.48,21.86,21.33,21.44,20.97,29026400,29026400,-0.04,-0.18622,21.5275,"July 31, 25",-0.0018622,,,,,
2025-07-30,22.18,22.35,21.67,21.68,21.2,15348522,15348522,-0.5,-2.25,21.97,"July 30, 25",-0.0225,,,,,
2025-07-29,22.38,22.44,21.53,22.17,21.68,28088900,28088900,-0.21,-0.93834,22.13,"July 29, 25",-0.0093834,,,,,
2025-07-28,22.63,22.74,22.35,22.36,21.87,9230893,9230893,-0.27,-1.19,22.52,"July 28, 25",-0.0119,,,,,
2025-07-25,22.46,22.87,22.31,22.84,22.34,9690400,9690400,0.38,1.69,22.62,"July 25, 25",0.0169,,,,,
2025-07-24,22.57,22.65,22.42,22.5,22.01,6740140,6740140,-0.07,-0.31015,22.535,"July 24, 25",-0.0031015,,,,,
2025-07-23,22.71,22.78,22.35,22.54,22.05,18382461,18382461,-0.17,-0.74857,22.595,"July 23, 25",-0.0074857,,,,,
2025-07-22,22.02,22.71,22,22.67,22.17,13673000,13673000,0.65,2.95,22.35,"July 22, 25",0.0295,,,,,
2025-07-21,21.97,22.3,21.8,22.13,21.64,10716744,10716744,0.16,0.72827,22.05,"July 21, 25",0.0072827,,,,,
2025-07-18,21.95,22.23,21.91,22,21.52,12727234,12727234,0.05,0.22779,22.0225,"July 18, 25",0.0022779,,,,,
2025-07-17,21.83,22.02,21.62,21.85,21.37,13172809,13172809,0.02,0.09161704,21.83,"July 17, 25",0.0009161704,,,,,
2025-07-16,21.31,21.92,21.29,21.85,21.37,21829831,21829831,0.54,2.53,21.5925,"July 16, 25",0.0253,,,,,
2025-07-15,21.58,21.83,21.17,21.39,20.92,31071000,31071000,-0.185,-0.88044,21.4925,"July 15, 25",-0.0088044,,,,,
2025-07-14,22.58,22.59,20.97,21.82,21.34,58614547,58614547,-0.76,-3.37,21.99,"July 14, 25",-0.0337,,,,,
2025-07-11,20.82,21.48,20.65,21.34,20.87,25967817,25967817,0.52,2.5,21.0725,"July 11, 25",0.025,,,,,
2025-07-10,20.79,21.1,20.75,20.92,20.46,12723864,12723864,0.13,0.6253,20.89,"July 10, 25",0.006253,,,,,
2025-07-09,20.8,20.87,20.51,20.76,20.3,15930278,15930278,-0.04,-0.19231,20.735,"July 09, 25",-0.0019231,,,,,
2025-07-08,20.75,20.85,20.48,20.7,20.25,16971465,16971465,-0.05,-0.24096,20.695,"July 08, 25",-0.0024096,,,,,
2025-07-07,21.01,21.15,20.81,20.9,20.44,11616800,11616800,-0.11,-0.52356,20.9675,"July 07, 25",-0.0052356,,,,,
2025-07-03,20.99,21.13,20.85,21.05,20.59,6093100,6093100,0.06,0.28585,21.005,"July 03, 25",0.0028585,,,,,
2025-07-02,20.98,21.03,20.69,20.9,20.44,18186847,18186847,-0.08,-0.38132,20.9,"July 02, 25",-0.0038132,,,,,
2025-07-01,20.94,21.34,20.91,20.97,20.51,17882900,17882900,0.03,0.14327,21.04,"July 01, 25",0.0014327,,,,,
2025-06-30,20.86,21.01,20.74,20.93,20.47,21679400,21679400,0.07,0.33557,20.885,"June 30, 25",0.0033557,,,,,
2025-06-27,21.16,21.22,20.81,20.88,20.42,24150300,24150300,-0.28,-1.32,21.0175,"June 27, 25",-0.0132,,,,,
2025-06-26,21.13,21.18,20.93,21.11,20.65,16341600,16341600,-0.02,-0.09465215,21.0875,"June 26, 25",-0.0009465215,,,,,
2025-06-25,21.13,21.39,21,21.17,20.71,16355873,16355873,0.045,0.1893,21.1725,"June 25, 25",0.001893,,,,,
2025-06-24,21.29,21.49,21.12,21.19,20.73,16640400,16640400,-0.1,-0.4697,21.2725,"June 24, 25",-0.004697,,,,,
2025-06-23,21.4,21.47,21.03,21.37,20.9,14174385,14174385,-0.03,-0.14019,21.3175,"June 23, 25",-0.0014019,,,,,
2025-06-20,21.39,21.7,21.34,21.39,20.92,24956572,24956572,0,0,21.455,"June 20, 25",0,,,,,
2025-06-18,21.41,21.54,21.12,21.36,20.89,14259589,14259589,-0.05,-0.23354,21.3575,"June 18, 25",-0.0023354,,,,,
2025-06-17,21.6,21.82,21.42,21.44,20.97,17940900,17940900,-0.16,-0.74074,21.57,"June 17, 25",-0.0074074,,,,,
2025-06-16,21.65,22.03,21.44,21.65,21.18,16345337,16345337,0,0,21.6925,"June 16, 25",0,,,,,
2025-06-13,21.96,22.07,21.33,21.45,20.98,37243230,37243230,-0.51,-2.32,21.7025,"June 13, 25",-0.0232,,,,,
2025-06-12,21.75,22.14,21.67,22.04,21.56,28059428,28059428,0.29,1.33,21.9,"June 12, 25",0.0133,,,,,
2025-06-11,21.52,21.86,21.46,21.85,21.37,22313400,22313400,0.335,1.53,21.6725,"June 11, 25",0.0153,,,,,
2025-06-10,21.39,21.59,21.31,21.52,21.05,14937490,14937490,0.13,0.60776,21.4525,"June 10, 25",0.0060776,,,,,
2025-06-09,21.59,21.67,21.28,21.3,20.83,20375200,20375200,-0.29,-1.34,21.46,"June 09, 25",-0.0134,,,,,
2025-06-06,21.69,21.91,21.65,21.73,21.25,9670628,9670628,0.04,0.18442,21.745,"June 06, 25",0.0018442,,,,,
2025-06-05,21.68,21.91,21.34,21.65,21.18,16859111,16859111,-0.03,-0.13838,21.645,"June 05, 25",-0.0013838,,,,,
2025-06-04,22.28,22.43,21.65,21.68,21.2,25027813,25027813,-0.6,-2.69,22.01,"June 04, 25",-0.0269,,,,,
2025-06-03,23.63,23.63,21.82,22.21,21.72,41957100,41957100,-1.42,-6.01,22.8225,"June 03, 25",-0.0601,,,,,
2025-06-02,23.65,23.78,23.35,23.67,23.15,9774706,9774706,0.02,0.0845666,23.6125,"June 02, 25",0.000845666,,,,,
2025-05-30,23.68,23.9,23.46,23.87,23.35,30017443,30017443,0.19,0.80236,23.7275,"May 30, 25",0.0080236,,,,,
2025-05-29,23.51,23.73,23.47,23.58,23.06,19711500,19711500,0.07,0.29775,23.5725,"May 29, 25",0.0029775,,,,,
2025-05-28,23.92,23.94,23.4,23.55,23.03,10981013,10981013,-0.37,-1.55,23.7025,"May 28, 25",-0.0155,,,,,
2025-05-27,23.86,24,23.64,23.93,23.41,11682500,11682500,0.07,0.29338,23.8575,"May 27, 25",0.0029338,,,,,
2025-05-23,23.64,23.77,23.41,23.73,23.21,10164048,10164048,0.09,0.38071,23.6375,"May 23, 25",0.0038071,,,,,
2025-05-22,24,24.03,23.47,23.5,22.98,13277507,13277507,-0.5,-2.08,23.75,"May 22, 25",-0.0208,,,,,
2025-05-21,24.08,24.36,23.93,24,23.47,15095657,15095657,-0.08,-0.33223,24.0925,"May 21, 25",-0.0033223,,,,,
2025-05-20,24,24.19,23.92,24.13,23.6,16356953,16356953,0.13,0.54167,24.06,"May 20, 25",0.0054167,,,,,
2025-05-19,24.22,24.27,23.88,24,23.47,22180000,22180000,-0.22,-0.90834,24.0925,"May 19, 25",-0.0090834,,,,,
2025-05-16,24.02,24.23,23.9,24.18,23.65,20725200,20725200,0.16,0.66611,24.0825,"May 16, 25",0.0066611,,,,,
2025-05-15,23.43,24,23.32,23.88,23.36,18331451,18331451,0.45,1.92,23.6575,"May 15, 25",0.0192,,,,,
2025-05-14,23.4,23.57,23.09,23.2,22.69,13383312,13383312,-0.2,-0.8547,23.315,"May 14, 25",-0.008547,0.205,2025-05-14,2025-04-16,0.205,2025-05-28
2025-05-13,23.9,24,23.5,23.66,22.94,17777320,17777320,-0.24,-1,23.765,"May 13, 25",-0.01,,,,,
2025-05-12,24.26,24.61,23.9,24,23.27,15042200,15042200,-0.26,-1.07,24.1925,"May 12, 25",-0.0107,,,,,
2025-05-09,24.05,24.5,24.01,24.44,23.7,24395139,24395139,0.39,1.62,24.25,"May 09, 25",0.0162,,,,,
2025-05-08,24.5,25.17,23.97,24.06,23.33,33046852,33046852,-0.44,-1.8,24.425,"May 08, 25",-0.018,,,,,
2025-05-07,23.51,23.63,23.01,23.11,22.41,36329880,36329880,-0.4,-1.7,23.315,"May 07, 25",-0.017,,,,,
2025-05-06,23.48,23.7,23.37,23.57,22.85,15082557,15082557,0.09,0.3833,23.53,"May 06, 25",0.003833,,,,,
2025-05-05,23.94,23.98,23.42,23.64,22.92,23279761,23279761,-0.3,-1.25,23.745,"May 05, 25",-0.0125,,,,,
2025-05-02,24.06,24.2,23.67,23.98,23.25,14097729,14097729,-0.08,-0.3325,23.9775,"May 02, 25",-0.003325,,,,,
2025-05-01,23.35,24.04,23.16,23.96,23.23,15132800,15132800,0.61,2.61,23.6275,"May 01, 25",0.0261,,,,,
2025-04-30,23.5,23.72,23.19,23.6,22.88,15990458,15990458,0.1,0.42553,23.5025,"April 30, 25",0.0042553,,,,,
2025-04-29,22.98,23.44,22.6,23.38,22.67,13526314,13526314,0.4,1.74,23.1,"April 29, 25",0.0174,,,,,
2025-04-28,22.98,23.23,22.9,23.11,22.41,12012299,12012299,0.13,0.56571,23.055,"April 28, 25",0.0056571,,,,,
2025-04-25,22.88,23.46,22.39,23.01,22.31,22249715,22249715,0.13,0.56818,22.935,"April 25, 25",0.0056818,,,,,
2025-04-24,22.92,22.94,22.54,22.75,22.06,15417770,15417770,-0.17,-0.74171,22.7875,"April 24, 25",-0.0074171,,,,,
2025-04-23,22.97,23.19,22.74,22.93,22.23,13015000,13015000,-0.035,-0.17414,22.9575,"April 23, 25",-0.0017414,,,,,
2025-04-22,22.56,23.23,22.44,23.19,22.48,25919175,25919175,0.63,2.79,22.855,"April 22, 25",0.0279,,,,,
2025-04-21,23.33,23.38,22.02,22.27,21.59,20885950,20885950,-1.06,-4.54,22.75,"April 21, 25",-0.0454,,,,,
2025-04-17,22.72,23.53,22.72,23.39,22.68,22595700,22595700,0.67,2.95,23.09,"April 17, 25",0.0295,,,,,
2025-04-16,23.06,23.21,22.62,22.73,22.04,28527628,28527628,-0.33,-1.43,22.905,"April 16, 25",-0.0143,,,,,
2025-04-15,22.71,23.12,22.56,22.91,22.21,22262811,22262811,0.2,0.88067,22.825,"April 15, 25",0.0088067,,,,,
2025-04-14,22.37,22.89,22.19,22.71,22.02,16487900,16487900,0.34,1.52,22.54,"April 14, 25",0.0152,,,,,
2025-04-11,21.98,22.24,21.63,22.09,21.42,13221720,13221720,0.11,0.50045,21.985,"April 11, 25",0.0050045,,,,,
2025-04-10,21.7,22.11,21.41,21.87,21.2,16963867,16963867,0.17,0.78341,21.7725,"April 10, 25",0.0078341,,,,,
2025-04-09,21.21,22.16,20.96,21.78,21.12,22036530,22036530,0.57,2.69,21.5275,"April 09, 25",0.0269,,,,,
2025-04-08,22.1,22.22,21.29,21.49,20.84,13443000,13443000,-0.61,-2.76,21.775,"April 08, 25",-0.0276,,,,,
2025-04-07,22.01,22.47,21.37,21.77,21.11,26882760,26882760,-0.24,-1.09,21.905,"April 07, 25",-0.0109,,,,,
2025-04-04,23.67,23.78,22.27,22.33,21.65,17771415,17771415,-1.34,-5.66,23.0125,"April 04, 25",-0.0566,,,,,
2025-04-03,24,24.23,23.33,23.62,22.9,21704000,21704000,-0.38,-1.58,23.795,"April 03, 25",-0.0158,,,,,
2025-04-02,23.85,24.08,23.61,23.87,23.14,14093800,14093800,0.02,0.08385744,23.8525,"April 02, 25",0.0008385744,,,,,
2025-04-01,24.02,24.04,23.76,23.88,23.15,11113800,11113800,-0.14,-0.58285,23.925,"April 01, 25",-0.0058285,,,,,
2025-03-31,23.84,24.04,23.62,23.98,23.25,16360201,16360201,0.14,0.58725,23.87,"March 31, 25",0.0058725,,,,,
2025-03-28,23.6,23.77,23.43,23.7,22.98,14401349,14401349,0.1,0.42373,23.625,"March 28, 25",0.0042373,,,,,
2025-03-27,23.46,23.7,23.41,23.5,22.78,13790615,13790615,0.04,0.1705,23.5175,"March 27, 25",0.001705,,,,,
2025-03-26,23.1,23.42,22.8,23.4,22.69,9474010,9474010,0.3,1.3,23.18,"March 26, 25",0.013,,,,,
2025-03-25,23.47,23.49,22.97,23.1,22.4,14987873,14987873,-0.37,-1.58,23.2575,"March 25, 25",-0.0158,,,,,
2025-03-24,23.15,23.59,23.09,23.37,22.66,13187600,13187600,0.22,0.95032,23.3,"March 24, 25",0.0095032,,,,,
2025-03-21,23.3,23.38,22.96,23.31,22.6,35334723,35334723,0.01,0.04291845,23.2375,"March 21, 25",0.0004291845,,,,,
2025-03-20,23.44,23.67,23.23,23.39,22.68,16508300,16508300,-0.05,-0.21331,23.4325,"March 20, 25",-0.0021331,,,,,
2025-03-19,23.19,23.53,23.15,23.53,22.81,9646900,9646900,0.34,1.47,23.35,"March 19, 25",0.0147,,,,,
2025-03-18,23.4,23.68,23.29,23.34,22.63,16840619,16840619,-0.06,-0.25641,23.4275,"March 18, 25",-0.0025641,,,,,
2025-03-17,22.97,23.66,22.79,23.41,22.7,16372543,16372543,0.44,1.92,23.2075,"March 17, 25",0.0192,,,,,
2025-03-14,23.22,23.25,22.72,22.81,22.12,15798911,15798911,-0.41,-1.77,23,"March 14, 25",-0.0177,,,,,
2025-03-13,23.1,23.35,22.94,23.18,22.47,16433800,16433800,0.08,0.34632,23.1425,"March 13, 25",0.0034632,,,,,
2025-03-12,23.08,23.3,22.78,23.07,22.37,13897424,13897424,-0.01,-0.04332756,23.0575,"March 12, 25",-0.0004332756,,,,,
2025-03-11,24.05,24.15,23.38,23.49,22.78,16475149,16475149,-0.56,-2.33,23.7675,"March 11, 25",-0.0233,,,,,
2025-03-10,23.53,24.36,23.44,23.92,23.19,18035423,18035423,0.39,1.66,23.8125,"March 10, 25",0.0166,,,,,
2025-03-07,23.03,23.61,23.02,23.42,22.71,14446300,14446300,0.39,1.69,23.27,"March 07, 25",0.0169,,,,,
2025-03-06,23.09,23.24,22.94,23.18,22.47,9739440,9739440,0.09,0.38978,23.1125,"March 06, 25",0.0038978,,,,,
2025-03-05,23.43,23.48,22.83,23.04,22.34,17384457,17384457,-0.39,-1.66,23.195,"March 05, 25",-0.0166,,,,,
2025-03-04,23.92,24.36,23.41,23.42,22.71,15368146,15368146,-0.5,-2.09,23.7775,"March 04, 25",-0.0209,,,,,
2025-03-03,23.5,23.89,23.47,23.79,23.07,12834400,12834400,0.29,1.23,23.6625,"March 03, 25",0.0123,,,,,
2025-02-28,23.25,23.63,23.15,23.6,22.88,30981700,30981700,0.35,1.51,23.4075,"February 28, 25",0.0151,,,,,
2025-02-27,23.06,23.25,22.83,23.14,22.44,15159105,15159105,0.08,0.34692,23.07,"February 27, 25",0.0034692,,,,,
2025-02-26,23.4,23.44,22.9,23.22,22.51,14616919,14616919,-0.18,-0.76923,23.24,"February 26, 25",-0.0076923,,,,,
2025-02-25,23.3,23.7,23.22,23.37,22.66,22641600,22641600,0.07,0.30043,23.3975,"February 25, 25",0.0030043,,,,,
2025-02-24,23.3,23.54,22.95,23.3,22.59,18229098,18229098,0,0,23.2725,"February 24, 25",0,,,,,
2025-02-21,22.36,23.44,22.34,23.32,22.61,25663000,25663000,0.96,4.29,22.865,"February 21, 25",0.0429,,,,,
2025-02-20,22.27,22.58,21.89,22.39,21.71,19044800,19044800,0.12,0.53884,22.2825,"February 20, 25",0.0053884,,,,,
2025-02-19,22.13,22.32,21.79,22.27,21.59,14198000,14198000,0.14,0.63263,22.1275,"February 19, 25",0.0063263,,,,,
2025-02-18,21.79,22.2,21.73,22,21.33,14108300,14108300,0.21,0.96374,21.93,"February 18, 25",0.0096374,,,,,
2025-02-14,21.47,22.14,21.36,21.93,21.26,27015895,27015895,0.46,2.14,21.725,"February 14, 25",0.0214,,,,,
2025-02-13,20.9,21.59,20.88,21.45,20.8,14062313,14062313,0.55,2.63,21.205,"February 13, 25",0.0263,,,,,
2025-02-12,20.53,21.03,20.5,20.96,20.32,10317059,10317059,0.43,2.09,20.755,"February 12, 25",0.0209,0.205,2025-02-12,2025-01-16,0.205,2025-02-26
2025-02-11,20.59,20.96,20.53,20.91,20.07,10922019,10922019,0.32,1.55,20.7475,"February 11, 25",0.0155,,,,,
2025-02-10,20.27,20.74,20.2,20.58,19.75,14043097,14043097,0.31,1.53,20.4475,"February 10, 25",0.0153,,,,,
2025-02-07,19.9,20.23,19.84,20.18,19.37,17734410,17734410,0.28,1.41,20.0375,"February 07, 25",0.0141,,,,,
2025-02-06,20.54,21.1,19.75,19.8,19,25808821,25808821,-0.735,-3.6,20.2975,"February 06, 25",-0.036,,,,,
2025-02-05,21,21.05,20.59,20.74,19.91,19231139,19231139,-0.26,-1.24,20.845,"February 05, 25",-0.0124,,,,,
2025-02-04,20.91,21.12,20.74,20.81,19.97,11813700,11813700,-0.1,-0.47824,20.895,"February 04, 25",-0.0047824,,,,,
2025-02-03,21.18,21.28,21.05,21.23,20.38,9693889,9693889,0.05,0.23607,21.185,"February 03, 25",0.0023607,,,,,
2025-01-31,21.41,21.63,21.28,21.29,20.43,16433400,16433400,-0.12,-0.56049,21.4025,"January 31, 25",-0.0056049,,,,,
2025-01-30,21.5,21.77,21.38,21.72,20.85,11733326,11733326,0.22,1.02,21.5925,"January 30, 25",0.0102,,,,,
2025-01-29,21.44,21.51,21.21,21.31,20.45,12249246,12249246,-0.13,-0.60634,21.3675,"January 29, 25",-0.0060634,,,,,
2025-01-28,21.4,21.65,21.32,21.36,20.5,13831658,13831658,-0.04,-0.18692,21.4325,"January 28, 25",-0.0018692,,,,,
2025-01-27,21.12,21.54,21.08,21.44,20.58,15342800,15342800,0.32,1.52,21.295,"January 27, 25",0.0152,,,,,
2025-01-24,20.79,20.86,20.72,20.78,19.95,12092594,12092594,-0.01,-0.04810005,20.7875,"January 24, 25",-0.0004810005,,,,,
2025-01-23,20.72,20.82,20.49,20.75,19.92,12575000,12575000,0.03,0.14479,20.695,"January 23, 25",0.0014479,,,,,
2025-01-22,20.8,20.85,20.6,20.75,19.92,19218334,19218334,-0.05,-0.24038,20.75,"January 22, 25",-0.0024038,,,,,
2025-01-21,21.2,21.22,20.61,20.8,19.96,19203400,19203400,-0.4,-1.89,20.9575,"January 21, 25",-0.0189,,,,,
2025-01-17,21.2,21.35,21.03,21.1,20.25,11267125,11267125,-0.1,-0.4717,21.17,"January 17, 25",-0.004717,,,,,
2025-01-16,20.74,21.22,20.72,21.19,20.34,8810543,8810543,0.45,2.17,20.9675,"January 16, 25",0.0217,,,,,
2025-01-15,21.19,21.26,20.76,20.85,20.01,10050084,10050084,-0.34,-1.6,21.015,"January 15, 25",-0.016,,,,,
2025-01-14,20.98,21.13,20.93,21.03,20.19,7275900,7275900,0.05,0.23832,21.0175,"January 14, 25",0.0023832,,,,,
2025-01-13,20.83,21.09,20.7,20.97,20.13,12682000,12682000,0.14,0.67211,20.8975,"January 13, 25",0.0067211,,,,,
2025-01-10,20.9,20.97,20.68,20.85,20.01,11057419,11057419,-0.05,-0.23923,20.85,"January 10, 25",-0.0023923,,,,,
2025-01-08,20.99,21.11,20.73,21.1,20.25,7579645,7579645,0.11,0.52406,20.9825,"January 08, 25",0.0052406,,,,,
2025-01-07,21.15,21.32,20.94,21.05,20.2,8828800,8828800,-0.1,-0.47281,21.115,"January 07, 25",-0.0047281,,,,,
2025-01-06,21.6,21.6,21.06,21.11,20.26,10740380,10740380,-0.49,-2.27,21.3425,"January 06, 25",-0.0227,,,,,
2025-01-03,21.32,21.35,21.1,21.2,20.35,6079260,6079260,-0.12,-0.56285,21.2425,"January 03, 25",-0.0056285,,,,,
2025-01-02,21.52,21.58,21.15,21.28,20.43,8253942,8253942,-0.24,-1.12,21.3825,"January 02, 25",-0.0112,,,,,
2024-12-31,21.25,21.43,21.22,21.35,20.49,6934216,6934216,0.1,0.47059,21.3125,"December 31, 24",0.0047059,,,,,
2024-12-30,21.43,21.46,21.18,21.18,20.33,7123914,7123914,-0.25,-1.17,21.3125,"December 30, 24",-0.0117,,,,,
2024-12-27,21.59,21.81,21.53,21.53,20.67,9833618,9833618,-0.06,-0.27791,21.615,"December 27, 24",-0.0027791,,,,,
2024-12-26,21.5,21.77,21.44,21.72,20.85,5970305,5970305,0.22,1.02,21.6075,"December 26, 24",0.0102,,,,,
2024-12-24,21.48,21.64,21.37,21.56,20.69,9164900,9164900,0.08,0.37244,21.5125,"December 24, 24",0.0037244,,,,,
2024-12-23,21.71,21.83,21.53,21.59,20.72,13256919,13256919,-0.12,-0.55274,21.665,"December 23, 24",-0.0055274,,,,,
2024-12-20,21.52,21.97,21.47,21.77,20.9,22915124,22915124,0.25,1.16,21.6825,"December 20, 24",0.0116,,,,,
2024-12-19,21.52,21.76,21.42,21.61,20.74,13049082,13049082,0.09,0.41822,21.5775,"December 19, 24",0.0041822,,,,,
2024-12-18,22,22.17,21.47,21.51,20.65,15272042,15272042,-0.49,-2.23,21.7875,"December 18, 24",-0.0223,,,,,
2024-12-17,22.1,22.18,21.86,22.04,21.15,10278517,10278517,-0.06,-0.27149,22.045,"December 17, 24",-0.0027149,,,,,
2024-12-16,22.33,22.48,22.05,22.07,21.18,7786300,7786300,-0.26,-1.16,22.2325,"December 16, 24",-0.0116,,,,,
2024-12-13,22.28,22.31,21.94,22.21,21.32,9184286,9184286,-0.07,-0.31418,22.185,"December 13, 24",-0.0031418,,,,,
2024-12-12,21.98,22.64,21.76,22.32,21.42,14949900,14949900,0.34,1.55,22.175,"December 12, 24",0.0155,,,,,
2024-12-11,22.75,22.78,22.19,22.22,21.33,9433292,9433292,-0.53,-2.33,22.485,"December 11, 24",-0.0233,,,,,
2024-12-10,22.77,22.98,22.39,22.74,21.83,10492471,10492471,-0.03,-0.13175,22.72,"December 10, 24",-0.0013175,,,,,
2024-12-09,23,23.26,22.74,22.81,21.89,15267235,15267235,-0.19,-0.82609,22.9525,"December 09, 24",-0.0082609,,,,,
2024-12-06,23.24,23.35,22.82,22.84,21.92,9708800,9708800,-0.4,-1.72,23.0625,"December 06, 24",-0.0172,,,,,
2024-12-05,23.39,23.46,23,23.13,22.2,13914495,13914495,-0.26,-1.11,23.245,"December 05, 24",-0.0111,,,,,
2024-12-04,23.45,23.53,22.18,23.16,22.23,27219800,27219800,-0.29,-1.24,23.08,"December 04, 24",-0.0124,,,,,
2024-12-03,24.13,24.23,23.43,23.48,22.54,13665787,13665787,-0.65,-2.69,23.8175,"December 03, 24",-0.0269,,,,,
2024-12-02,24.11,24.27,23.88,24.26,23.29,10173800,10173800,0.15,0.62215,24.13,"December 02, 24",0.0062215,,,,,
2024-11-29,24,24.24,23.88,24.08,23.11,7516546,7516546,0.08,0.33333,24.05,"November 29, 24",0.0033333,,,,,
2024-11-27,24.21,24.41,24.05,24.13,23.16,11666932,11666932,-0.08,-0.33044,24.2,"November 27, 24",-0.0033044,,,,,
2024-11-26,24.28,24.46,23.94,24.12,23.15,12315700,12315700,-0.155,-0.65898,24.2,"November 26, 24",-0.0065898,,,,,
2024-11-25,24.25,24.4,23.99,24.24,23.27,26971900,26971900,-0.005,-0.04123711,24.22,"November 25, 24",-0.0004123711,,,,,
2024-11-22,24.25,24.31,24,24.08,23.11,10506181,10506181,-0.17,-0.70103,24.16,"November 22, 24",-0.0070103,,,,,
2024-11-21,23.79,24.24,23.69,24.09,23.12,8331338,8331338,0.3,1.26,23.9525,"November 21, 24",0.0126,,,,,
2024-11-20,23.66,23.78,23.56,23.78,22.82,7419121,7419121,0.12,0.50719,23.695,"November 20, 24",0.0050719,,,,,
2024-11-19,23.59,23.8,23.24,23.69,22.74,9838576,9838576,0.1,0.42391,23.58,"November 19, 24",0.0042391,,,,,
2024-11-18,23.81,24.01,23.67,23.72,22.77,14591634,14591634,-0.085,-0.37799,23.8025,"November 18, 24",-0.0037799,,,,,
2024-11-15,23.52,24.13,23.44,23.82,22.86,16167897,16167897,0.3,1.28,23.7275,"November 15, 24",0.0128,,,,,
2024-11-14,23.22,23.75,23.13,23.61,22.66,14017436,14017436,0.39,1.68,23.4275,"November 14, 24",0.0168,,,,,
2024-11-13,23.45,23.6,23.04,23.14,22.21,16481200,16481200,-0.31,-1.32,23.3075,"November 13, 24",-0.0132,0.205,2024-11-13,2024-10-17,0.205,2024-11-27
2024-11-12,23.76,23.95,23.63,23.65,22.5,10714200,10714200,-0.11,-0.46296,23.7475,"November 12, 24",-0.0046296,,,,,
2024-11-11,23.76,23.88,23.49,23.78,22.62,13838691,13838691,0.02,0.08417508,23.7275,"November 11, 24",0.0008417508,,,,,
2024-11-08,22.87,23.72,22.84,23.68,22.53,16635437,16635437,0.81,3.54,23.2775,"November 08, 24",0.0354,,,,,
2024-11-07,22.17,23.39,22.04,22.97,21.85,28744400,28744400,0.8,3.61,22.6425,"November 07, 24",0.0361,,,,,
2024-11-06,23.55,23.55,22.31,22.5,21.41,16727100,16727100,-1.05,-4.46,22.9775,"November 06, 24",-0.0446,,,,,
2024-11-05,22.94,23.57,22.92,23.23,22.1,17781300,17781300,0.29,1.26,23.165,"November 05, 24",0.0126,,,,,
2024-11-04,22.81,23.23,22.74,23.04,21.92,17341843,17341843,0.23,1.01,22.955,"November 04, 24",0.0101,,,,,
2024-11-01,22.86,23.1,22.72,22.73,21.62,15528910,15528910,-0.13,-0.56868,22.8525,"November 01, 24",-0.0056868,,,,,
2024-10-31,22.68,23.17,22.61,22.93,21.81,34406486,34406486,0.25,1.1,22.8475,"October 31, 24",0.011,,,,,
2024-10-30,22.65,22.99,22.56,22.89,21.78,15919806,15919806,0.24,1.06,22.7725,"October 30, 24",0.0106,,,,,
2024-10-29,22.72,22.91,22.63,22.78,21.67,13109200,13109200,0.06,0.26408,22.76,"October 29, 24",0.0026408,,,,,
2024-10-28,22.85,22.89,22.58,22.88,21.77,10540300,10540300,0.03,0.13129,22.8,"October 28, 24",0.0013129,,,,,
2024-10-25,22.96,23.02,22.63,22.64,21.54,8395809,8395809,-0.32,-1.39,22.8125,"October 25, 24",-0.0139,,,,,
2024-10-24,22.9,23.09,22.78,22.97,21.85,11664244,11664244,0.07,0.30568,22.935,"October 24, 24",0.0030568,,,,,
2024-10-23,22.82,22.96,22.51,22.76,21.65,10664380,10664380,-0.06,-0.26293,22.7625,"October 23, 24",-0.0026293,,,,,
2024-10-22,22.55,23.05,22.53,22.93,21.81,18081263,18081263,0.38,1.69,22.765,"October 22, 24",0.0169,,,,,
2024-10-21,22.95,23.39,22.8,22.92,21.81,38291807,38291807,-0.03,-0.13072,23.015,"October 21, 24",-0.0013072,,,,,
2024-10-18,21.51,21.74,21.39,21.72,20.66,13309715,13309715,0.21,0.97629,21.59,"October 18, 24",0.0097629,,,,,
2024-10-17,21.84,21.84,21.37,21.45,20.41,12260700,12260700,-0.39,-1.79,21.625,"October 17, 24",-0.0179,,,,,
2024-10-16,21.66,21.85,21.62,21.73,20.67,13919613,13919613,0.07,0.32318,21.715,"October 16, 24",0.0032318,,,,,
2024-10-15,21.59,21.99,21.54,21.76,20.7,11925405,11925405,0.17,0.7874,21.72,"October 15, 24",0.007874,,,,,
2024-10-14,21.36,21.69,21.29,21.6,20.55,18677100,18677100,0.24,1.12,21.485,"October 14, 24",0.0112,,,,,
2024-10-11,21.39,21.51,21.31,21.46,20.42,14513039,14513039,0.07,0.32726,21.4175,"October 11, 24",0.0032726,,,,,
2024-10-10,21.54,21.6,21.25,21.32,20.28,11911801,11911801,-0.22,-1.02,21.4275,"October 10, 24",-0.0102,,,,,
2024-10-09,21.82,21.89,21.5,21.53,20.48,10437994,10437994,-0.29,-1.33,21.685,"October 09, 24",-0.0133,,,,,
2024-10-08,22.07,22.08,21.76,21.85,20.79,11377100,11377100,-0.22,-0.99683,21.94,"October 08, 24",-0.0099683,,,,,
2024-10-07,22.21,22.24,21.88,21.99,20.92,9859300,9859300,-0.22,-0.99054,22.08,"October 07, 24",-0.0099054,,,,,
2024-10-04,22.3,22.35,22.12,22.16,21.08,8451647,8451647,-0.14,-0.6278,22.2325,"October 04, 24",-0.006278,,,,,
2024-10-03,22.48,22.55,22.25,22.27,21.19,10312466,10312466,-0.21,-0.93416,22.3875,"October 03, 24",-0.0093416,,,,,
2024-10-02,22.7,22.73,22.4,22.63,21.53,16504922,16504922,-0.07,-0.30837,22.615,"October 02, 24",-0.0030837,,,,,
2024-10-01,23.17,23.18,22.68,22.78,21.67,13640547,13640547,-0.39,-1.68,22.9525,"October 01, 24",-0.0168,,,,,
2024-09-30,23.36,23.49,23.08,23.13,22.01,17088315,17088315,-0.23,-0.98459,23.265,"September 30, 24",-0.0098459,,,,,
2024-09-27,23.14,23.44,23.03,23.26,22.13,12450109,12450109,0.12,0.51858,23.2175,"September 27, 24",0.0051858,,,,,
2024-09-26,23.15,23.29,23.03,23.13,22.01,12504567,12504567,-0.02,-0.08639309,23.15,"September 26, 24",-0.0008639309,,,,,
2024-09-25,23.21,23.33,22.94,23,21.88,12625752,12625752,-0.21,-0.90478,23.12,"September 25, 24",-0.0090478,,,,,
2024-09-24,23.03,23.2,22.8,23.11,21.99,14365346,14365346,0.08,0.34737,23.035,"September 24, 24",0.0034737,,,,,
2024-09-23,22.83,23.15,22.76,23.02,21.9,20080844,20080844,0.19,0.83224,22.94,"September 23, 24",0.0083224,,,,,
2024-09-20,22.83,23.03,22.71,23.02,21.9,75871900,75871900,0.19,0.83224,22.8975,"September 20, 24",0.0083224,,,,,
2024-09-19,23.34,23.45,22.89,22.9,21.79,13622620,13622620,-0.44,-1.89,23.145,"September 19, 24",-0.0189,,,,,
2024-09-18,23.44,23.52,23.08,23.19,22.06,15225687,15225687,-0.25,-1.07,23.3075,"September 18, 24",-0.0107,,,,,
2024-09-17,23.47,23.52,23.15,23.39,22.25,13263749,13263749,-0.08,-0.34086,23.3825,"September 17, 24",-0.0034086,,,,,
2024-09-16,23.5,23.55,23.17,23.38,22.24,9220846,9220846,-0.12,-0.51064,23.4,"September 16, 24",-0.0051064,,,,,
2024-09-13,23.16,23.41,23.04,23.39,22.25,11090876,11090876,0.23,0.99309,23.25,"September 13, 24",0.0099309,,,,,
2024-09-12,23.1,23.19,22.77,23.08,21.96,9270147,9270147,-0.02,-0.08658009,23.035,"September 12, 24",-0.0008658009,,,,,
2024-09-11,23.15,23.23,22.68,23.09,21.97,12941500,12941500,-0.06,-0.25918,23.0375,"September 11, 24",-0.0025918,,,,,
2024-09-10,23.16,23.47,22.89,23.05,21.93,15021200,15021200,-0.11,-0.47496,23.1425,"September 10, 24",-0.0047496,,,,,
2024-09-09,22.87,23.23,22.63,23.2,22.07,21843100,21843100,0.33,1.44,22.9825,"September 09, 24",0.0144,,,,,
2024-09-06,22.51,23,22.5,22.86,21.75,18883374,18883374,0.35,1.55,22.7175,"September 06, 24",0.0155,,,,,
2024-09-05,22.56,22.68,22.38,22.51,21.42,15490312,15490312,-0.05,-0.22163,22.5325,"September 05, 24",-0.0022163,,,,,
2024-09-04,22.04,22.63,22,22.51,21.42,22620800,22620800,0.47,2.13,22.295,"September 04, 24",0.0213,,,,,
2024-09-03,21.75,22.24,21.65,22.1,21.03,13880041,13880041,0.35,1.61,21.935,"September 03, 24",0.0161,,,,,
2024-08-30,21.83,21.95,21.72,21.95,20.88,14008532,14008532,0.12,0.5497,21.8625,"August 30, 24",0.005497,,,,,
2024-08-29,21.81,21.93,21.53,21.75,20.69,12053526,12053526,-0.06,-0.2751,21.755,"August 29, 24",-0.002751,,,,,
2024-08-28,21.95,21.96,21.59,21.72,20.66,7896100,7896100,-0.23,-1.05,21.805,"August 28, 24",-0.0105,,,,,
2024-08-27,22,22.09,21.74,21.92,20.85,10096300,10096300,-0.08,-0.36364,21.9375,"August 27, 24",-0.0036364,,,,,
2024-08-26,21.86,22.06,21.81,21.96,20.89,9431510,9431510,0.1,0.45746,21.9225,"August 26, 24",0.0045746,,,,,
2024-08-23,21.61,21.91,21.6,21.82,20.76,6785642,6785642,0.21,0.97177,21.735,"August 23, 24",0.0097177,,,,,
2024-08-22,21.69,21.77,21.23,21.56,20.51,12239500,12239500,-0.13,-0.59935,21.5625,"August 22, 24",-0.0059935,,,,,
2024-08-21,21.65,21.85,21.57,21.69,20.64,8446822,8446822,0.04,0.18476,21.69,"August 21, 24",0.0018476,,,,,
2024-08-20,21.64,21.71,21.4,21.55,20.5,11291457,11291457,-0.09,-0.4159,21.575,"August 20, 24",-0.004159,,,,,
2024-08-19,21.73,21.92,21.63,21.64,20.59,10019645,10019645,-0.09,-0.41417,21.73,"August 19, 24",-0.0041417,,,,,
2024-08-16,21.44,21.71,21.36,21.67,20.62,11269850,11269850,0.23,1.07,21.545,"August 16, 24",0.0107,,,,,
2024-08-15,21.19,21.62,21.18,21.57,20.52,10727941,10727941,0.38,1.79,21.39,"August 15, 24",0.0179,,,,,
2024-08-14,21.16,21.47,21.12,21.18,20.15,16462480,16462480,0.02,0.09451796,21.2325,"August 14, 24",0.0009451796,0.205,2024-08-14,2024-07-25,0.205,2024-08-28
2024-08-13,21.14,21.49,21.12,21.34,20.11,16625458,16625458,0.2,0.94607,21.2725,"August 13, 24",0.0094607,,,,,
2024-08-12,21.08,21.16,20.84,21.09,19.87,17481103,17481103,0.01,0.04743833,21.0425,"August 12, 24",0.0004743833,,,,,
2024-08-09,21.2,21.24,20.92,21.02,19.81,20636934,20636934,-0.18,-0.84906,21.095,"August 09, 24",-0.0084906,,,,,
2024-08-08,20.57,21.37,20.41,21.25,20.03,21849854,21849854,0.68,3.31,20.9,"August 08, 24",0.0331,,,,,
2024-08-07,20.69,21.05,20.45,20.62,19.43,24344700,24344700,-0.07,-0.33833,20.7025,"August 07, 24",-0.0033833,,,,,
2024-08-06,20.15,20.92,19.91,20.86,19.66,44403600,44403600,0.71,3.52,20.46,"August 06, 24",0.0352,,,,,
2024-08-05,18.71,18.87,18.11,18.19,17.14,21724931,21724931,-0.52,-2.78,18.47,"August 05, 24",-0.0278,,,,,
2024-08-02,18.65,18.84,18.42,18.82,17.74,17688715,17688715,0.17,0.91153,18.6825,"August 02, 24",0.0091153,,,,,
2024-08-01,18.67,18.7,18.39,18.63,17.56,12817628,12817628,-0.04,-0.21425,18.5975,"August 01, 24",-0.0021425,,,,,
2024-07-31,18.67,18.76,18.36,18.49,17.42,42056200,42056200,-0.18,-0.96411,18.57,"July 31, 24",-0.0096411,,,,,
2024-07-30,18.52,18.81,18.31,18.75,17.67,12381341,12381341,0.23,1.24,18.5975,"July 30, 24",0.0124,,,,,
2024-07-29,18.65,18.9,18.52,18.8,17.72,12564819,12564819,0.15,0.80429,18.7175,"July 29, 24",0.0080429,,,,,
2024-07-26,18.37,18.79,18.31,18.69,17.61,11484659,11484659,0.32,1.74,18.54,"July 26, 24",0.0174,,,,,
2024-07-25,18.33,18.71,18.24,18.25,17.2,11082245,11082245,-0.08,-0.43644,18.3825,"July 25, 24",-0.0043644,,,,,
2024-07-24,17.92,18.25,17.85,18.17,17.12,9390800,9390800,0.25,1.4,18.0475,"July 24, 24",0.014,,,,,
2024-07-23,18.09,18.23,17.91,17.93,16.9,12491000,12491000,-0.16,-0.88447,18.04,"July 23, 24",-0.0088447,,,,,
2024-07-22,18.21,18.27,18,18.23,17.18,15788768,15788768,0.02,0.10983,18.1775,"July 22, 24",0.0010983,,,,,
2024-07-19,18.46,18.49,18.16,18.25,17.2,15412400,15412400,-0.21,-1.14,18.34,"July 19, 24",-0.0114,,,,,
2024-07-18,18.45,18.75,18.31,18.32,17.26,14131000,14131000,-0.13,-0.70461,18.4575,"July 18, 24",-0.0070461,,,,,
2024-07-17,18.27,18.77,18.27,18.44,17.38,17834900,17834900,0.17,0.93049,18.4375,"July 17, 24",0.0093049,,,,,
2024-07-16,18.05,18.36,18.01,18.25,17.2,15408300,15408300,0.2,1.11,18.1675,"July 16, 24",0.0111,,,,,
2024-07-15,18.34,18.39,18.09,18.11,17.07,14171748,14171748,-0.23,-1.25,18.2325,"July 15, 24",-0.0125,,,,,
2024-07-12,18.11,18.41,17.96,18.34,17.28,12523548,12523548,0.23,1.27,18.205,"July 12, 24",0.0127,,,,,
2024-07-11,17.77,17.94,17.67,17.92,16.89,35772225,35772225,0.15,0.84412,17.825,"July 11, 24",0.0084412,,,,,
2024-07-10,18.14,18.24,17.68,17.7,16.68,24692600,24692600,-0.44,-2.43,17.94,"July 10, 24",-0.0243,,,,,
2024-07-09,18.26,18.3,17.98,18.22,17.17,12147267,12147267,-0.04,-0.21906,18.19,"July 09, 24",-0.0021906,,,,,
2024-07-08,18.29,18.29,18,18.25,17.2,15968426,15968426,-0.04,-0.2187,18.2075,"July 08, 24",-0.002187,,,,,
2024-07-05,18.28,18.32,18.14,18.31,17.25,12172631,12172631,0.03,0.16411,18.2625,"July 05, 24",0.0016411,,,,,
2024-07-03,18.38,18.42,18.2,18.31,17.25,5859532,5859532,-0.07,-0.38085,18.3275,"July 03, 24",-0.0038085,,,,,
2024-07-02,18.01,18.26,17.99,18.24,17.19,14781920,14781920,0.23,1.28,18.125,"July 02, 24",0.0128,,,,,
2024-07-01,18.23,18.4,17.89,17.95,16.92,21089879,21089879,-0.28,-1.54,18.1175,"July 01, 24",-0.0154,,,,,
2024-06-28,18.43,18.59,18.04,18.18,17.13,57323300,57323300,-0.25,-1.36,18.31,"June 28, 24",-0.0136,,,,,
2024-06-27,18.56,18.62,18.33,18.42,17.36,18657773,18657773,-0.14,-0.75431,18.4825,"June 27, 24",-0.0075431,,,,,
2024-06-26,18.5,18.61,18.26,18.59,17.52,16542197,16542197,0.09,0.48649,18.49,"June 26, 24",0.0048649,,,,,
2024-06-25,18.78,18.87,18.52,18.65,17.58,15265427,15265427,-0.13,-0.69223,18.705,"June 25, 24",-0.0069223,,,,,
2024-06-24,18.82,18.98,18.68,18.9,17.81,19862831,19862831,0.08,0.42508,18.845,"June 24, 24",0.0042508,,,,,
2024-06-21,18.91,18.99,18.4,18.53,17.46,63342101,63342101,-0.38,-2.01,18.7075,"June 21, 24",-0.0201,,,,,
2024-06-20,18.65,18.86,18.55,18.84,17.75,24977100,24977100,0.19,1.02,18.725,"June 20, 24",0.0102,,,,,
2024-06-18,18.78,18.89,18.4,18.52,17.45,21747347,21747347,-0.26,-1.38,18.6475,"June 18, 24",-0.0138,,,,,
2024-06-17,17.96,18.82,17.96,18.79,17.71,20146700,20146700,0.83,4.62,18.3825,"June 17, 24",0.0462,,,,,
2024-06-14,17.89,18.08,17.75,18.07,17.03,15356133,15356133,0.18,1.01,17.9475,"June 14, 24",0.0101,,,,,
2024-06-13,18,18.16,17.83,18.03,16.99,14768100,14768100,0.03,0.16667,18.005,"June 13, 24",0.0016667,,,,,
2024-06-12,18.5,18.6,17.9,17.96,16.92,19717811,19717811,-0.54,-2.92,18.24,"June 12, 24",-0.0292,,,,,
2024-06-11,18.21,18.48,18.09,18.47,17.41,23197411,23197411,0.26,1.43,18.3125,"June 11, 24",0.0143,,,,,
2024-06-10,18.28,18.41,18.09,18.29,17.24,16438294,16438294,0.01,0.0547046,18.2675,"June 10, 24",0.000547046,,,,,
2024-06-07,18.68,18.76,18.37,18.39,17.33,17923407,17923407,-0.29,-1.55,18.55,"June 07, 24",-0.0155,,,,,
2024-06-06,18.85,18.98,18.52,18.63,17.56,27907800,27907800,-0.22,-1.17,18.745,"June 06, 24",-0.0117,,,,,
2024-06-05,19.07,19.18,18.82,18.99,17.9,20674547,20674547,-0.08,-0.41951,19.015,"June 05, 24",-0.0041951,,,,,
2024-06-04,19.26,19.26,18.92,19.15,18.05,18523500,18523500,-0.11,-0.57113,19.1475,"June 04, 24",-0.0057113,,,,,
2024-06-03,19.14,19.47,19.12,19.24,18.13,15902648,15902648,0.1,0.52247,19.2425,"June 03, 24",0.0052247,,,,,
2024-05-31,19.01,19.34,18.87,19.3,18.19,31659331,31659331,0.29,1.53,19.13,"May 31, 24",0.0153,,,,,
2024-05-30,18.87,19.12,18.84,18.99,17.9,17340100,17340100,0.12,0.63593,18.955,"May 30, 24",0.0063593,,,,,
2024-05-29,19.06,19.18,18.85,18.87,17.78,13002097,13002097,-0.19,-0.99685,18.99,"May 29, 24",-0.0099685,,,,,
2024-05-28,19.21,19.41,19.1,19.25,18.14,16231100,16231100,0.04,0.20822,19.2425,"May 28, 24",0.0020822,,,,,
2024-05-24,19.47,19.55,19.14,19.35,18.23,24363713,24363713,-0.12,-0.61633,19.3775,"May 24, 24",-0.0061633,,,,,
2024-05-23,19.86,19.9,19.38,19.44,18.32,16089705,16089705,-0.42,-2.11,19.645,"May 23, 24",-0.0211,,,,,
2024-05-22,19.88,20.13,19.81,19.88,18.73,15202600,15202600,0,0,19.925,"May 22, 24",0,,,,,
2024-05-21,19.93,20.1,19.67,19.97,18.82,27778988,27778988,0.04,0.2007,19.9175,"May 21, 24",0.002007,,,,,
2024-05-20,20.5,20.55,19.88,19.9,18.75,24636833,24636833,-0.6,-2.93,20.2075,"May 20, 24",-0.0293,,,,,
2024-05-17,20.72,20.74,20.38,20.47,19.29,31071005,31071005,-0.25,-1.21,20.5775,"May 17, 24",-0.0121,,,,,
2024-05-16,20.65,20.95,20.52,20.6,19.41,71519401,71519401,-0.05,-0.24213,20.68,"May 16, 24",-0.0024213,,,,,
2024-05-15,20.2,20.75,20.12,20.54,19.36,97658200,97658200,0.34,1.68,20.4025,"May 15, 24",0.0168,,,,,
2024-05-14,20.5,20.95,20.39,20.63,19.44,21289500,21289500,0.13,0.63415,20.6175,"May 14, 24",0.0063415,,,,,
2024-05-13,20.3,20.79,20.17,20.36,19.19,20853101,20853101,0.06,0.29557,20.405,"May 13, 24",0.0029557,,,,,
2024-05-10,20.59,20.62,20.33,20.54,19.36,15019500,15019500,-0.05,-0.24284,20.52,"May 10, 24",-0.0024284,,,,,
2024-05-09,20.51,20.61,20.36,20.54,19.36,14394607,14394607,0.03,0.14627,20.505,"May 09, 24",0.0014627,,,,,
2024-05-08,20.08,20.68,19.99,20.45,19.27,24428800,24428800,0.37,1.84,20.3,"May 08, 24",0.0184,,,,,
2024-05-07,19.45,20.23,19.45,20.08,18.92,30039787,30039787,0.63,3.24,19.8025,"May 07, 24",0.0324,0.2,2024-05-08,2024-04-25,0.2,2024-05-22
2024-05-06,19.32,19.38,18.93,19.08,17.79,26549625,26549625,-0.24,-1.24,19.1775,"May 06, 24",-0.0124,,,,,
2024-05-03,19.09,19.35,19.08,19.2,17.9,15941057,15941057,0.11,0.57622,19.18,"May 03, 24",0.0057622,,,,,
2024-05-02,18.94,19.26,18.94,19.12,17.83,22724700,22724700,0.18,0.95037,19.065,"May 02, 24",0.0095037,,,,,
2024-05-01,18.89,19.01,18.64,18.85,17.58,12771100,12771100,-0.04,-0.21175,18.8475,"May 01, 24",-0.0021175,,,,,
2024-04-30,18.91,19.06,18.74,18.82,17.55,26872700,26872700,-0.09,-0.47594,18.8825,"April 30, 24",-0.0047594,,,,,
2024-04-29,18.85,19.08,18.77,19.06,17.77,13240823,13240823,0.21,1.11,18.94,"April 29, 24",0.0111,,,,,
2024-04-26,19,19.08,18.84,18.86,17.58,15454700,15454700,-0.14,-0.73684,18.945,"April 26, 24",-0.0073684,,,,,
2024-04-25,19.22,19.3,18.99,19.02,17.73,14246347,14246347,-0.2,-1.04,19.1325,"April 25, 24",-0.0104,,,,,
2024-04-24,19.27,19.35,19.11,19.13,17.84,22713827,22713827,-0.14,-0.72652,19.215,"April 24, 24",-0.0072652,,,,,
2024-04-23,19.6,19.72,19.27,19.37,18.06,19765100,19765100,-0.23,-1.17,19.49,"April 23, 24",-0.0117,,,,,
2024-04-22,19.58,19.71,19.18,19.58,18.26,17453813,17453813,0,0,19.5125,"April 22, 24",0,,,,,
2024-04-19,19.49,19.69,19.39,19.58,18.26,9506274,9506274,0.09,0.46178,19.5375,"April 19, 24",0.0046178,,,,,
2024-04-18,19.37,19.61,19.26,19.58,18.26,11215757,11215757,0.21,1.08,19.455,"April 18, 24",0.0108,,,,,
2024-04-17,19.33,19.35,19.05,19.27,17.97,10022900,10022900,-0.06,-0.3104,19.25,"April 17, 24",-0.003104,,,,,
2024-04-16,19.08,19.17,18.85,19.11,17.82,20306600,20306600,0.03,0.15723,19.0525,"April 16, 24",0.0015723,,,,,
2024-04-15,19.3,19.35,19.01,19.13,17.84,13423461,13423461,-0.17,-0.88083,19.1975,"April 15, 24",-0.0088083,,,,,
2024-04-12,19.44,19.54,19.11,19.13,17.84,9414887,9414887,-0.31,-1.59,19.305,"April 12, 24",-0.0159,,,,,
2024-04-11,19.96,19.98,19.35,19.45,18.13,25410054,25410054,-0.51,-2.56,19.685,"April 11, 24",-0.0256,,,,,
2024-04-10,20.14,20.29,20.01,20.24,18.87,11808100,11808100,0.1,0.49652,20.17,"April 10, 24",0.0049652,,,,,
2024-04-09,20.09,20.45,19.99,20.35,18.97,10106813,10106813,0.26,1.29,20.22,"April 09, 24",0.0129,,,,,
2024-04-08,20.25,20.26,20.05,20.06,18.7,9262860,9262860,-0.19,-0.93827,20.155,"April 08, 24",-0.0093827,,,,,
2024-04-05,20.12,20.31,20.05,20.25,18.88,11313103,11313103,0.13,0.64612,20.1825,"April 05, 24",0.0064612,,,,,
2024-04-04,20.51,20.58,20.15,20.17,18.81,12183557,12183557,-0.34,-1.66,20.3525,"April 04, 24",-0.0166,,,,,
2024-04-03,20.75,20.78,20.23,20.34,18.96,15066277,15066277,-0.41,-1.98,20.525,"April 03, 24",-0.0198,,,,,
2024-04-02,21.25,21.3,20.8,20.82,19.41,15495100,15495100,-0.43,-2.02,21.0425,"April 02, 24",-0.0202,,,,,
2024-04-01,21.44,21.48,21.11,21.23,19.79,10457625,10457625,-0.21,-0.97948,21.315,"April 01, 24",-0.0097948,,,,,
2024-03-28,21.58,21.58,21.36,21.46,20.01,14405440,14405440,-0.12,-0.55607,21.495,"March 28, 24",-0.0055607,,,,,
2024-03-27,21.01,21.46,20.98,21.45,20,13286705,13286705,0.44,2.09,21.225,"March 27, 24",0.0209,,,,,
2024-03-26,20.72,21.02,20.64,20.93,19.51,14484300,14484300,0.21,1.01,20.8275,"March 26, 24",0.0101,,,,,
2024-03-25,20.71,20.91,20.57,20.65,19.25,11924721,11924721,-0.06,-0.28972,20.71,"March 25, 24",-0.0028972,,,,,
2024-03-22,20.78,20.87,20.54,20.6,19.21,10408924,10408924,-0.18,-0.86622,20.6975,"March 22, 24",-0.0086622,,,,,
2024-03-21,20.42,20.92,20.42,20.71,19.31,18323600,18323600,0.29,1.42,20.6175,"March 21, 24",0.0142,,,,,
2024-03-20,20.16,20.42,20.08,20.41,19.03,13173427,13173427,0.25,1.24,20.2675,"March 20, 24",0.0124,,,,,
2024-03-19,20.34,20.4,20.1,20.2,18.83,18217348,18217348,-0.14,-0.6883,20.26,"March 19, 24",-0.006883,,,,,
2024-03-18,20.11,20.38,19.97,20.2,18.83,18907574,18907574,0.09,0.44754,20.165,"March 18, 24",0.0044754,,,,,
2024-03-15,19.8,20.42,19.8,20.34,18.96,68562300,68562300,0.54,2.73,20.09,"March 15, 24",0.0273,,,,,
2024-03-14,20.26,20.37,19.92,20.07,18.71,18494043,18494043,-0.19,-0.93781,20.155,"March 14, 24",-0.0093781,,,,,
2024-03-13,20.2,20.55,20.2,20.41,19.03,23717418,23717418,0.21,1.04,20.34,"March 13, 24",0.0104,,,,,
2024-03-12,20.19,20.39,20.12,20.14,18.78,12156760,12156760,-0.05,-0.24765,20.21,"March 12, 24",-0.0024765,,,,,
2024-03-11,20.06,20.34,20.02,20.15,18.79,12106400,12106400,0.09,0.44865,20.1425,"March 11, 24",0.0044865,,,,,
2024-03-08,19.69,20.13,19.67,20.02,18.67,11932700,11932700,0.33,1.68,19.8775,"March 08, 24",0.0168,,,,,
2024-03-07,19.69,20.23,19.67,19.8,18.46,22511017,22511017,0.11,0.55866,19.8475,"March 07, 24",0.0055866,,,,,
2024-03-06,19,19.76,18.99,19.58,18.26,17447930,17447930,0.58,3.05,19.3325,"March 06, 24",0.0305,,,,,
2024-03-05,18.91,19.2,18.83,19.01,17.72,19216175,19216175,0.1,0.52882,18.9875,"March 05, 24",0.0052882,,,,,
2024-03-04,18.76,19.08,18.61,18.96,17.68,18745500,18745500,0.2,1.07,18.8525,"March 04, 24",0.0107,,,,,
2024-03-01,18.82,18.94,18.69,18.82,17.55,14618600,14618600,0,0,18.8175,"March 01, 24",0,,,,,
2024-02-29,19.16,19.27,18.9,19,17.72,19298629,19298629,-0.16,-0.83507,19.0825,"February 29, 24",-0.0083507,,,,,
2024-02-28,18.93,19.17,18.71,19.14,17.85,16447700,16447700,0.21,1.11,18.9875,"February 28, 24",0.0111,,,,,
2024-02-27,18.91,18.97,18.72,18.92,17.64,15954207,15954207,0.01,0.05288207,18.88,"February 27, 24",0.0005288207,,,,,
2024-02-26,19.14,19.14,18.84,18.94,17.66,17420200,17420200,-0.2,-1.04,19.015,"February 26, 24",-0.0104,,,,,
2024-02-23,19.15,19.33,19.05,19.18,17.88,13774642,13774642,0.03,0.15666,19.1775,"February 23, 24",0.0015666,,,,,
2024-02-22,19.26,19.32,18.95,19.19,17.89,11359224,11359224,-0.07,-0.36345,19.18,"February 22, 24",-0.0036345,,,,,
2024-02-21,19.1,19.34,18.9,19.3,18,12660727,12660727,0.2,1.05,19.16,"February 21, 24",0.0105,,,,,
2024-02-20,18.99,19.13,18.85,19.06,17.77,15817600,15817600,0.07,0.36862,19.0075,"February 20, 24",0.0036862,,,,,
2024-02-16,19.01,19.1,18.92,19.05,17.76,16387600,16387600,0.04,0.21042,19.02,"February 16, 24",0.0021042,,,,,
2024-02-15,19.11,19.26,19,19.05,17.76,18646500,18646500,-0.06,-0.31397,19.105,"February 15, 24",-0.0031397,,,,,
2024-02-14,19.22,19.36,19.01,19.09,17.8,15853010,15853010,-0.13,-0.67638,19.17,"February 14, 24",-0.0067638,,,,,
2024-02-13,19.4,19.59,19.09,19.25,17.95,16678505,16678505,-0.15,-0.7732,19.3325,"February 13, 24",-0.007732,0.2,2024-02-14,2024-01-25,0.2,2024-02-28
2024-02-12,19.47,19.64,19.31,19.59,18.08,17750933,17750933,0.12,0.61633,19.5025,"February 12, 24",0.0061633,,,,,
2024-02-09,19.2,19.61,19.08,19.33,17.84,24589789,24589789,0.13,0.67708,19.305,"February 09, 24",0.0067708,,,,,
2024-02-08,19.85,20.05,19.3,19.33,17.84,44119619,44119619,-0.52,-2.62,19.6325,"February 08, 24",-0.0262,,,,,
2024-02-07,20.74,20.74,20.41,20.52,18.94,26170300,26170300,-0.22,-1.06,20.6025,"February 07, 24",-0.0106,,,,,
2024-02-06,20.44,20.75,20.4,20.6,19.01,13267155,13267155,0.16,0.78278,20.5475,"February 06, 24",0.0078278,,,,,
2024-02-05,20.75,20.75,20.25,20.48,18.9,12643400,12643400,-0.27,-1.3,20.5575,"February 05, 24",-0.013,,,,,
2024-02-02,20.72,20.92,20.63,20.83,19.22,12678943,12678943,0.11,0.53089,20.775,"February 02, 24",0.0053089,,,,,
2024-02-01,20.78,21,20.54,20.89,19.28,11400600,11400600,0.11,0.52936,20.8025,"February 01, 24",0.0052936,,,,,
2024-01-31,20.95,20.96,20.73,20.76,19.16,13225751,13225751,-0.19,-0.90692,20.85,"January 31, 24",-0.0090692,,,,,
2024-01-30,20.95,20.98,20.71,20.87,19.26,10593626,10593626,-0.08,-0.38186,20.8775,"January 30, 24",-0.0038186,,,,,
2024-01-29,20.84,21.11,20.82,21.04,19.42,10817159,10817159,0.2,0.95969,20.9525,"January 29, 24",0.0095969,,,,,
2024-01-26,20.89,20.99,20.79,20.84,19.23,14121400,14121400,-0.05,-0.23935,20.8775,"January 26, 24",-0.0023935,,,,,
2024-01-25,20.6,20.79,20.44,20.75,19.15,12613713,12613713,0.15,0.72816,20.645,"January 25, 24",0.0072816,,,,,
2024-01-24,20.87,20.98,20.41,20.43,18.86,12345257,12345257,-0.44,-2.11,20.6725,"January 24, 24",-0.0211,,,,,
2024-01-23,20.6,20.98,20.56,20.91,19.3,16013200,16013200,0.315,1.5,20.7625,"January 23, 24",0.015,,,,,
2024-01-22,20.52,20.69,20.28,20.44,18.86,20041600,20041600,-0.08,-0.38986,20.4825,"January 22, 24",-0.0038986,,,,,
2024-01-19,20.95,20.95,20.53,20.71,19.11,15841800,15841800,-0.24,-1.15,20.785,"January 19, 24",-0.0115,,,,,
2024-01-18,20.89,21.01,20.73,20.94,19.33,9154624,9154624,0.05,0.23935,20.8925,"January 18, 24",0.0023935,,,,,
2024-01-17,21.06,21.25,20.93,20.98,19.36,14488900,14488900,-0.08,-0.37987,21.055,"January 17, 24",-0.0037987,,,,,
2024-01-16,21.43,21.5,21.08,21.23,19.59,12962433,12962433,-0.2,-0.93327,21.31,"January 16, 24",-0.0093327,,,,,
2024-01-12,22,22.04,21.44,21.51,19.85,16986452,16986452,-0.49,-2.23,21.7475,"January 12, 24",-0.0223,,,,,
2024-01-11,21.69,21.94,21.46,21.93,20.24,16607600,16607600,0.24,1.11,21.755,"January 11, 24",0.0111,,,,,
2024-01-10,21.8,21.9,21.55,21.77,20.09,17926077,17926077,-0.03,-0.13761,21.755,"January 10, 24",-0.0013761,,,,,
2024-01-09,21.52,21.86,21.52,21.85,20.17,18106315,18106315,0.33,1.53,21.6875,"January 09, 24",0.0153,,,,,
2024-01-08,21.25,21.65,21.25,21.63,19.96,14321011,14321011,0.38,1.79,21.445,"January 08, 24",0.0179,,,,,
2024-01-05,21,21.41,20.94,21.35,19.7,24854106,24854106,0.35,1.67,21.175,"January 05, 24",0.0167,,,,,
2024-01-04,21.29,21.39,20.89,20.9,19.29,16729020,16729020,-0.39,-1.83,21.1175,"January 04, 24",-0.0183,,,,,
2024-01-03,21.42,21.6,21.19,21.27,19.63,18892550,18892550,-0.15,-0.70028,21.37,"January 03, 24",-0.0070028,,,,,
2024-01-02,21.45,21.86,21.42,21.57,19.91,35216200,35216200,0.12,0.55944,21.575,"January 02, 24",0.0055944,,,,,
2023-12-29,21.41,21.56,21.33,21.53,19.87,9359235,9359235,0.12,0.56049,21.4575,"December 29, 23",0.0056049,,,,,
2023-12-28,21.53,21.65,21.39,21.47,19.82,8147094,8147094,-0.055,-0.27868,21.51,"December 28, 23",-0.0027868,,,,,
2023-12-27,21.27,21.55,21.26,21.55,19.89,10852622,10852622,0.28,1.32,21.4075,"December 27, 23",0.0132,,,,,
2023-12-26,21.25,21.4,21.14,21.29,19.65,8128632,8128632,0.04,0.18824,21.27,"December 26, 23",0.0018824,,,,,
2023-12-22,21.25,21.42,21.21,21.36,19.71,9577745,9577745,0.11,0.51765,21.31,"December 22, 23",0.0051765,,,,,
2023-12-21,21.05,21.24,20.92,21.22,19.58,14647236,14647236,0.17,0.8076,21.1075,"December 21, 23",0.008076,,,,,
2023-12-20,21.39,21.68,20.9,20.95,19.34,24956734,24956734,-0.44,-2.06,21.23,"December 20, 23",-0.0206,,,,,
2023-12-19,22.25,22.31,21.24,21.47,19.82,50883826,50883826,-0.78,-3.51,21.8175,"December 19, 23",-0.0351,,,,,
2023-12-18,21.1,21.13,20.88,21.01,19.39,16832900,16832900,-0.09,-0.42654,21.03,"December 18, 23",-0.0042654,,,,,
2023-12-15,20.87,21.06,20.78,20.99,19.37,38178500,38178500,0.12,0.57499,20.925,"December 15, 23",0.0057499,,,,,
2023-12-14,21.13,21.26,20.83,21.06,19.44,19302401,19302401,-0.07,-0.33128,21.07,"December 14, 23",-0.0033128,,,,,
2023-12-13,20.84,21.04,20.52,21.04,19.42,19393509,19393509,0.2,0.95969,20.86,"December 13, 23",0.0095969,,,,,
2023-12-12,20.66,20.91,20.37,20.75,19.15,17755000,17755000,0.09,0.43562,20.6725,"December 12, 23",0.0043562,,,,,
2023-12-11,20.5,20.72,20.3,20.59,19,18094959,18094959,0.09,0.43902,20.5275,"December 11, 23",0.0043902,,,,,
2023-12-08,20.88,21,20.6,20.61,19.02,24536000,24536000,-0.27,-1.29,20.7725,"December 08, 23",-0.0129,,,,,
2023-12-07,19.59,21.39,19.5,20.81,19.21,60070800,60070800,1.22,6.23,20.3225,"December 07, 23",0.0623,,,,,
2023-12-06,20.22,20.25,19.22,19.39,17.9,37456400,37456400,-0.83,-4.1,19.77,"December 06, 23",-0.041,,,,,
2023-12-05,20.59,20.65,20.16,20.17,18.62,19199057,19199057,-0.42,-2.04,20.3925,"December 05, 23",-0.0204,,,,,
2023-12-04,20.62,20.85,20.5,20.62,19.03,22516200,22516200,0,0,20.6475,"December 04, 23",0,,,,,
2023-12-01,20.31,20.79,20.31,20.69,19.1,17798785,17798785,0.38,1.87,20.525,"December 01, 23",0.0187,,,,,
2023-11-30,20.22,20.46,20.04,20.44,18.86,47302832,47302832,0.22,1.09,20.29,"November 30, 23",0.0109,,,,,
2023-11-29,20.23,20.36,20.06,20.08,18.53,13457500,13457500,-0.15,-0.74147,20.1825,"November 29, 23",-0.0074147,,,,,
2023-11-28,20.15,20.25,20.08,20.16,18.61,19154521,19154521,0.01,0.04962779,20.16,"November 28, 23",0.0004962779,,,,,
2023-11-27,20.19,20.27,20.01,20.16,18.61,32839917,32839917,-0.03,-0.14859,20.1575,"November 27, 23",-0.0014859,,,,,
2023-11-24,20.12,20.5,20.12,20.25,18.69,12663700,12663700,0.13,0.64612,20.2475,"November 24, 23",0.0064612,,,,,
2023-11-22,20,20.31,19.97,20.04,18.5,21324353,21324353,0.04,0.2,20.08,"November 22, 23",0.002,,,,,
2023-11-21,19.74,20.04,19.72,19.9,18.37,17663032,17663032,0.16,0.81054,19.85,"November 21, 23",0.0081054,,,,,
2023-11-20,19.71,19.88,19.46,19.75,18.23,18248806,18248806,0.04,0.20294,19.7,"November 20, 23",0.0020294,,,,,
2023-11-17,19.56,19.81,19.48,19.68,18.16,12840938,12840938,0.12,0.6135,19.6325,"November 17, 23",0.006135,,,,,
2023-11-16,19.56,19.64,19.47,19.61,18.1,12665000,12665000,0.05,0.25562,19.57,"November 16, 23",0.0025562,,,,,
2023-11-15,19.59,19.77,19.49,19.6,18.09,16026467,16026467,0.01,0.05104645,19.6125,"November 15, 23",0.0005104645,,,,,
2023-11-14,19.24,19.6,19.12,19.41,17.91,16003900,16003900,0.17,0.88358,19.3425,"November 14, 23",0.0088358,,,,,
2023-11-13,19.15,19.19,19,19.1,17.63,14283900,14283900,-0.05,-0.2611,19.11,"November 13, 23",-0.002611,,,,,
2023-11-10,19.25,19.32,19.09,19.15,17.67,14475660,14475660,-0.1,-0.51948,19.2025,"November 10, 23",-0.0051948,,,,,
2023-11-09,19.28,19.3,19.04,19.22,17.74,10423424,10423424,-0.06,-0.3112,19.21,"November 09, 23",-0.003112,,,,,
2023-11-08,19.56,19.7,19.11,19.16,17.68,13552103,13552103,-0.4,-2.04,19.3825,"November 08, 23",-0.0204,,,,,
2023-11-07,19.22,19.61,19.19,19.6,18.09,12172600,12172600,0.38,1.98,19.405,"November 07, 23",0.0198,0.2,2023-12-08,2023-10-26,0.2,2023-11-22
2023-11-06,19.46,19.54,19.24,19.35,17.67,13242046,13242046,-0.11,-0.56526,19.3975,"November 06, 23",-0.0056526,,,,,
2023-11-03,19.49,19.71,19.3,19.37,17.69,16874300,16874300,-0.12,-0.6157,19.4675,"November 03, 23",-0.006157,,,,,
2023-11-02,19,19.25,18.78,19.23,17.56,15439040,15439040,0.23,1.21,19.065,"November 02, 23",0.0121,,,,,
2023-11-01,18.58,18.9,18.41,18.88,17.24,20218187,20218187,0.3,1.61,18.6925,"November 01, 23",0.0161,,,,,
2023-10-31,18.81,18.88,18.5,18.6,16.99,81622600,81622600,-0.21,-1.12,18.6975,"October 31, 23",-0.0112,,,,,
2023-10-30,18.34,18.88,17.82,18.64,17.02,39398800,39398800,0.3,1.64,18.42,"October 30, 23",0.0164,,,,,
2023-10-27,18.61,18.71,18.09,18.21,16.63,43215557,43215557,-0.395,-2.15,18.405,"October 27, 23",-0.0215,,,,,
2023-10-26,18.85,19.13,18.5,18.69,17.07,60514900,60514900,-0.16,-0.84881,18.7925,"October 26, 23",-0.0084881,,,,,
2023-10-25,20,20.12,19.72,19.73,18.02,24711200,24711200,-0.27,-1.35,19.8925,"October 25, 23",-0.0135,,,,,
2023-10-24,19.68,20,19.65,19.98,18.25,21650931,21650931,0.3,1.52,19.8275,"October 24, 23",0.0152,,,,,
2023-10-23,19.52,19.81,19.43,19.68,17.97,19716500,19716500,0.16,0.81967,19.61,"October 23, 23",0.0081967,,,,,
2023-10-20,19.87,20.03,19.72,19.74,18.03,24057700,24057700,-0.13,-0.65425,19.84,"October 20, 23",-0.0065425,,,,,
2023-10-19,20.05,20.21,19.82,19.84,18.12,18831507,18831507,-0.21,-1.05,19.98,"October 19, 23",-0.0105,,,,,
2023-10-18,19.79,20.08,19.69,20.06,18.32,18294344,18294344,0.27,1.36,19.905,"October 18, 23",0.0136,,,,,
2023-10-17,19.29,19.9,19.01,19.78,18.06,18750323,18750323,0.49,2.54,19.495,"October 17, 23",0.0254,,,,,
2023-10-16,19.37,19.72,19.1,19.54,17.84,15272000,15272000,0.17,0.87765,19.4325,"October 16, 23",0.0087765,,,,,
2023-10-13,19.38,19.49,19.25,19.37,17.69,16411302,16411302,-0.01,-0.05159959,19.3725,"October 13, 23",-0.0005159959,,,,,
2023-10-12,19.6,19.72,19.24,19.32,17.64,14461536,14461536,-0.28,-1.43,19.47,"October 12, 23",-0.0143,,,,,
2023-10-11,19.83,19.88,19.36,19.57,17.87,20414732,20414732,-0.26,-1.31,19.66,"October 11, 23",-0.0131,,,,,
2023-10-10,19.92,20.08,19.63,19.69,17.98,13937911,13937911,-0.23,-1.15,19.83,"October 10, 23",-0.0115,,,,,
2023-10-09,19.87,20.13,19.67,19.87,18.14,16032818,16032818,0,0,19.885,"October 09, 23",0,,,,,
2023-10-06,19.67,20.26,19.39,20.07,18.33,25090300,25090300,0.4,2.03,19.8475,"October 06, 23",0.0203,,,,,
2023-10-05,19.81,19.91,19.58,19.76,18.04,18014900,18014900,-0.05,-0.2524,19.765,"October 05, 23",-0.002524,,,,,
2023-10-04,19.92,19.99,19.55,19.73,18.02,19610513,19610513,-0.19,-0.95382,19.7975,"October 04, 23",-0.0095382,,,,,
2023-10-03,20.39,20.59,19.91,19.99,18.25,24924500,24924500,-0.4,-1.96,20.22,"October 03, 23",-0.0196,,,,,
2023-10-02,20.24,20.48,20.14,20.32,18.56,25296300,25296300,0.08,0.39526,20.295,"October 02, 23",0.0039526,,,,,
2023-09-29,20.27,20.33,20.02,20.08,18.34,27974934,27974934,-0.19,-0.93735,20.175,"September 29, 23",-0.0093735,,,,,
2023-09-28,20.12,20.28,19.95,20.11,18.36,32556800,32556800,-0.01,-0.04970179,20.115,"September 28, 23",-0.0004970179,,,,,
2023-09-27,20.71,20.8,20.04,20.22,18.46,25270500,25270500,-0.49,-2.37,20.4425,"September 27, 23",-0.0237,,,,,
2023-09-26,20.59,20.85,20.48,20.64,18.85,23574250,23574250,0.05,0.24284,20.64,"September 26, 23",0.0024284,,,,,
2023-09-25,20.51,20.85,20.47,20.83,19.02,16272155,16272155,0.32,1.56,20.665,"September 25, 23",0.0156,,,,,
2023-09-22,20.95,21.03,20.5,20.55,18.77,14866415,14866415,-0.4,-1.91,20.7575,"September 22, 23",-0.0191,,,,,
2023-09-21,20.92,21.26,20.71,20.84,19.03,20602784,20602784,-0.08,-0.38241,20.9325,"September 21, 23",-0.0038241,,,,,
2023-09-20,21.25,21.4,20.88,20.89,19.08,15624589,15624589,-0.36,-1.69,21.105,"September 20, 23",-0.0169,,,,,
2023-09-19,20.91,21.1,20.69,21.06,19.23,21146004,21146004,0.15,0.71736,20.94,"September 19, 23",0.0071736,,,,,
2023-09-18,21.35,21.35,20.83,21.08,19.25,18035300,18035300,-0.27,-1.26,21.1525,"September 18, 23",-0.0126,,,,,
2023-09-15,21.72,21.87,21.2,21.22,19.38,32265200,32265200,-0.5,-2.3,21.5025,"September 15, 23",-0.023,,,,,
2023-09-14,21.83,21.83,21.5,21.74,19.85,22195700,22195700,-0.09,-0.41228,21.725,"September 14, 23",-0.0041228,,,,,
2023-09-13,21.09,21.91,21.08,21.6,19.72,35434531,35434531,0.51,2.42,21.42,"September 13, 23",0.0242,,,,,
2023-09-12,22.08,22.12,21.01,21.06,19.23,43697200,43697200,-1.02,-4.62,21.5675,"September 12, 23",-0.0462,,,,,
2023-09-11,22.13,22.18,21.6,22.07,20.15,42830617,42830617,-0.06,-0.27113,21.995,"September 11, 23",-0.0027113,,,,,
2023-09-08,20.86,21.43,20.38,21.3,19.45,59636110,59636110,0.44,2.11,20.9925,"September 08, 23",0.0211,,,,,
2023-09-07,22.44,22.58,20.96,20.99,19.17,102648329,102648329,-1.45,-6.46,21.7425,"September 07, 23",-0.0646,,,,,
2023-09-06,22.66,22.71,22.3,22.38,20.44,24727734,24727734,-0.28,-1.24,22.5125,"September 06, 23",-0.0124,,,,,
2023-09-05,22.92,22.98,22.59,22.61,20.65,28465015,28465015,-0.31,-1.35,22.775,"September 05, 23",-0.0135,,,,,
2023-09-01,23.2,23.33,22.87,22.96,20.97,27566400,27566400,-0.24,-1.03,23.09,"September 01, 23",-0.0103,,,,,
2023-08-31,23.09,23.33,23.01,23.05,21.05,36119737,36119737,-0.04,-0.17324,23.12,"August 31, 23",-0.0017324,,,,,
2023-08-30,22.84,23.14,22.65,23.07,21.07,36094000,36094000,0.23,1.01,22.925,"August 30, 23",0.0101,,,,,
2023-08-29,22.73,23.13,22.57,22.86,20.88,59445836,59445836,0.13,0.57193,22.8225,"August 29, 23",0.0057193,,,,,
2023-08-28,22.92,23.2,22.61,22.97,20.98,39395000,39395000,0.05,0.21815,22.925,"August 28, 23",0.0021815,,,,,
2023-08-25,23.2,23.29,22.82,22.97,20.98,86974649,86974649,-0.23,-0.99138,23.07,"August 25, 23",-0.0099138,0.2,2023-08-28,2023-07-20,0.2,2023-09-07
2023-08-24,23.96,24.1,23.14,23.66,21.42,372341300,372341300,-0.3,-1.25,23.715,"August 24, 23",-0.0125,,,,,
2023-08-23,23.85,24.05,23.62,23.62,21.38,119406822,119406822,-0.23,-0.96436,23.785,"August 23, 23",-0.0096436,,,,,
2023-08-22,23.24,23.82,23.12,23.74,21.49,90558773,90558773,0.5,2.15,23.48,"August 22, 23",0.0215,,,,,
2023-08-21,23.17,23.69,22.81,22.9,20.73,178017500,178017500,-0.27,-1.17,23.1425,"August 21, 23",-0.0117,,,,,
2023-08-18,22.96,23,22.36,22.87,20.7,93537500,93537500,-0.09,-0.39199,22.7975,"August 18, 23",-0.0039199,,,,,
2023-08-17,23.12,23.29,22.55,22.78,20.62,71709344,71709344,-0.34,-1.47,22.935,"August 17, 23",-0.0147,,,,,
2023-08-16,23.49,23.55,22.81,22.93,20.76,86179200,86179200,-0.56,-2.38,23.195,"August 16, 23",-0.0238,,,,,
2023-08-15,22.92,23.77,22.64,23.26,21.06,105996543,105996543,0.34,1.48,23.1475,"August 15, 23",0.0148,,,,,
2023-08-14,23.6,23.7,22.85,22.94,20.77,89481200,89481200,-0.66,-2.8,23.2725,"August 14, 23",-0.028,,,,,
2023-08-11,23.3,23.8,23.25,23.72,21.47,46063248,46063248,0.42,1.8,23.5175,"August 11, 23",0.018,,,,,
2023-08-10,23.75,23.89,23.11,23.37,21.16,51365500,51365500,-0.38,-1.6,23.53,"August 10, 23",-0.016,,,,,
2023-08-09,23.3,23.44,23.06,23.35,21.14,40849128,40849128,0.05,0.21459,23.2875,"August 09, 23",0.0021459,,,,,
2023-08-08,23.55,23.55,23.21,23.38,21.17,20150645,20150645,-0.17,-0.72187,23.4225,"August 08, 23",-0.0072187,,,,,
2023-08-07,23.67,23.68,23.32,23.54,21.31,15379100,15379100,-0.13,-0.54922,23.5525,"August 07, 23",-0.0054922,,,,,
2023-08-04,24.02,24.02,23.27,23.53,21.3,20999546,20999546,-0.49,-2.04,23.71,"August 04, 23",-0.0204,,,,,
2023-08-03,24.03,24.44,23.75,23.99,21.72,16111000,16111000,-0.04,-0.16646,24.0525,"August 03, 23",-0.0016646,,,,,
2023-08-02,23.55,23.92,23.37,23.9,21.64,16233758,16233758,0.35,1.49,23.685,"August 02, 23",0.0149,,,,,
2023-08-01,23.51,23.77,23.38,23.65,21.41,14687140,14687140,0.14,0.59549,23.5775,"August 01, 23",0.0059549,,,,,
2023-07-31,24.01,24.08,23.5,23.68,21.44,14634905,14634905,-0.33,-1.37,23.8175,"July 31, 23",-0.0137,,,,,
2023-07-28,24.23,24.43,24.05,24.4,22.09,13217823,13217823,0.17,0.70161,24.2775,"July 28, 23",0.0070161,,,,,
2023-07-27,24.95,25,23.96,24.24,21.95,11476343,11476343,-0.71,-2.85,24.5375,"July 27, 23",-0.0285,,,,,
2023-07-26,25.09,25.23,24.29,24.69,22.35,10716442,10716442,-0.4,-1.59,24.825,"July 26, 23",-0.0159,,,,,
2023-07-25,24.34,25.12,24.15,25.12,22.74,15018140,15018140,0.78,3.2,24.6825,"July 25, 23",0.032,,,,,
2023-07-24,23.17,24.41,23.12,24.16,21.87,22641618,22641618,0.99,4.27,23.715,"July 24, 23",0.0427,,,,,
2023-07-21,24.65,24.88,23.78,24.01,21.74,14587910,14587910,-0.64,-2.6,24.33,"July 21, 23",-0.026,,,,,
2023-07-20,23.95,24.62,22.49,24.51,22.19,36675606,36675606,0.56,2.34,23.8925,"July 20, 23",0.0234,,,,,
2023-07-19,24.88,25.04,24.5,25,22.63,2870800,2870800,0.12,0.48232,24.855,"July 19, 23",0.0048232,,,,,
2023-07-18,24.75,25.03,24.75,24.81,22.46,1713515,1713515,0.06,0.24242,24.835,"July 18, 23",0.0024242,,,,,
2023-07-17,24.9,25.06,24.74,24.89,22.53,1709357,1709357,-0.01,-0.04016064,24.8975,"July 17, 23",-0.0004016064,,,,,
2023-07-14,25.53,25.61,24.72,24.94,22.58,3830357,3830357,-0.59,-2.31,25.2,"July 14, 23",-0.0231,,,,,
2023-07-13,25.42,25.5,24.88,25.4,23,2477990,2477990,-0.02,-0.07867821,25.3,"July 13, 23",-0.0007867821,,,,,
2023-07-12,25.27,25.37,24.96,25.25,22.86,2320900,2320900,-0.02,-0.07914523,25.2125,"July 12, 23",-0.0007914523,,,,,
2023-07-11,25.48,25.55,25.01,25.08,22.71,1942721,1942721,-0.4,-1.57,25.28,"July 11, 23",-0.0157,,,,,
2023-07-10,25.31,25.53,25.1,25.25,22.86,2121200,2121200,-0.06,-0.23706,25.2975,"July 10, 23",-0.0023706,,,,,
2023-07-07,25.62,25.65,25.21,25.22,22.83,1793704,1793704,-0.4,-1.56,25.425,"July 07, 23",-0.0156,,,,,
2023-07-06,25.55,25.81,25.38,25.62,23.19,4856965,4856965,0.07,0.27397,25.59,"July 06, 23",0.0027397,,,,,
2023-07-05,25.91,26.25,25.62,25.7,23.27,1990827,1990827,-0.21,-0.8105,25.87,"July 05, 23",-0.008105,,,,,
2023-07-03,26.31,26.6,25.8,26.04,23.57,7558600,7558600,-0.27,-1.03,26.1875,"July 03, 23",-0.0103,,,,,
2023-06-30,26.04,26.66,25.97,26.42,23.92,3936600,3936600,0.38,1.46,26.2725,"June 30, 23",0.0146,,,,,
2023-06-29,25.74,26.22,25.71,25.99,23.53,1353900,1353900,0.25,0.97125,25.915,"June 29, 23",0.0097125,,,,,
2023-06-28,25.9,26.02,25.67,25.8,23.36,1807900,1807900,-0.1,-0.3861,25.8475,"June 28, 23",-0.003861,,,,,
2023-06-27,26.02,26.07,25.19,25.89,23.44,2904635,2904635,-0.13,-0.49962,25.7925,"June 27, 23",-0.0049962,,,,,
2023-06-26,26.59,26.6,26.02,26.15,23.67,2507300,2507300,-0.44,-1.65,26.34,"June 26, 23",-0.0165,,,,,
2023-06-23,26.55,26.74,26.27,26.48,23.97,2793408,2793408,-0.07,-0.26365,26.51,"June 23, 23",-0.0026365,,,,,
2023-06-22,26.2,26.6,26.2,26.55,24.04,1130722,1130722,0.35,1.34,26.3875,"June 22, 23",0.0134,,,,,
2023-06-21,26.19,26.7,25.77,26.2,23.72,3606079,3606079,0.01,0.03818251,26.215,"June 21, 23",0.0003818251,,,,,
2023-06-20,25.95,26.38,25.94,26.06,23.59,1487500,1487500,0.11,0.42389,26.0825,"June 20, 23",0.0042389,,,,,
2023-06-16,25.85,26.26,25.7,26.25,23.76,2333040,2333040,0.4,1.55,26.015,"June 16, 23",0.0155,,,,,
2023-06-15,25.4,25.95,25.18,25.75,23.31,1442937,1442937,0.35,1.38,25.57,"June 15, 23",0.0138,,,,,
2023-06-14,25.13,25.49,25.12,25.34,22.94,2412020,2412020,0.21,0.83565,25.27,"June 14, 23",0.0083565,,,,,
2023-06-13,24.99,25.22,24.96,25.13,22.75,2039885,2039885,0.14,0.56022,25.075,"June 13, 23",0.0056022,,,,,
2023-06-12,25.01,25.2,24.75,25.02,22.65,2619908,2619908,0.01,0.03998401,24.995,"June 12, 23",0.0003998401,,,,,
2023-06-09,25.05,25.16,24.85,25.1,22.72,1874183,1874183,0.05,0.1996,25.04,"June 09, 23",0.001996,,,,,
2023-06-08,24.99,25.16,24.81,25.11,22.73,2712896,2712896,0.12,0.48019,25.0175,"June 08, 23",0.0048019,,,,,
2023-06-07,25.1,25.26,24.91,25.08,22.71,1626684,1626684,-0.02,-0.07968127,25.0875,"June 07, 23",-0.0007968127,,,,,
2023-06-06,25,25.39,24.9,25.17,22.79,1315152,1315152,0.17,0.68,25.115,"June 06, 23",0.0068,,,,,
2023-06-05,25.58,25.77,24.83,25.15,22.77,4799086,4799086,-0.43,-1.68,25.3325,"June 05, 23",-0.0168,,,,,
2023-06-02,25.26,25.7,24.97,25.55,23.13,2329438,2329438,0.29,1.15,25.37,"June 02, 23",0.0115,,,,,
2023-06-01,25.3,25.64,24.75,25.28,22.89,6072717,6072717,-0.02,-0.07905138,25.2425,"June 01, 23",-0.0007905138,,,,,
2023-05-31,25.62,25.62,24.99,25.09,22.71,6347800,6347800,-0.53,-2.07,25.33,"May 31, 23",-0.0207,,,,,
2023-05-30,26.28,26.5,25.13,25.73,23.29,6340200,6340200,-0.55,-2.09,25.91,"May 30, 23",-0.0209,,,,,
2023-05-26,26.43,26.43,26.2,26.3,23.81,844146,844146,-0.13,-0.49187,26.34,"May 26, 23",-0.0049187,,,,,
2023-05-25,26.5,26.64,25.9,26.33,23.84,2139400,2139400,-0.17,-0.64151,26.3425,"May 25, 23",-0.0064151,,,,,
2023-05-24,26.01,26.55,25.86,26.45,23.95,1953645,1953645,0.44,1.69,26.2175,"May 24, 23",0.0169,,,,,
2023-05-23,26.01,26.26,25.81,26,23.54,2485156,2485156,-0.01,-0.03844675,26.02,"May 23, 23",-0.0003844675,,,,,
2023-05-22,27.33,27.43,25.96,26.07,23.6,7509571,7509571,-1.26,-4.61,26.6975,"May 22, 23",-0.0461,,,,,
2023-05-19,27.04,27.26,26.69,27.23,24.65,1794414,1794414,0.19,0.70266,27.055,"May 19, 23",0.0070266,,,,,
2023-05-18,27.22,27.35,26.7,27.04,24.48,2648100,2648100,-0.18,-0.66128,27.0775,"May 18, 23",-0.0066128,,,,,
2023-05-17,27.3,27.7,26.6,27.22,24.64,3392263,3392263,-0.08,-0.29304,27.205,"May 17, 23",-0.0029304,,,,,
2023-05-16,27.54,27.77,26.99,27.03,24.47,3820087,3820087,-0.51,-1.85,27.3325,"May 16, 23",-0.0185,,,,,
2023-05-15,26.5,27.8,26.5,27.5,24.9,7083230,7083230,1,3.77,27.075,"May 15, 23",0.0377,,,,,
2023-05-12,26.02,26.62,25.9,26.5,23.99,5433845,5433845,0.48,1.84,26.26,"May 12, 23",0.0184,,,,,
2023-05-11,26.03,26.33,26,26,23.54,5687334,5687334,-0.03,-0.11525,26.09,"May 11, 23",-0.0011525,,,,,
2023-05-10,26.28,26.77,26.01,26.25,23.76,9602428,9602428,-0.03,-0.11416,26.3275,"May 10, 23",-0.0011416,,,,,
2023-05-09,26.51,26.84,26.07,26.28,23.79,4684394,4684394,-0.23,-0.8676,26.425,"May 09, 23",-0.008676,,,,,
2023-05-08,26.33,26.85,25.91,26.51,24,6308300,6308300,0.18,0.68363,26.4,"May 08, 23",0.0068363,,,,,
2023-05-05,26.66,27.03,26.21,26.5,23.99,11292000,11292000,-0.16,-0.60015,26.6,"May 05, 23",-0.0060015,,,,,
2023-05-04,25.53,26.98,25.25,26.9,24.35,77004200,77004200,1.37,5.37,26.165,"May 04, 23",0.0537,,,,,
