date,open,high,low,close,adjClose,volume,unadjustedVolume,change,changePercent,vwap,label,changeOverTime,paymentDate,adjDividend,dividend,declarationDate,recordDate
2026-01-02,99.22,99.61,97.9,98.5,98.5,1124451,1124451,-0.72,-0.72566,98.8075,"January 02, 26",-0.0072566,,,,,
2025-12-31,101.14,101.49,99.7,99.78,99.78,866200,866200,-1.36,-1.34,100.5275,"December 31, 25",-0.0134,2026-01-30,0.13,0.13,2025-12-16,2025-12-31
2025-12-30,101.22,101.67,101.05,101.36,101.23,846400,846400,0.14,0.13831,101.325,"December 30, 25",0.0013831,,,,,
2025-12-29,102.2,102.55,101.1,101.5,101.37,1826013,1826013,-0.7,-0.68493,101.8375,"December 29, 25",-0.0068493,,,,,
2025-12-26,102.46,102.72,101.21,101.75,101.62,801100,801100,-0.71,-0.69295,102.035,"December 26, 25",-0.0069295,,,,,
2025-12-24,102.49,102.72,101.8,102.29,102.16,616700,616700,-0.2,-0.19514,102.325,"December 24, 25",-0.0019514,,,,,
2025-12-23,102.06,102.69,101.25,102.64,102.51,1293302,1293302,0.58,0.56829,102.16,"December 23, 25",0.0056829,,,,,
2025-12-22,100.49,102.06,100.17,102.01,101.88,1637104,1637104,1.52,1.51,101.1825,"December 22, 25",0.0151,,,,,
2025-12-19,100.44,100.82,99.47,100.59,100.46,5885600,5885600,0.15,0.14934,100.33,"December 19, 25",0.0014934,,,,,
2025-12-18,100.21,101.75,99.89,100.77,100.64,1972500,1972500,0.56,0.55883,100.655,"December 18, 25",0.0055883,,,,,
2025-12-17,99.02,100.43,98.66,100.05,99.92,2789217,2789217,1.03,1.04,99.54,"December 17, 25",0.0104,,,,,
2025-12-16,100.84,101.08,98.42,99.34,99.21,2202900,2202900,-1.5,-1.49,99.92,"December 16, 25",-0.0149,,,,,
2025-12-15,99.35,100.47,98.67,100.28,100.15,2257006,2257006,0.93,0.93608,99.6925,"December 15, 25",0.0093608,,,,,
2025-12-12,99.59,99.59,98.17,98.71,98.58,1276200,1276200,-0.88,-0.88362,99.015,"December 12, 25",-0.0088362,,,,,
2025-12-11,98.06,99.36,97.8,98.73,98.6,1489210,1489210,0.67,0.68326,98.4875,"December 11, 25",0.0068326,,,,,
2025-12-10,96.92,98.37,96.92,97.75,97.62,1692300,1692300,0.83,0.85638,97.49,"December 10, 25",0.0085638,,,,,
2025-12-09,99.56,99.71,98.19,98.41,98.28,1381429,1381429,-1.15,-1.16,98.9675,"December 09, 25",-0.0116,,,,,
2025-12-08,101.94,101.94,99.4,99.62,99.49,1519500,1519500,-2.32,-2.28,100.725,"December 08, 25",-0.0228,,,,,
2025-12-05,102.64,103.37,101.6,102.16,102.03,962929,962929,-0.48,-0.46765,102.4425,"December 05, 25",-0.0046765,,,,,
2025-12-04,102.51,104.09,102.48,102.89,102.76,1953800,1953800,0.38,0.3707,102.9925,"December 04, 25",0.003707,,,,,
2025-12-03,102.04,103.36,102.02,102.18,102.05,1074736,1074736,0.14,0.1372,102.4,"December 03, 25",0.001372,,,,,
2025-12-02,101.42,102.47,100.96,101.8,101.67,2030045,2030045,0.38,0.37468,101.6625,"December 02, 25",0.0037468,,,,,
2025-12-01,100.42,101.95,100.15,100.97,100.84,1438805,1438805,0.55,0.5477,100.8725,"December 01, 25",0.005477,,,,,
2025-11-28,101.68,101.98,101.05,101.22,101.09,759700,759700,-0.46,-0.4524,101.4825,"November 28, 25",-0.004524,,,,,
2025-11-26,103.87,103.87,100.94,101.27,101.14,1708300,1708300,-2.6,-2.5,102.4875,"November 26, 25",-0.025,,,,,
2025-11-25,100.68,104.33,100.68,103.96,103.83,2780600,2780600,3.28,3.26,102.4125,"November 25, 25",0.0326,,,,,
2025-11-24,98.64,98.85,97.46,98.14,98.01,4783739,4783739,-0.5,-0.50689,98.2725,"November 24, 25",-0.0050689,,,,,
2025-11-21,97.68,99.64,97.46,98.98,98.85,2183800,2183800,1.3,1.33,98.44,"November 21, 25",0.0133,,,,,
2025-11-20,98.83,99.31,97.07,97.29,97.17,1565261,1565261,-1.54,-1.56,98.125,"November 20, 25",-0.0156,,,,,
2025-11-19,97.61,98.58,97.11,98.26,98.13,1529300,1529300,0.65,0.66592,97.89,"November 19, 25",0.0066592,,,,,
2025-11-18,97.53,98.37,97.2,97.8,97.67,1652740,1652740,0.27,0.27684,97.725,"November 18, 25",0.0027684,,,,,
2025-11-17,98.77,99.15,97.75,98.07,97.94,1698914,1698914,-0.7,-0.70872,98.435,"November 17, 25",-0.0070872,,,,,
2025-11-14,98.99,99.48,97.84,98.78,98.65,1546927,1546927,-0.21,-0.21214,98.7725,"November 14, 25",-0.0021214,,,,,
2025-11-13,97.56,99.25,97.01,98.56,98.43,2049313,2049313,1,1.03,98.095,"November 13, 25",0.0103,,,,,
2025-11-12,98.11,98.75,97.51,97.73,97.6,1540500,1540500,-0.38,-0.38732,98.025,"November 12, 25",-0.0038732,,,,,
2025-11-11,98.26,98.59,97.66,97.89,97.76,1735900,1735900,-0.37,-0.37655,98.1,"November 11, 25",-0.0037655,,,,,
2025-11-10,98.76,99,97.69,98.26,98.13,1526939,1526939,-0.5,-0.50628,98.4275,"November 10, 25",-0.0050628,,,,,
2025-11-07,98.75,99.18,97.87,98.61,98.48,1669900,1669900,-0.14,-0.14177,98.6025,"November 07, 25",-0.0014177,,,,,
2025-11-06,99.57,100.6,98.3,98.52,98.39,1383700,1383700,-1.05,-1.05,99.2475,"November 06, 25",-0.0105,,,,,
2025-11-05,99.91,100.29,99.03,99.92,99.79,1902480,1902480,0.01,0.01000901,99.7875,"November 05, 25",0.0001000901,,,,,
2025-11-04,99.47,99.93,98.47,99.63,99.5,1442147,1442147,0.16,0.16085,99.375,"November 04, 25",0.0016085,,,,,
2025-11-03,98.06,99.25,97.16,98.94,98.81,2036800,2036800,0.88,0.89741,98.3525,"November 03, 25",0.0089741,,,,,
2025-10-31,99.82,100.12,98.64,98.68,98.55,2074806,2074806,-1.14,-1.14,99.315,"October 31, 25",-0.0114,,,,,
2025-10-30,99.55,100.74,99.41,100.38,100.25,2112217,2112217,0.83,0.83375,100.02,"October 30, 25",0.0083375,,,,,
2025-10-29,101.86,102.5,95.84,99.5,99.37,3095849,3095849,-2.36,-2.32,99.925,"October 29, 25",-0.0232,,,,,
2025-10-28,103.58,103.65,102.19,102.53,102.4,1421931,1421931,-1.05,-1.01,102.9875,"October 28, 25",-0.0101,,,,,
2025-10-27,104.57,105.21,103.8,104.12,103.99,1032900,1032900,-0.45,-0.43033,104.425,"October 27, 25",-0.0043033,,,,,
2025-10-24,105.31,105.75,104.18,104.65,104.52,919900,919900,-0.66,-0.62672,104.9725,"October 24, 25",-0.0062672,,,,,
2025-10-23,103.71,105.16,103.32,104.87,104.74,1245105,1245105,1.16,1.12,104.265,"October 23, 25",0.0112,,,,,
2025-10-22,103.88,104.79,103.28,103.8,103.67,1000000,1000000,-0.08,-0.07701194,103.9375,"October 22, 25",-0.0007701194,,,,,
2025-10-21,103.95,105.63,103.49,103.79,103.66,1347300,1347300,-0.16,-0.15392,104.215,"October 21, 25",-0.0015392,,,,,
2025-10-20,102.91,104.22,102.74,103.98,103.85,902707,902707,1.07,1.04,103.4625,"October 20, 25",0.0104,,,,,
2025-10-17,102.09,102.9,101.8,102.76,102.63,1075100,1075100,0.67,0.65628,102.3875,"October 17, 25",0.0065628,,,,,
2025-10-16,102,102.14,100.87,101.91,101.78,1189700,1189700,-0.09,-0.08823529,101.73,"October 16, 25",-0.0008823529,,,,,
2025-10-15,102.32,102.72,100.9,101.87,101.74,1014800,1014800,-0.45,-0.4398,101.9525,"October 15, 25",-0.004398,,,,,
2025-10-14,101.04,102.16,100.82,101.99,101.86,1453200,1453200,0.95,0.94022,101.5025,"October 14, 25",0.0094022,,,,,
2025-10-13,102.17,102.75,101.44,101.44,101.31,1093954,1093954,-0.73,-0.7145,101.95,"October 13, 25",-0.007145,,,,,
2025-10-10,102.87,103.23,101.4,101.87,101.74,1883133,1883133,-1,-0.9721,102.3425,"October 10, 25",-0.009721,,,,,
2025-10-09,103.78,104.22,102.48,102.87,102.74,1288400,1288400,-0.91,-0.87685,103.3375,"October 09, 25",-0.0087685,,,,,
2025-10-08,105.21,105.21,103.7,104,103.87,1118066,1118066,-1.21,-1.15,104.53,"October 08, 25",-0.0115,,,,,
2025-10-07,106.12,106.55,99.89,104.84,104.71,2437200,2437200,-1.28,-1.21,104.35,"October 07, 25",-0.0121,,,,,
2025-10-06,107.02,107.36,105.5,106.1,105.96,1084223,1084223,-0.915,-0.85965,106.495,"October 06, 25",-0.0085965,,,,,
2025-10-03,106.22,107.9,106.01,107.14,107,1134500,1134500,0.92,0.86613,106.8175,"October 03, 25",0.0086613,,,,,
2025-10-02,106.48,106.91,105.55,106.46,106.32,1221900,1221900,-0.02,-0.01878287,106.35,"October 02, 25",-0.0001878287,,,,,
2025-10-01,105.96,106.33,104.85,106.04,105.9,1845000,1845000,0.08,0.07550019,105.795,"October 01, 25",0.0007550019,,,,,
2025-09-30,104.62,106.66,104.62,106.61,106.47,1652612,1652612,1.99,1.9,105.6275,"September 30, 25",0.019,2025-10-31,0.11,0.11,2025-09-18,2025-09-30
2025-09-29,104.57,105.79,104.36,105.08,104.84,1292700,1292700,0.51,0.48771,104.95,"September 29, 25",0.0048771,,,,,
2025-09-26,104.66,105.21,103.32,104.63,104.39,1132300,1132300,-0.03,-0.02866425,104.455,"September 26, 25",-0.0002866425,,,,,
2025-09-25,106,106.65,104.06,104.49,104.25,1127607,1127607,-1.51,-1.42,105.3,"September 25, 25",-0.0142,,,,,
2025-09-24,104.99,105.69,104.34,105.63,105.39,1548340,1548340,0.64,0.60958,105.1625,"September 24, 25",0.0060958,,,,,
2025-09-23,105.8,106.23,104.67,105.39,105.15,879100,879100,-0.41,-0.38752,105.5225,"September 23, 25",-0.0038752,,,,,
2025-09-22,106.63,107.07,105.7,105.82,105.58,1353100,1353100,-0.81,-0.75964,106.305,"September 22, 25",-0.0075964,,,,,
2025-09-19,107.59,108,106.42,106.9,106.66,3165311,3165311,-0.69,-0.64132,107.2275,"September 19, 25",-0.0064132,,,,,
2025-09-18,107.61,107.96,106.78,107.06,106.82,1490835,1490835,-0.55,-0.5111,107.3525,"September 18, 25",-0.005111,,,,,
2025-09-17,106.98,108.59,106.26,106.74,106.5,2808400,2808400,-0.24,-0.22434,107.1425,"September 17, 25",-0.0022434,,,,,
2025-09-16,107.6,108.05,106,106.54,106.3,1651706,1651706,-1.06,-0.98513,107.0475,"September 16, 25",-0.0098513,,,,,
2025-09-15,109.14,109.53,107.75,107.8,107.55,1592604,1592604,-1.34,-1.23,108.555,"September 15, 25",-0.0123,,,,,
2025-09-12,109.45,109.86,108.5,109.03,108.78,1253317,1253317,-0.42,-0.38374,109.21,"September 12, 25",-0.0038374,,,,,
2025-09-11,106.48,109.28,106.48,109.1,108.85,1188900,1188900,2.62,2.46,107.835,"September 11, 25",0.0246,,,,,
2025-09-10,105,106.05,104.82,106.01,105.77,924516,924516,1.01,0.9619,105.47,"September 10, 25",0.009619,,,,,
2025-09-09,106.47,106.69,104.76,105.03,104.79,866100,866100,-1.44,-1.35,105.7375,"September 09, 25",-0.0135,,,,,
2025-09-08,105.71,106.95,105.01,106.9,106.66,910405,910405,1.19,1.13,106.1425,"September 08, 25",0.0113,,,,,
2025-09-05,106.78,107.02,105.46,105.71,105.47,965200,965200,-1.07,-1,106.2425,"September 05, 25",-0.01,,,,,
2025-09-04,105.57,106.6,104.88,106.6,106.36,1088589,1088589,1.03,0.97566,105.9125,"September 04, 25",0.0097566,,,,,
2025-09-03,104.78,105.54,104,105.07,104.83,1030321,1030321,0.29,0.27677,104.8475,"September 03, 25",0.0027677,,,,,
2025-09-02,105.66,105.97,104.39,105.28,105.04,887707,887707,-0.38,-0.35964,105.325,"September 02, 25",-0.0035964,,,,,
2025-08-29,106.37,106.8,105.93,106.19,105.95,716500,716500,-0.18,-0.16922,106.3225,"August 29, 25",-0.0016922,,,,,
2025-08-28,107.38,107.42,106.15,106.5,106.26,523123,523123,-0.88,-0.81952,106.8625,"August 28, 25",-0.0081952,,,,,
2025-08-27,107.17,107.82,106.81,107.37,107.13,597109,597109,0.2,0.18662,107.2925,"August 27, 25",0.0018662,,,,,
2025-08-26,107.06,107.68,106.59,107.11,106.87,1167900,1167900,0.05,0.04670278,107.11,"August 26, 25",0.0004670278,,,,,
2025-08-25,108.95,109.3,107,107.15,106.91,556106,556106,-1.8,-1.65,108.1,"August 25, 25",-0.0165,,,,,
2025-08-22,109,110.11,108.46,109.15,108.9,1108500,1108500,0.15,0.13761,109.18,"August 22, 25",0.0013761,,,,,
2025-08-21,108.62,109.03,108.05,108.47,108.22,646619,646619,-0.15,-0.1381,108.5425,"August 21, 25",-0.001381,,,,,
2025-08-20,108.5,109.24,108.2,108.91,108.66,1264102,1264102,0.41,0.37788,108.7125,"August 20, 25",0.0037788,,,,,
2025-08-19,106.9,108.38,106.68,108.1,107.85,977100,977100,1.2,1.12,107.515,"August 19, 25",0.0112,,,,,
2025-08-18,107.5,108.26,106.61,106.69,106.45,998800,998800,-0.81,-0.75349,107.265,"August 18, 25",-0.0075349,,,,,
2025-08-15,107.79,107.87,107.04,107.27,107.03,1130100,1130100,-0.52,-0.48242,107.4925,"August 15, 25",-0.0048242,,,,,
2025-08-14,109.29,109.29,107.37,107.67,107.42,957208,957208,-1.62,-1.48,108.405,"August 14, 25",-0.0148,,,,,
2025-08-13,109.01,109.81,107.1,109.75,109.5,1211200,1211200,0.74,0.67884,108.9175,"August 13, 25",0.0067884,,,,,
2025-08-12,107.48,108.94,107.01,108.81,108.56,1074200,1074200,1.33,1.24,108.06,"August 12, 25",0.0124,,,,,
2025-08-11,107.82,108.44,107.08,107.14,106.9,1203336,1203336,-0.68,-0.63068,107.62,"August 11, 25",-0.0063068,,,,,
2025-08-08,107.56,108.19,107.43,107.7,107.45,523007,523007,0.14,0.13016,107.72,"August 08, 25",0.0013016,,,,,
2025-08-07,108.29,108.51,107.02,107.54,107.29,802021,802021,-0.75,-0.69258,107.84,"August 07, 25",-0.0069258,,,,,
2025-08-06,106.8,107.74,105.96,107.48,107.23,1081800,1081800,0.68,0.6367,106.995,"August 06, 25",0.006367,,,,,
2025-08-05,106.93,107.4,106.25,106.56,106.32,1324100,1324100,-0.37,-0.34602,106.785,"August 05, 25",-0.0034602,,,,,
2025-08-04,104.87,107.06,104.43,106.95,106.71,1083000,1083000,2.08,1.98,105.8275,"August 04, 25",0.0198,,,,,
2025-08-01,104.46,104.83,103.39,104.75,104.51,1297928,1297928,0.29,0.27762,104.3575,"August 01, 25",0.0027762,,,,,
2025-07-31,104.99,106.86,104.51,104.83,104.59,1963536,1963536,-0.16,-0.1524,105.2975,"July 31, 25",-0.001524,,,,,
2025-07-30,106.64,107,104.75,105.78,105.54,2071534,2071534,-0.86,-0.80645,106.0425,"July 30, 25",-0.0080645,,,,,
2025-07-29,105,106.3,102.23,105.03,104.79,2225100,2225100,0.03,0.02857143,104.64,"July 29, 25",0.0002857143,,,,,
2025-07-28,102.51,103.61,101.79,103.1,102.86,2086464,2086464,0.59,0.57555,102.7525,"July 28, 25",0.0057555,,,,,
2025-07-25,103.42,103.65,102.75,103.28,103.04,1019437,1019437,-0.14,-0.13537,103.275,"July 25, 25",-0.0013537,,,,,
2025-07-24,101.99,103.39,101.1,103.27,103.03,1450800,1450800,1.28,1.26,102.4375,"July 24, 25",0.0126,,,,,
2025-07-23,102.48,103,101.19,101.81,101.58,1432523,1432523,-0.67,-0.65379,102.12,"July 23, 25",-0.0065379,,,,,
2025-07-22,102.23,103.23,101.5,102.54,102.31,895700,895700,0.31,0.30324,102.375,"July 22, 25",0.0030324,,,,,
2025-07-21,103.4,103.86,102.06,102.11,101.88,1708000,1708000,-1.29,-1.25,102.8575,"July 21, 25",-0.0125,,,,,
2025-07-18,102.85,103.57,102.32,103.34,103.1,1863942,1863942,0.49,0.47642,103.02,"July 18, 25",0.0047642,,,,,
2025-07-17,100.47,103.1,100.2,102.98,102.75,1155432,1155432,2.51,2.5,101.6875,"July 17, 25",0.025,,,,,
2025-07-16,100.97,101,99.57,100.51,100.28,1256500,1256500,-0.46,-0.45558,100.5125,"July 16, 25",-0.0045558,,,,,
2025-07-15,102.06,102.53,100.92,100.95,100.72,895552,895552,-1.11,-1.09,101.615,"July 15, 25",-0.0109,,,,,
2025-07-14,101.73,102.45,101.32,102.2,101.97,849200,849200,0.47,0.46201,101.925,"July 14, 25",0.0046201,,,,,
2025-07-11,102.75,102.75,101.52,101.93,101.7,734600,734600,-0.82,-0.79805,102.2375,"July 11, 25",-0.0079805,,,,,
2025-07-10,102.22,104.08,102.04,103.13,102.89,1147800,1147800,0.91,0.89024,102.8675,"July 10, 25",0.0089024,,,,,
2025-07-09,102.52,102.55,101.56,102.37,102.14,833139,833139,-0.15,-0.14631,102.25,"July 09, 25",-0.0014631,,,,,
2025-07-08,102.16,104.03,101.97,102.33,102.1,933216,933216,0.17,0.16641,102.6225,"July 08, 25",0.0016641,,,,,
2025-07-07,103.67,104.05,102.13,102.72,102.49,714800,714800,-0.95,-0.91637,103.1425,"July 07, 25",-0.0091637,,,,,
2025-07-03,103.73,103.93,102.26,103.75,103.51,478700,478700,0.02,0.01928083,103.4175,"July 03, 25",0.0001928083,,,,,
2025-07-02,102.5,103.43,101.91,102.83,102.6,910300,910300,0.33,0.32195,102.6675,"July 02, 25",0.0032195,,,,,
2025-07-01,100.66,103.18,100.4,102.6,102.37,1055934,1055934,1.94,1.93,101.71,"July 01, 25",0.0193,,,,,
2025-06-30,101.14,101.77,100.4,100.95,100.72,1543000,1543000,-0.19,-0.18786,101.065,"June 30, 25",-0.0018786,2025-07-31,0.11,0.11,2025-05-15,2025-06-30
2025-06-27,101.49,101.91,100.83,101.07,100.73,2287548,2287548,-0.42,-0.41383,101.325,"June 27, 25",-0.0041383,,,,,
2025-06-26,100.13,101.84,99.93,101.12,100.78,1469811,1469811,0.99,0.98871,100.755,"June 26, 25",0.0098871,,,,,
2025-06-25,100,100.61,99.41,100.17,99.83,1342200,1342200,0.17,0.17,100.0475,"June 25, 25",0.0017,,,,,
2025-06-24,98.79,100.42,98.44,100.31,99.97,1490330,1490330,1.52,1.54,99.49,"June 24, 25",0.0154,,,,,
2025-06-23,96.71,98.62,96.46,98.45,98.12,1556720,1556720,1.74,1.8,97.56,"June 23, 25",0.018,,,,,
2025-06-20,97.35,98,96.58,96.73,96.4,3237100,3237100,-0.62,-0.63688,97.165,"June 20, 25",-0.0063688,,,,,
2025-06-18,97.29,97.92,96.85,97.03,96.7,806145,806145,-0.26,-0.26724,97.2725,"June 18, 25",-0.0026724,,,,,
2025-06-17,97.61,98.22,96.99,97.44,97.11,1031100,1031100,-0.17,-0.17416,97.565,"June 17, 25",-0.0017416,,,,,
2025-06-16,97.81,98.2,96.95,97.78,97.45,841167,841167,-0.03,-0.03067171,97.685,"June 16, 25",-0.0003067171,,,,,
2025-06-13,98.01,98.86,97.06,97.32,96.99,825500,825500,-0.69,-0.70401,97.8125,"June 13, 25",-0.0070401,,,,,
2025-06-12,98.01,98.75,97.45,98.75,98.42,1240600,1240600,0.74,0.75502,98.24,"June 12, 25",0.0075502,,,,,
2025-06-11,99.87,99.97,98.03,98.21,97.88,884800,884800,-1.66,-1.66,99.02,"June 11, 25",-0.0166,,,,,
2025-06-10,100,100.37,99.3,99.96,99.62,600946,600946,-0.04,-0.04,99.9075,"June 10, 25",-0.0004,,,,,
2025-06-09,100.5,100.5,99.32,99.72,99.38,693311,693311,-0.78,-0.77612,100.01,"June 09, 25",-0.0077612,,,,,
2025-06-06,100.35,100.69,99.63,100.27,99.93,487005,487005,-0.08,-0.07972098,100.235,"June 06, 25",-0.0007972098,,,,,
2025-06-05,99.49,100.07,98.63,99.67,99.34,866954,866954,0.18,0.18092,99.465,"June 05, 25",0.0018092,,,,,
2025-06-04,100.4,100.4,98.91,98.92,98.59,980513,980513,-1.48,-1.47,99.6575,"June 04, 25",-0.0147,,,,,
2025-06-03,99.89,100.68,99.63,100.36,100.02,775600,775600,0.47,0.47052,100.14,"June 03, 25",0.0047052,,,,,
2025-06-02,100.55,100.92,99.5,100.28,99.94,1100919,1100919,-0.27,-0.26852,100.3125,"June 02, 25",-0.0026852,,,,,
2025-05-30,101.67,101.72,100.3,101.03,100.69,3079300,3079300,-0.64,-0.62949,101.18,"May 30, 25",-0.0062949,,,,,
2025-05-29,101.15,101.28,100.1,101.24,100.9,1037641,1037641,0.09,0.08897677,100.9425,"May 29, 25",0.0008897677,,,,,
2025-05-28,101.4,101.65,100.56,100.76,100.42,882205,882205,-0.64,-0.63116,101.0925,"May 28, 25",-0.0063116,,,,,
2025-05-27,101.46,101.66,100.19,101.49,101.15,1387000,1387000,0.03,0.0295683,101.2,"May 27, 25",0.000295683,,,,,
2025-05-23,99.95,100.9,99.4,100.46,100.12,1065200,1065200,0.51,0.51026,100.1775,"May 23, 25",0.0051026,,,,,
2025-05-22,100.1,101.33,99.85,100.98,100.64,1096017,1096017,0.88,0.87912,100.565,"May 22, 25",0.0087912,,,,,
2025-05-21,101.42,101.89,100.06,100.49,100.15,1063419,1063419,-0.93,-0.91698,100.965,"May 21, 25",-0.0091698,,,,,
2025-05-20,102.04,102.66,101.67,102.02,101.68,1020647,1020647,-0.02,-0.01960016,102.0975,"May 20, 25",-0.0001960016,,,,,
2025-05-19,101.22,102.55,101.03,102.19,101.85,832212,832212,0.97,0.95831,101.7475,"May 19, 25",0.0095831,,,,,
2025-05-16,100.99,101.76,100.4,101.7,101.36,691612,691612,0.71,0.70304,101.2125,"May 16, 25",0.0070304,,,,,
2025-05-15,99.54,101.01,99.08,100.93,100.59,970400,970400,1.39,1.4,100.14,"May 15, 25",0.014,,,,,
2025-05-14,100.25,100.35,99.1,99.46,99.13,1482200,1482200,-0.79,-0.78803,99.79,"May 14, 25",-0.0078803,,,,,
2025-05-13,100.45,100.96,99.44,100.25,99.91,1456200,1456200,-0.2,-0.1991,100.275,"May 13, 25",-0.001991,,,,,
2025-05-12,98.86,100.45,97.99,100.33,99.99,1329700,1329700,1.47,1.49,99.4075,"May 12, 25",0.0149,,,,,
2025-05-09,97.3,98.21,96.84,97.06,96.73,1427950,1427950,-0.24,-0.24666,97.3525,"May 09, 25",-0.0024666,,,,,
2025-05-08,96.72,98.41,96.15,97.28,96.95,1145814,1145814,0.56,0.57899,97.14,"May 08, 25",0.0057899,,,,,
2025-05-07,96.72,98.04,95.49,96.09,95.77,1500501,1500501,-0.63,-0.65136,96.585,"May 07, 25",-0.0065136,,,,,
2025-05-06,95.18,96.45,94.88,95.36,95.04,1157348,1157348,0.18,0.18912,95.4675,"May 06, 25",0.0018912,,,,,
2025-05-05,95.16,96.17,94.62,95.69,95.37,1262127,1262127,0.53,0.55696,95.41,"May 05, 25",0.0055696,,,,,
2025-05-02,95.24,95.99,94.6,95.53,95.21,1207645,1207645,0.29,0.30449,95.34,"May 02, 25",0.0030449,,,,,
2025-05-01,96.3,96.89,93.54,94.21,93.89,1421240,1421240,-2.09,-2.17,95.235,"May 01, 25",-0.0217,,,,,
2025-04-30,91.75,96.07,88.27,95.9,95.58,3141163,3141163,4.15,4.52,92.9975,"April 30, 25",0.0452,,,,,
2025-04-29,91.92,93.23,91.59,93.09,92.78,1922766,1922766,1.17,1.27,92.4575,"April 29, 25",0.0127,,,,,
2025-04-28,92.59,93,90.98,92.07,91.76,1172209,1172209,-0.52,-0.56162,92.16,"April 28, 25",-0.0056162,,,,,
2025-04-25,91.17,92.45,90.52,92.31,92,1418303,1418303,1.14,1.25,91.6125,"April 25, 25",0.0125,,,,,
2025-04-24,90.45,91.96,90,91.74,91.43,1455626,1455626,1.29,1.43,91.0375,"April 24, 25",0.0143,,,,,
2025-04-23,90.56,92.04,89.79,90.52,90.22,1672800,1672800,-0.04,-0.04416961,90.7275,"April 23, 25",-0.0004416961,,,,,
2025-04-22,88.13,89.68,87.35,89.18,88.88,1478800,1478800,1.05,1.19,88.585,"April 22, 25",0.0119,,,,,
2025-04-21,88.46,88.8,86.33,87.2,86.91,1571218,1571218,-1.26,-1.42,87.6975,"April 21, 25",-0.0142,,,,,
2025-04-17,89.93,90.37,89.23,89.54,89.24,1691548,1691548,-0.39,-0.43367,89.7675,"April 17, 25",-0.0043367,,,,,
2025-04-16,89.94,90.73,88.9,89.33,89.03,1493700,1493700,-0.61,-0.67823,89.725,"April 16, 25",-0.0067823,,,,,
2025-04-15,90.3,91.12,89.99,90.06,89.76,1212915,1212915,-0.24,-0.26578,90.3675,"April 15, 25",-0.0026578,,,,,
2025-04-14,90.53,91.3,89.89,90.68,90.38,1235500,1235500,0.15,0.16569,90.6,"April 14, 25",0.0016569,,,,,
2025-04-11,88.73,90.55,87.57,89.62,89.32,2132306,2132306,0.89,1,89.1175,"April 11, 25",0.01,,,,,
2025-04-10,89.93,90.54,86.56,88.7,88.4,1722700,1722700,-1.23,-1.37,88.9325,"April 10, 25",-0.0137,,,,,
2025-04-09,84.88,91.8,83.87,91.13,90.82,2080654,2080654,6.25,7.36,87.92,"April 09, 25",0.0736,,,,,
2025-04-08,89.56,90,84.24,85.32,85.03,2034217,2034217,-4.24,-4.73,87.28,"April 08, 25",-0.0473,,,,,
2025-04-07,87.82,89.97,84,87.11,86.82,2395200,2395200,-0.71,-0.80847,87.225,"April 07, 25",-0.0080847,,,,,
2025-04-04,92.82,92.82,88.68,88.82,88.52,2531500,2531500,-4,-4.31,90.785,"April 04, 25",-0.0431,,,,,
2025-04-03,97.15,98.14,93.73,93.9,93.58,1780628,1780628,-3.25,-3.35,95.73,"April 03, 25",-0.0335,,,,,
2025-04-02,97.14,98.78,96.43,98.68,98.35,791077,791077,1.54,1.59,97.7575,"April 02, 25",0.0159,,,,,
2025-04-01,97.05,98.1,96.76,97.62,97.29,1380100,1380100,0.57,0.58733,97.3825,"April 01, 25",0.0058733,,,,,
2025-03-31,95.91,98.08,95.5,97.45,97.12,2346400,2346400,1.54,1.61,96.735,"March 31, 25",0.0161,2025-04-30,0.11,0.11,2025-03-05,2025-03-31
2025-03-28,97.7,98.23,95.93,96.04,95.61,834900,834900,-1.66,-1.7,96.975,"March 28, 25",-0.017,,,,,
2025-03-27,98.02,98.68,97.16,97.89,97.45,947726,947726,-0.13,-0.13263,97.9375,"March 27, 25",-0.0013263,,,,,
2025-03-26,98.01,99.05,97.37,97.73,97.29,1489936,1489936,-0.28,-0.28569,98.04,"March 26, 25",-0.0028569,,,,,
2025-03-25,98.63,98.83,96.84,97.75,97.31,1201947,1201947,-0.88,-0.89222,98.0125,"March 25, 25",-0.0089222,,,,,
2025-03-24,98.56,99.78,97.95,98.26,97.82,1094000,1094000,-0.3,-0.30438,98.6375,"March 24, 25",-0.0030438,,,,,
2025-03-21,97.43,97.8,96.03,97.77,97.33,2879774,2879774,0.34,0.34897,97.2575,"March 21, 25",0.0034897,,,,,
2025-03-20,99.12,99.28,97.96,98.14,97.7,1061800,1061800,-0.98,-0.9887,98.625,"March 20, 25",-0.009887,,,,,
2025-03-19,98.45,99.75,98.33,99.26,98.82,1021247,1021247,0.81,0.82275,98.9475,"March 19, 25",0.0082275,,,,,
2025-03-18,98.18,98.52,97.33,98.36,97.92,1315800,1315800,0.18,0.18334,98.0975,"March 18, 25",0.0018334,,,,,
2025-03-17,97.68,99.14,97.41,98.45,98.01,1189313,1189313,0.77,0.78829,98.17,"March 17, 25",0.0078829,,,,,
2025-03-14,96.78,98.32,96.11,97.95,97.51,2056804,2056804,1.17,1.21,97.29,"March 14, 25",0.0121,,,,,
2025-03-13,94.98,95.87,94.35,95.73,95.3,1368100,1368100,0.75,0.78964,95.2325,"March 13, 25",0.0078964,,,,,
2025-03-12,97.26,97.77,95.36,95.43,95,1373937,1373937,-1.83,-1.88,96.455,"March 12, 25",-0.0188,,,,,
2025-03-11,100.59,100.59,96.92,96.99,96.56,2197400,2197400,-3.6,-3.58,98.7725,"March 11, 25",-0.0358,,,,,
2025-03-10,99.76,102.44,99.01,100.33,99.88,1437409,1437409,0.57,0.57137,100.385,"March 10, 25",0.0057137,,,,,
2025-03-07,97.58,100.27,97.3,100.12,99.67,1444817,1444817,2.54,2.6,98.8175,"March 07, 25",0.026,,,,,
2025-03-06,98.23,98.56,97.15,97.95,97.51,1175122,1175122,-0.28,-0.28505,97.9725,"March 06, 25",-0.0028505,,,,,
2025-03-05,98,99.61,97.64,98.62,98.18,1427133,1427133,0.62,0.63265,98.4675,"March 05, 25",0.0063265,,,,,
2025-03-04,99.45,100.76,98.75,98.88,98.44,1281523,1281523,-0.57,-0.57315,99.46,"March 04, 25",-0.0057315,,,,,
2025-03-03,99.81,101.44,98.98,99.87,99.42,1009600,1009600,0.06,0.06011422,100.025,"March 03, 25",0.0006011422,,,,,
2025-02-28,99.55,100.48,98.95,99.76,99.31,1947800,1947800,0.21,0.21095,99.685,"February 28, 25",0.0021095,,,,,
2025-02-27,99.39,100.75,98.99,99.16,98.72,847800,847800,-0.23,-0.23141,99.5725,"February 27, 25",-0.0023141,,,,,
2025-02-26,101.15,101.46,99.39,99.72,99.27,1237700,1237700,-1.43,-1.41,100.43,"February 26, 25",-0.0141,,,,,
2025-02-25,100.62,102.25,99.4,100.65,100.2,1990659,1990659,0.03,0.02981515,100.73,"February 25, 25",0.0002981515,,,,,
2025-02-24,98.6,100.28,97.94,100.07,99.62,1592900,1592900,1.47,1.49,99.2225,"February 24, 25",0.0149,,,,,
2025-02-21,97.33,98.33,96.6,98.15,97.71,2816519,2816519,0.82,0.84249,97.6025,"February 21, 25",0.0084249,,,,,
2025-02-20,97.41,97.92,96.65,97.72,97.28,1114800,1114800,0.31,0.31824,97.425,"February 20, 25",0.0031824,,,,,
2025-02-19,97.67,98.12,96.82,97.68,97.24,1195600,1195600,0.01,0.01023856,97.5725,"February 19, 25",0.0001023856,,,,,
2025-02-18,97.9,98.38,96.99,97.9,97.46,2388300,2388300,0,0,97.7925,"February 18, 25",0,,,,,
2025-02-14,99.99,99.99,97.98,97.99,97.55,974522,974522,-2,-2,98.9875,"February 14, 25",-0.02,,,,,
2025-02-13,100.27,100.55,98.55,99.75,99.3,1576400,1576400,-0.52,-0.5186,99.78,"February 13, 25",-0.005186,,,,,
2025-02-12,98.81,100.51,98.5,100.06,99.61,1205978,1205978,1.25,1.27,99.47,"February 12, 25",0.0127,,,,,
2025-02-11,99.6,100.12,98.28,99.81,99.36,938500,938500,0.21,0.21084,99.4525,"February 11, 25",0.0021084,,,,,
2025-02-10,99.26,100.38,98.49,99.78,99.33,1461500,1461500,0.52,0.52388,99.4775,"February 10, 25",0.0052388,,,,,
2025-02-07,98.33,99.23,96.69,98.81,98.37,2183000,2183000,0.48,0.48815,98.265,"February 07, 25",0.0048815,,,,,
2025-02-06,96.01,98.49,95.63,98.44,98,2281095,2281095,2.43,2.53,97.1425,"February 06, 25",0.0253,,,,,
2025-02-05,100.69,102,95.52,95.81,95.38,2627800,2627800,-4.88,-4.85,98.505,"February 05, 25",-0.0485,,,,,
2025-02-04,102.2,103.38,100.8,100.98,100.53,2065565,2065565,-1.22,-1.19,101.84,"February 04, 25",-0.0119,,,,,
2025-02-03,102.02,102.59,100.49,101.17,100.72,1484400,1484400,-0.85,-0.83317,101.5675,"February 03, 25",-0.0083317,,,,,
2025-01-31,103.67,104.7,103.35,103.39,102.93,994935,994935,-0.28,-0.27009,103.7775,"January 31, 25",-0.0027009,,,,,
2025-01-30,103.63,104.4,102.99,103.85,103.38,881500,881500,0.22,0.21229,103.7175,"January 30, 25",0.0021229,,,,,
2025-01-29,103.39,104,102.63,102.85,102.39,891703,891703,-0.54,-0.52229,103.2175,"January 29, 25",-0.0052229,,,,,
2025-01-28,103.32,104.48,102.6,103.45,102.99,1265948,1265948,0.13,0.12582,103.4625,"January 28, 25",0.0012582,,,,,
2025-01-27,101.94,103.38,101.76,103.28,102.82,2060300,2060300,1.34,1.31,102.59,"January 27, 25",0.0131,,,,,
2025-01-24,102.86,103.11,101.31,101.75,101.29,1441517,1441517,-1.11,-1.08,102.2575,"January 24, 25",-0.0108,,,,,
2025-01-23,102.75,103.69,102.1,103.27,102.81,1680125,1680125,0.52,0.50608,102.9525,"January 23, 25",0.0050608,,,,,
2025-01-22,103.16,103.43,102.43,102.71,102.25,1190400,1190400,-0.45,-0.43622,102.9325,"January 22, 25",-0.0043622,,,,,
2025-01-21,102.81,103.55,102.06,103.09,102.63,1761300,1761300,0.28,0.27235,102.8775,"January 21, 25",0.0027235,,,,,
2025-01-17,104.25,104.44,102.9,102.94,102.48,1372700,1372700,-1.31,-1.26,103.6325,"January 17, 25",-0.0126,,,,,
2025-01-16,102.71,104.46,102.02,104.05,103.58,1369700,1369700,1.34,1.3,103.31,"January 16, 25",0.013,,,,,
2025-01-15,104.2,104.78,102.34,102.55,102.09,1718124,1718124,-1.65,-1.58,103.4675,"January 15, 25",-0.0158,,,,,
2025-01-14,100.82,102.49,100.48,102.37,101.91,996100,996100,1.55,1.54,101.54,"January 14, 25",0.0154,,,,,
2025-01-13,100.12,101.36,99.77,101.14,100.69,1370247,1370247,1.02,1.02,100.5975,"January 13, 25",0.0102,,,,,
2025-01-10,100.89,101.22,99.83,100.1,99.65,1272115,1272115,-0.79,-0.78303,100.51,"January 10, 25",-0.0078303,,,,,
2025-01-08,101.65,102.05,100.2,102,101.54,1034931,1034931,0.35,0.34432,101.475,"January 08, 25",0.0034432,,,,,
2025-01-07,101.01,101.96,100.32,101.65,101.19,1313507,1313507,0.64,0.6336,101.235,"January 07, 25",0.006336,,,,,
2025-01-06,100.69,101.41,99.99,101.17,100.72,1180407,1180407,0.48,0.47671,100.815,"January 06, 25",0.0047671,,,,,
2025-01-03,100.29,101.2,99.8,100.8,100.35,903232,903232,0.51,0.50853,100.5225,"January 03, 25",0.0050853,,,,,
2025-01-02,102.55,102.55,100.15,100.59,100.14,1315202,1315202,-1.96,-1.91,101.46,"January 02, 25",-0.0191,,,,,
2024-12-31,102.18,102.55,101.34,101.85,101.39,644384,644384,-0.33,-0.32296,101.98,"December 31, 24",-0.0032296,2025-01-31,0.11,0.11,2024-12-19,2024-12-31
2024-12-30,102.36,102.5,101.09,102.01,101.44,528641,528641,-0.35,-0.34193,101.99,"December 30, 24",-0.0034193,,,,,
2024-12-27,102.9,103.67,102.44,103.12,102.54,608800,608800,0.22,0.2138,103.0325,"December 27, 24",0.002138,,,,,
2024-12-26,102.86,104.08,102.75,103.87,103.29,580354,580354,1.01,0.98192,103.39,"December 26, 24",0.0098192,,,,,
2024-12-24,102.85,103.49,102.33,103.49,102.91,277542,277542,0.64,0.62227,103.04,"December 24, 24",0.0062227,,,,,
2024-12-23,103.1,103.99,102.2,102.89,102.31,949101,949101,-0.21,-0.20369,103.045,"December 23, 24",-0.0020369,,,,,
2024-12-20,101.36,104.54,101.3,104.25,103.67,4807334,4807334,2.89,2.85,102.8625,"December 20, 24",0.0285,,,,,
2024-12-19,101.06,102.52,100,101.33,100.76,1738600,1738600,0.27,0.26717,101.2275,"December 19, 24",0.0026717,,,,,
2024-12-18,103.48,103.74,101.16,101.23,100.66,2211754,2211754,-2.25,-2.17,102.4025,"December 18, 24",-0.0217,,,,,
2024-12-17,103.69,104.47,102.6,103.46,102.88,2706427,2706427,-0.23,-0.22182,103.555,"December 17, 24",-0.0022182,,,,,
2024-12-16,104.57,105.94,103.94,104.23,103.65,1247278,1247278,-0.34,-0.32514,104.67,"December 16, 24",-0.0032514,,,,,
2024-12-13,105.51,105.76,104.2,104.22,103.64,756300,756300,-1.29,-1.22,104.9225,"December 13, 24",-0.0122,,,,,
2024-12-12,105,106.56,104.56,105.79,105.2,859420,859420,0.79,0.75238,105.4775,"December 12, 24",0.0075238,,,,,
2024-12-11,106.69,107.25,104.82,105.35,104.76,1183272,1183272,-1.34,-1.26,106.0275,"December 11, 24",-0.0126,,,,,
2024-12-10,106.53,107.16,104.76,106.39,105.8,716492,716492,-0.14,-0.13142,106.21,"December 10, 24",-0.0013142,,,,,
2024-12-09,107.03,107.15,105.38,106.75,106.15,1050900,1050900,-0.28,-0.26161,106.5775,"December 09, 24",-0.0026161,,,,,
2024-12-06,105.61,106.68,105.25,106.53,105.93,1003400,1003400,0.92,0.87113,106.0175,"December 06, 24",0.0087113,,,,,
2024-12-05,106.93,107.34,105.09,105.29,104.7,1075100,1075100,-1.64,-1.53,106.1625,"December 05, 24",-0.0153,,,,,
2024-12-04,107.16,107.95,106.92,107.52,106.92,1085422,1085422,0.36,0.33595,107.3875,"December 04, 24",0.0033595,,,,,
2024-12-03,106.65,107.73,105.49,107.28,106.68,1053500,1053500,0.63,0.59072,106.7875,"December 03, 24",0.0059072,,,,,
2024-12-02,108,108,105.58,106.63,106.03,1060900,1060900,-1.37,-1.27,107.0525,"December 02, 24",-0.0127,,,,,
2024-11-29,108.06,108.55,107.76,108.19,107.59,586303,586303,0.13,0.1203,108.14,"November 29, 24",0.001203,,,,,
2024-11-27,108.16,108.77,107.85,107.97,107.37,675100,675100,-0.19,-0.17567,108.1875,"November 27, 24",-0.0017567,,,,,
2024-11-26,108.78,108.96,107.93,107.96,107.36,1369078,1369078,-0.82,-0.75382,108.4075,"November 26, 24",-0.0075382,,,,,
2024-11-25,106.73,108.56,106.41,108.48,107.87,4014700,4014700,1.75,1.64,107.545,"November 25, 24",0.0164,,,,,
2024-11-22,106.16,107.44,105.51,106.41,105.82,1748614,1748614,0.25,0.23549,106.38,"November 22, 24",0.0023549,,,,,
2024-11-21,104.89,106.42,103.88,106.01,105.42,1317070,1317070,1.12,1.07,105.3,"November 21, 24",0.0107,,,,,
2024-11-20,104.48,105.22,103.26,105.11,104.52,1374300,1374300,0.63,0.60299,104.5175,"November 20, 24",0.0060299,,,,,
2024-11-19,102.27,104.28,102.24,103.98,103.4,1531247,1531247,1.71,1.67,103.1925,"November 19, 24",0.0167,,,,,
2024-11-18,102.32,103.2,102.19,102.84,102.27,1158926,1158926,0.52,0.50821,102.6375,"November 18, 24",0.0050821,,,,,
2024-11-15,102.45,102.97,102.1,102.68,102.11,1135600,1135600,0.23,0.2245,102.55,"November 15, 24",0.002245,,,,,
2024-11-14,104.15,104.95,101.92,103.11,102.53,1320474,1320474,-1.04,-0.99856,103.5325,"November 14, 24",-0.0099856,,,,,
2024-11-13,103.06,105.31,102.98,104.84,104.25,1103903,1103903,1.78,1.73,104.0475,"November 13, 24",0.0173,,,,,
2024-11-12,104.98,105.84,103.65,103.75,103.17,867700,867700,-1.23,-1.17,104.555,"November 12, 24",-0.0117,,,,,
2024-11-11,105.93,106,104.05,104.39,103.81,1076200,1076200,-1.54,-1.45,105.0925,"November 11, 24",-0.0145,,,,,
2024-11-08,104.87,106.37,104.6,105.55,104.96,1208426,1208426,0.68,0.64842,105.3475,"November 08, 24",0.0064842,,,,,
2024-11-07,103.01,104.61,103,104.3,103.72,1406531,1406531,1.29,1.25,103.73,"November 07, 24",0.0125,,,,,
2024-11-06,105.7,105.78,101.89,102.99,102.41,1879297,1879297,-2.71,-2.56,104.09,"November 06, 24",-0.0256,,,,,
2024-11-05,103.98,105.7,102.99,103.61,103.03,1228247,1228247,-0.37,-0.35584,104.07,"November 05, 24",-0.0035584,,,,,
2024-11-04,102.07,102.78,101.72,102.43,101.86,960900,960900,0.36,0.3527,102.25,"November 04, 24",0.003527,,,,,
2024-11-01,102.91,103.19,101.18,101.59,101.02,1117923,1117923,-1.32,-1.28,102.2175,"November 01, 24",-0.0128,,,,,
2024-10-31,103,103.64,102.17,102.19,101.62,1117749,1117749,-0.81,-0.78641,102.75,"October 31, 24",-0.0078641,,,,,
2024-10-30,103.18,103.99,102.58,103.24,102.66,1106110,1106110,0.06,0.0581508,103.2475,"October 30, 24",0.000581508,,,,,
2024-10-29,103.6,103.79,102.53,103.49,102.91,1472500,1472500,-0.11,-0.10618,103.3525,"October 29, 24",-0.0010618,,,,,
2024-10-28,104.72,105.17,103.94,104,103.42,1298546,1298546,-0.72,-0.68755,104.4575,"October 28, 24",-0.0068755,,,,,
2024-10-25,106.4,106.98,103.67,104.05,103.47,1538036,1538036,-2.35,-2.21,105.275,"October 25, 24",-0.0221,,,,,
2024-10-24,114.55,115,105.63,105.79,105.2,2922258,2922258,-8.76,-7.65,110.2425,"October 24, 24",-0.0765,,,,,
2024-10-23,111.91,113.07,110.22,110.93,110.31,1426413,1426413,-0.98,-0.8757,111.5325,"October 23, 24",-0.008757,,,,,
2024-10-22,112.16,112.52,111.26,111.79,111.17,875619,875619,-0.37,-0.32989,111.9325,"October 22, 24",-0.0032989,,,,,
2024-10-21,112.87,113.69,112.34,113.07,112.44,960706,960706,0.2,0.1772,112.9925,"October 21, 24",0.001772,,,,,
2024-10-18,113.09,113.69,112.08,113.6,112.96,3872200,3872200,0.51,0.45097,113.115,"October 18, 24",0.0045097,,,,,
2024-10-17,112.91,113.41,112.09,113.03,112.4,1190500,1190500,0.12,0.10628,112.86,"October 17, 24",0.0010628,,,,,
2024-10-16,113.09,113.83,112.4,112.52,111.89,961228,961228,-0.57,-0.50402,112.96,"October 16, 24",-0.0050402,,,,,
2024-10-15,113.9,114.61,112.8,112.88,112.25,1030300,1030300,-1.02,-0.89552,113.5475,"October 15, 24",-0.0089552,,,,,
2024-10-14,113.48,113.98,113.19,113.29,112.66,971900,971900,-0.19,-0.16743,113.485,"October 14, 24",-0.0016743,,,,,
2024-10-11,112.17,114.18,112.13,113.13,112.5,1365641,1365641,0.96,0.85584,112.9025,"October 11, 24",0.0085584,,,,,
2024-10-10,112.94,113.29,111.57,111.85,111.22,773525,773525,-1.09,-0.96511,112.4125,"October 10, 24",-0.0096511,,,,,
2024-10-09,112.75,113.5,112.11,112.94,112.31,988200,988200,0.19,0.16851,112.825,"October 09, 24",0.0016851,,,,,
2024-10-08,111.89,112.56,111.16,112.18,111.55,1497880,1497880,0.29,0.25918,111.9475,"October 08, 24",0.0025918,,,,,
2024-10-07,110.93,111.78,110.78,111.12,110.5,1516655,1516655,0.19,0.17128,111.1525,"October 07, 24",0.0017128,,,,,
2024-10-04,111.9,112.29,110.84,112.02,111.39,952237,952237,0.12,0.10724,111.7625,"October 04, 24",0.0010724,,,,,
2024-10-03,111.14,111.6,110.45,111.31,110.69,1149200,1149200,0.17,0.15296,111.125,"October 03, 24",0.0015296,,,,,
2024-10-02,109.8,111.53,109.62,111.28,110.66,1143100,1143100,1.48,1.35,110.5575,"October 02, 24",0.0135,,,,,
2024-10-01,112.55,112.62,109.26,110.03,109.41,1805933,1805933,-2.52,-2.24,111.115,"October 01, 24",-0.0224,,,,,
2024-09-30,110.15,112.02,109.39,111.86,111.23,1523428,1523428,1.71,1.55,110.855,"September 30, 24",0.0155,,,,,
2024-09-27,111.34,111.88,109.56,110.3,109.68,1834421,1834421,-1.04,-0.93408,110.77,"September 27, 24",-0.0093408,2024-10-31,0.09,0.09,2024-09-24,2024-09-27
2024-09-26,111.4,112.28,110.83,111.28,110.57,1134104,1134104,-0.12,-0.10772,111.4475,"September 26, 24",-0.0010772,,,,,
2024-09-25,111.85,111.85,110.68,111.04,110.33,1452000,1452000,-0.81,-0.72418,111.355,"September 25, 24",-0.0072418,,,,,
2024-09-24,109.63,111.88,109.35,111.4,110.69,1340200,1340200,1.77,1.61,110.565,"September 24, 24",0.0161,,,,,
2024-09-23,110.32,111.19,109.22,110.25,109.55,2085853,2085853,-0.07,-0.06345178,110.245,"September 23, 24",-0.0006345178,,,,,
2024-09-20,109.34,109.76,108.55,109.47,108.77,8340500,8340500,0.13,0.1189,109.28,"September 20, 24",0.001189,,,,,
2024-09-19,109.46,109.6,108.51,109.47,108.77,1487252,1487252,0.01,0.00913576,109.26,"September 19, 24",9.13576e-05,,,,,
2024-09-18,109.05,109.58,107.46,108.09,107.4,1749600,1749600,-0.96,-0.88033,108.545,"September 18, 24",-0.0088033,,,,,
2024-09-17,111.02,111.49,108.84,108.94,108.24,1123370,1123370,-2.08,-1.87,110.0725,"September 17, 24",-0.0187,,,,,
2024-09-16,110.53,111.58,109.76,109.96,109.26,1494110,1494110,-0.57,-0.5157,110.4575,"September 16, 24",-0.005157,,,,,
2024-09-13,110,110.77,109.3,110.02,109.32,1163100,1163100,0.02,0.01818182,110.0225,"September 13, 24",0.0001818182,,,,,
2024-09-12,108.84,109.59,108.44,109.3,108.6,1409424,1409424,0.46,0.42264,109.0425,"September 12, 24",0.0042264,,,,,
2024-09-11,109.32,109.86,107.62,108.95,108.25,1307151,1307151,-0.37,-0.33846,108.9375,"September 11, 24",-0.0033846,,,,,
2024-09-10,109.84,110.12,109.14,109.72,109.02,1312400,1312400,-0.12,-0.10925,109.705,"September 10, 24",-0.0010925,,,,,
2024-09-09,110.12,110.2,109.19,109.49,108.79,2033600,2033600,-0.63,-0.5721,109.75,"September 09, 24",-0.005721,,,,,
2024-09-06,109.59,110.76,108.08,108.72,108.03,2043570,2043570,-0.87,-0.79387,109.2875,"September 06, 24",-0.0079387,,,,,
2024-09-05,110.2,110.74,109.3,109.85,109.15,1148300,1148300,-0.35,-0.3176,110.0225,"September 05, 24",-0.003176,,,,,
2024-09-04,110.15,111.6,110.15,110.85,110.14,1108763,1108763,0.7,0.6355,110.6875,"September 04, 24",0.006355,,,,,
2024-09-03,111.1,112.22,109.62,110.26,109.56,1369900,1369900,-0.84,-0.75608,110.8,"September 03, 24",-0.0075608,,,,,
2024-08-30,111.98,112.66,111.13,112.43,111.71,2254609,2254609,0.45,0.40186,112.05,"August 30, 24",0.0040186,,,,,
2024-08-29,111.75,112.77,111.26,111.81,111.1,1375629,1375629,0.06,0.05369128,111.8975,"August 29, 24",0.0005369128,,,,,
2024-08-28,111.66,111.69,110.98,111.26,110.55,1279100,1279100,-0.4,-0.35823,111.3975,"August 28, 24",-0.0035823,,,,,
2024-08-27,110.93,111.41,110.44,111.15,110.44,978544,978544,0.22,0.19832,110.9825,"August 27, 24",0.0019832,,,,,
2024-08-26,112,112.22,110.88,111.03,110.32,947645,947645,-0.97,-0.86607,111.5325,"August 26, 24",-0.0086607,,,,,
2024-08-23,111.5,112.15,111.01,111.78,111.07,874166,874166,0.28,0.25112,111.61,"August 23, 24",0.0025112,,,,,
2024-08-22,110.17,111.35,109.94,110.83,110.12,1223300,1223300,0.66,0.59907,110.5725,"August 22, 24",0.0059907,,,,,
2024-08-21,110,110.14,109.34,109.82,109.12,1103600,1103600,-0.18,-0.16364,109.825,"August 21, 24",-0.0016364,,,,,
2024-08-20,109.58,109.9,109.23,109.4,108.7,927918,927918,-0.18,-0.16426,109.5275,"August 20, 24",-0.0016426,,,,,
2024-08-19,109.24,109.78,108.99,109.58,108.88,1113533,1113533,0.34,0.31124,109.3975,"August 19, 24",0.0031124,,,,,
2024-08-16,108.92,109.26,108.19,108.72,108.03,942846,942846,-0.2,-0.18362,108.7725,"August 16, 24",-0.0018362,,,,,
2024-08-15,109.51,109.52,108.3,108.97,108.27,1029712,1029712,-0.54,-0.49311,109.075,"August 15, 24",-0.0049311,,,,,
2024-08-14,108.07,108.89,107.89,108.51,107.82,771621,771621,0.44,0.40714,108.34,"August 14, 24",0.0040714,,,,,
2024-08-13,106.8,108.47,106.46,108.09,107.4,1061800,1061800,1.29,1.21,107.455,"August 13, 24",0.0121,,,,,
2024-08-12,105.9,107.46,105.46,106.49,105.81,781900,781900,0.59,0.55713,106.3275,"August 12, 24",0.0055713,,,,,
2024-08-09,106.76,107.09,105.66,106.1,105.42,1466900,1466900,-0.66,-0.61821,106.4025,"August 09, 24",-0.0061821,,,,,
2024-08-08,104.54,107.33,103.72,107.24,106.56,1173657,1173657,2.7,2.58,105.7075,"August 08, 24",0.0258,,,,,
2024-08-07,105.12,106.6,103.96,104.23,103.57,1183700,1183700,-0.89,-0.84665,104.9775,"August 07, 24",-0.0084665,,,,,
2024-08-06,102.34,105.03,101.76,104.12,103.46,1612939,1612939,1.78,1.74,103.3125,"August 06, 24",0.0174,,,,,
2024-08-05,102.56,103.75,101.61,101.99,101.34,1773548,1773548,-0.57,-0.55577,102.4775,"August 05, 24",-0.0055577,,,,,
2024-08-02,105.86,106.49,103.05,104.84,104.17,1698801,1698801,-1.02,-0.96354,105.06,"August 02, 24",-0.0096354,,,,,
2024-08-01,106.72,107.34,105.72,106.7,106.02,1531200,1531200,-0.02,-0.01874063,106.62,"August 01, 24",-0.0001874063,,,,,
2024-07-31,107.24,107.77,106.15,106.56,105.88,1486100,1486100,-0.68,-0.63409,106.93,"July 31, 24",-0.0063409,,,,,
2024-07-30,105.17,107.5,105.17,107.06,106.38,1702100,1702100,1.89,1.8,106.225,"July 30, 24",0.018,,,,,
2024-07-29,106.08,106.9,104.94,105.1,104.43,2195536,2195536,-0.98,-0.92383,105.755,"July 29, 24",-0.0092383,,,,,
2024-07-26,104,107.86,104,104.87,104.2,3164725,3164725,0.87,0.83654,105.1825,"July 26, 24",0.0083654,,,,,
2024-07-25,99.03,101.59,98.92,99.61,98.97,1687420,1687420,0.58,0.58568,99.7875,"July 25, 24",0.0058568,,,,,
2024-07-24,100.32,100.79,98.96,99.3,98.67,1364107,1364107,-1.02,-1.02,99.8425,"July 24, 24",-0.0102,,,,,
2024-07-23,98.91,100.87,98.88,100.44,99.8,971621,971621,1.53,1.55,99.775,"July 23, 24",0.0155,,,,,
2024-07-22,98.94,99.76,98.1,99.53,98.89,930752,930752,0.59,0.59632,99.0825,"July 22, 24",0.0059632,,,,,
2024-07-19,98.8,99.26,98.26,98.46,97.83,1011400,1011400,-0.34,-0.34413,98.695,"July 19, 24",-0.0034413,,,,,
2024-07-18,98.5,99.37,98.18,98.63,98,849559,849559,0.13,0.13198,98.67,"July 18, 24",0.0013198,,,,,
2024-07-17,99.5,99.82,97.51,98.04,97.41,1527529,1527529,-1.46,-1.47,98.7175,"July 17, 24",-0.0147,,,,,
2024-07-16,98.5,99.89,98.5,99.2,98.57,1111793,1111793,0.7,0.71066,99.0225,"July 16, 24",0.0071066,,,,,
2024-07-15,99,99.36,97.93,98.01,97.38,1088666,1088666,-0.99,-1,98.575,"July 15, 24",-0.01,,,,,
2024-07-12,98.16,99.63,98.01,98.76,98.13,1052781,1052781,0.6,0.61125,98.64,"July 12, 24",0.0061125,,,,,
2024-07-11,96.01,98.1,95.83,97.1,96.48,1976800,1976800,1.09,1.14,96.76,"July 11, 24",0.0114,,,,,
2024-07-10,95.71,96.23,95.21,95.81,95.2,1132419,1132419,0.1,0.10448,95.74,"July 10, 24",0.0010448,,,,,
2024-07-09,96.06,96.38,95.43,95.7,95.09,838200,838200,-0.36,-0.37477,95.8925,"July 09, 24",-0.0037477,,,,,
2024-07-08,96.15,96.15,95.23,95.9,95.29,1204833,1204833,-0.25,-0.26001,95.8575,"July 08, 24",-0.0026001,,,,,
2024-07-05,94.49,95.78,94,95.6,94.99,933100,933100,1.11,1.17,94.9675,"July 05, 24",0.0117,,,,,
2024-07-03,94.72,95.88,94.64,95.33,94.72,1198600,1198600,0.61,0.644,95.1425,"July 03, 24",0.00644,,,,,
2024-07-02,95.1,95.58,93.77,94.35,93.75,2085417,2085417,-0.75,-0.78864,94.7,"July 02, 24",-0.0078864,,,,,
2024-07-01,96.02,96.29,94.92,95.45,94.84,1486910,1486910,-0.57,-0.59363,95.67,"July 01, 24",-0.0059363,,,,,
2024-06-28,97.87,98.05,95.46,95.47,94.86,9333707,9333707,-2.4,-2.45,96.7125,"June 28, 24",-0.0245,2024-07-31,0.09,0.09,2024-05-22,2024-06-28
2024-06-27,98.77,98.85,97.28,97.61,96.9,1353623,1353623,-1.16,-1.17,98.1275,"June 27, 24",-0.0117,,,,,
2024-06-26,98.42,98.86,98.2,98.38,97.66,1441326,1441326,-0.04,-0.04064215,98.465,"June 26, 24",-0.0004064215,,,,,
2024-06-25,99.55,100.27,98.59,98.95,98.23,1196741,1196741,-0.6,-0.60271,99.34,"June 25, 24",-0.0060271,,,,,
2024-06-24,99.46,100.73,98.92,99.75,99.02,1377500,1377500,0.29,0.29157,99.715,"June 24, 24",0.0029157,,,,,
2024-06-21,100,100.07,98.21,98.87,98.15,3261200,3261200,-1.13,-1.13,99.2875,"June 21, 24",-0.0113,,,,,
2024-06-20,100.43,101.1,99.56,100.28,99.55,1734440,1734440,-0.15,-0.14936,100.3425,"June 20, 24",-0.0014936,,,,,
2024-06-18,100.6,101.61,100.29,101.22,100.48,999340,999340,0.62,0.6163,100.93,"June 18, 24",0.006163,,,,,
2024-06-17,100.05,101.4,99.73,100.57,99.84,925222,925222,0.52,0.51974,100.4375,"June 17, 24",0.0051974,,,,,
2024-06-14,100.36,100.99,99.51,100.75,100.02,918133,918133,0.39,0.3886,100.4025,"June 14, 24",0.003886,,,,,
2024-06-13,100.74,101.15,99.62,101.01,100.28,708945,708945,0.27,0.26802,100.63,"June 13, 24",0.0026802,,,,,
2024-06-12,101,101.46,99.61,101.13,100.39,833467,833467,0.13,0.12871,100.8,"June 12, 24",0.0012871,,,,,
2024-06-11,99.44,100.2,98.27,100.19,99.46,798200,798200,0.75,0.75422,99.525,"June 11, 24",0.0075422,,,,,
2024-06-10,98.88,100.03,98.35,99.85,99.12,943819,943819,0.97,0.98099,99.2775,"June 10, 24",0.0098099,,,,,
2024-06-07,98.7,100.02,98.31,99.22,98.5,1062000,1062000,0.525,0.52685,99.0625,"June 07, 24",0.0052685,,,,,
2024-06-06,100.91,101.71,98.73,99.31,98.59,1119700,1119700,-1.6,-1.59,100.165,"June 06, 24",-0.0159,,,,,
2024-06-05,100.57,100.99,99.61,100.8,100.07,762000,762000,0.23,0.2287,100.4925,"June 05, 24",0.002287,,,,,
2024-06-04,98.52,100.47,98.42,100.44,99.71,1233040,1233040,1.92,1.95,99.4625,"June 04, 24",0.0195,,,,,
2024-06-03,100.85,101.21,97.32,98.92,98.2,1350132,1350132,-1.93,-1.91,99.575,"June 03, 24",-0.0191,,,,,
2024-05-31,99.46,100.45,98.07,98.58,97.86,6836502,6836502,-0.88,-0.88478,99.14,"May 31, 24",-0.0088478,,,,,
2024-05-30,98.81,99.53,97.99,99.23,98.51,1786147,1786147,0.42,0.42506,98.89,"May 30, 24",0.0042506,,,,,
2024-05-29,99.79,100.96,98.45,98.54,97.82,1613538,1613538,-1.25,-1.25,99.435,"May 29, 24",-0.0125,,,,,
2024-05-28,102.01,102.58,100.29,100.67,99.94,2062378,2062378,-1.34,-1.31,101.3875,"May 28, 24",-0.0131,,,,,
2024-05-24,100.1,102.31,99.8,102.19,101.45,1867300,1867300,2.09,2.09,101.1,"May 24, 24",0.0209,,,,,
2024-05-23,100.88,101.05,99.82,99.86,99.13,1175442,1175442,-1.02,-1.01,100.4025,"May 23, 24",-0.0101,,,,,
2024-05-22,99.54,100.92,99.51,100.76,100.03,1207450,1207450,1.22,1.23,100.1825,"May 22, 24",0.0123,,,,,
2024-05-21,98.62,99.75,98.15,99.53,98.81,882185,882185,0.91,0.92273,99.0125,"May 21, 24",0.0092273,,,,,
2024-05-20,98.74,99.79,97.34,98.62,97.9,1278032,1278032,-0.12,-0.12153,98.6225,"May 20, 24",-0.0012153,,,,,
2024-05-17,98.3,98.94,97.42,98.6,97.88,1319400,1319400,0.3,0.30519,98.315,"May 17, 24",0.0030519,,,,,
2024-05-16,98.68,99.2,98.41,98.45,97.73,1261200,1261200,-0.23,-0.23308,98.685,"May 16, 24",-0.0023308,,,,,
2024-05-15,97.75,99.37,97.74,98.9,98.18,1425513,1425513,1.15,1.18,98.44,"May 15, 24",0.0118,,,,,
2024-05-14,96.17,97.23,95.24,96.94,96.24,1310900,1310900,0.77,0.80067,96.395,"May 14, 24",0.0080067,,,,,
2024-05-13,96.71,96.71,95.71,95.87,95.17,1273820,1273820,-0.84,-0.86858,96.25,"May 13, 24",-0.0086858,,,,,
2024-05-10,96.37,96.82,95.47,96.5,95.8,1521602,1521602,0.13,0.1349,96.29,"May 10, 24",0.001349,,,,,
2024-05-09,96.69,97.46,95.88,95.94,95.24,1860600,1860600,-0.75,-0.77567,96.4925,"May 09, 24",-0.0077567,,,,,
2024-05-08,96.69,96.9,96.28,96.73,96.03,1039000,1039000,0.04,0.04136932,96.65,"May 08, 24",0.0004136932,,,,,
2024-05-07,97.04,97.39,96.14,97.27,96.56,1240900,1240900,0.23,0.23702,96.96,"May 07, 24",0.0023702,,,,,
2024-05-06,96.9,97.24,96.02,96.99,96.28,632600,632600,0.09,0.09287926,96.7875,"May 06, 24",0.0009287926,,,,,
2024-05-03,94.81,96.13,94.52,95.89,95.19,940032,940032,1.08,1.14,95.3375,"May 03, 24",0.0114,,,,,
2024-05-02,94.4,95,93.11,93.85,93.17,1265900,1265900,-0.55,-0.58263,94.09,"May 02, 24",-0.0058263,,,,,
2024-05-01,93.64,95.21,93.45,94.38,93.69,1091900,1091900,0.74,0.79026,94.17,"May 01, 24",0.0079026,,,,,
2024-04-30,94.53,95.44,93.6,93.68,93,1287900,1287900,-0.85,-0.89919,94.3125,"April 30, 24",-0.0089919,,,,,
2024-04-29,94.15,95.56,94.02,94.89,94.2,1869188,1869188,0.74,0.78598,94.655,"April 29, 24",0.0078598,,,,,
2024-04-26,93.56,94.34,92.61,94.12,93.44,1151400,1151400,0.56,0.59855,93.6575,"April 26, 24",0.0059855,,,,,
2024-04-25,92.64,94.11,90.86,93.79,93.11,1921400,1921400,1.15,1.24,92.85,"April 25, 24",0.0124,,,,,
2024-04-24,93.44,95.4,88.74,92.4,91.73,3370052,3370052,-1.04,-1.11,92.495,"April 24, 24",-0.0111,,,,,
2024-04-23,91.78,93.85,91.4,93.72,93.04,2554700,2554700,1.94,2.11,92.6875,"April 23, 24",0.0211,,,,,
2024-04-22,89.14,91.47,88.13,91.23,90.57,1995500,1995500,2.09,2.34,89.9925,"April 22, 24",0.0234,,,,,
2024-04-19,88.83,89.65,88.41,88.89,88.24,5196800,5196800,0.06,0.06754475,88.945,"April 19, 24",0.0006754475,,,,,
2024-04-18,90.55,90.65,88.42,88.8,88.15,2378132,2378132,-1.75,-1.93,89.605,"April 18, 24",-0.0193,,,,,
2024-04-17,91.58,92.15,90.1,90.55,89.89,2265107,2265107,-1.03,-1.12,91.095,"April 17, 24",-0.0112,,,,,
2024-04-16,89.67,91.37,89.47,90.89,90.23,2097883,2097883,1.22,1.36,90.35,"April 16, 24",0.0136,,,,,
2024-04-15,88.47,90.77,88.47,89.86,89.21,2158363,2158363,1.39,1.57,89.3925,"April 15, 24",0.0157,,,,,
2024-04-12,86.64,87.76,86.04,87.37,86.73,1299009,1299009,0.73,0.84257,86.9525,"April 12, 24",0.0084257,,,,,
2024-04-11,88.29,88.94,86.25,87.41,86.77,1241028,1241028,-0.88,-0.99672,87.7225,"April 11, 24",-0.0099672,,,,,
2024-04-10,87.73,88.59,87.33,88.2,87.56,1142500,1142500,0.47,0.53573,87.9625,"April 10, 24",0.0053573,,,,,
2024-04-09,88.01,89.68,87.58,89.2,88.55,1215100,1215100,1.19,1.35,88.6175,"April 09, 24",0.0135,,,,,
2024-04-08,87.45,88.14,87.05,87.67,87.03,923803,923803,0.22,0.25157,87.5775,"April 08, 24",0.0025157,,,,,
2024-04-05,86.96,87.58,86.59,87.09,86.46,1993800,1993800,0.13,0.14949,87.055,"April 05, 24",0.0014949,,,,,
2024-04-04,88.12,88.12,86.6,86.69,86.06,1543300,1543300,-1.43,-1.62,87.3825,"April 04, 24",-0.0162,,,,,
2024-04-03,86.45,87.79,85.91,87.25,86.62,3038049,3038049,0.8,0.92539,86.85,"April 03, 24",0.0092539,,,,,
2024-04-02,87.31,87.31,86.55,86.58,85.95,1424200,1424200,-0.73,-0.8361,86.9375,"April 02, 24",-0.008361,,,,,
2024-04-01,88.59,88.66,87.31,87.54,86.9,1172600,1172600,-1.05,-1.19,88.025,"April 01, 24",-0.0119,,,,,
2024-03-28,89.76,89.85,88.63,88.66,88.02,1546500,1546500,-1.1,-1.23,89.225,"March 28, 24",-0.0123,,,,,
2024-03-27,89.55,90.63,88.74,89.74,89.09,1395731,1395731,0.19,0.21217,89.665,"March 27, 24",0.0021217,2024-04-30,0.09,0.09,2024-03-08,2024-03-28
2024-03-26,89.55,90.19,89.15,89.26,88.52,1518800,1518800,-0.29,-0.32384,89.5375,"March 26, 24",-0.0032384,,,,,
2024-03-25,89.3,90,88.9,89.4,88.66,1350801,1350801,0.1,0.11198,89.4,"March 25, 24",0.0011198,,,,,
2024-03-22,90.69,90.69,88.96,89.46,88.72,1495417,1495417,-1.23,-1.36,89.95,"March 22, 24",-0.0136,,,,,
2024-03-21,89.15,90.35,88.43,89.9,89.15,1733501,1733501,0.75,0.84128,89.4575,"March 21, 24",0.0084128,,,,,
2024-03-20,87.38,88.62,87.3,88.12,87.39,1736101,1736101,0.74,0.84688,87.855,"March 20, 24",0.0084688,,,,,
2024-03-19,87.32,87.73,87,87.44,86.72,1697500,1697500,0.12,0.13743,87.3725,"March 19, 24",0.0013743,,,,,
2024-03-18,87.46,87.69,86.72,87.03,86.31,2674847,2674847,-0.43,-0.49165,87.225,"March 18, 24",-0.0049165,,,,,
2024-03-15,87.01,88.27,85.9,86.5,85.78,5058450,5058450,-0.51,-0.58614,86.92,"March 15, 24",-0.0058614,,,,,
2024-03-14,88.93,89.14,87.66,88.23,87.5,1124700,1124700,-0.7,-0.78714,88.49,"March 14, 24",-0.0078714,,,,,
2024-03-13,88.4,89.61,87.89,89.1,88.36,1281100,1281100,0.7,0.79186,88.75,"March 13, 24",0.0079186,,,,,
2024-03-12,89.34,89.56,88.4,88.43,87.7,1316800,1316800,-0.91,-1.02,88.9325,"March 12, 24",-0.0102,,,,,
2024-03-11,88.87,89.17,87.33,88.76,88.02,1085500,1085500,-0.11,-0.12378,88.5325,"March 11, 24",-0.0012378,,,,,
2024-03-08,89.45,90.51,88.88,89.26,88.52,698900,698900,-0.19,-0.21241,89.525,"March 08, 24",-0.0021241,,,,,
2024-03-07,89.27,90.55,89.19,89.32,88.58,934545,934545,0.05,0.05600986,89.5825,"March 07, 24",0.0005600986,,,,,
2024-03-06,88.82,89.62,88.08,88.87,88.13,1298436,1298436,0.05,0.05629363,88.8475,"March 06, 24",0.0005629363,,,,,
2024-03-05,87.37,88.79,86.83,88.5,87.77,1683550,1683550,1.13,1.29,87.8725,"March 05, 24",0.0129,,,,,
2024-03-04,87.23,88.45,86.89,87.74,87.01,1522800,1522800,0.51,0.58466,87.5775,"March 04, 24",0.0058466,,,,,
2024-03-01,85.7,87.04,85.7,86.76,86.04,816800,816800,1.06,1.24,86.3,"March 01, 24",0.0124,,,,,
2024-02-29,87.9,87.9,86.01,86.42,85.7,2953400,2953400,-1.48,-1.68,87.0575,"February 29, 24",-0.0168,,,,,
2024-02-28,87.59,88.81,86.85,87.57,86.84,1064607,1064607,-0.02,-0.02283366,87.705,"February 28, 24",-0.0002283366,,,,,
2024-02-27,87.58,87.87,86.79,87.79,87.06,1836644,1836644,0.21,0.23978,87.5075,"February 27, 24",0.0023978,,,,,
2024-02-26,86.78,87.44,86.16,86.31,85.59,893903,893903,-0.47,-0.5416,86.6725,"February 26, 24",-0.005416,,,,,
2024-02-23,86.41,87.41,86.36,86.71,85.99,1152707,1152707,0.3,0.34718,86.7225,"February 23, 24",0.0034718,,,,,
2024-02-22,86.04,86.59,85.7,85.94,85.23,1006638,1006638,-0.1,-0.11623,86.0675,"February 22, 24",-0.0011623,,,,,
2024-02-21,84.16,85.54,83.34,85.36,84.65,869100,869100,1.2,1.43,84.6,"February 21, 24",0.0143,,,,,
2024-02-20,85.15,86.14,85.01,85.77,85.06,1534591,1534591,0.62,0.72813,85.5175,"February 20, 24",0.0072813,,,,,
2024-02-16,86.42,86.7,85.8,86.09,85.38,1486355,1486355,-0.33,-0.38186,86.2525,"February 16, 24",-0.0038186,,,,,
2024-02-15,84.7,87.03,84.32,86.59,85.87,1767700,1767700,1.89,2.23,85.66,"February 15, 24",0.0223,,,,,
2024-02-14,83.04,84.46,82.9,84.22,83.52,1414000,1414000,1.18,1.42,83.655,"February 14, 24",0.0142,,,,,
2024-02-13,81.92,83.78,81.23,82.19,81.51,1068944,1068944,0.27,0.32959,82.28,"February 13, 24",0.0032959,,,,,
2024-02-12,82.53,83.79,82.04,83.5,82.81,1681800,1681800,0.97,1.18,82.965,"February 12, 24",0.0118,,,,,
2024-02-09,82.57,83.55,81.99,82.13,81.45,1319529,1319529,-0.44,-0.53288,82.56,"February 09, 24",-0.0053288,,,,,
2024-02-08,81.73,83.89,81.5,82.56,81.88,2085600,2085600,0.83,1.02,82.42,"February 08, 24",0.0102,,,,,
2024-02-07,80.24,82.96,79.43,81.16,80.49,2520341,2520341,0.92,1.15,80.9475,"February 07, 24",0.0115,,,,,
2024-02-06,75.21,77.72,75.05,77.62,76.98,1552900,1552900,2.41,3.2,76.4,"February 06, 24",0.032,,,,,
2024-02-05,76.07,76.61,75.49,75.77,75.14,1323430,1323430,-0.3,-0.39437,75.985,"February 05, 24",-0.0039437,,,,,
2024-02-02,76.69,77.13,75.34,76.84,76.2,1069247,1069247,0.15,0.19559,76.5,"February 02, 24",0.0019559,,,,,
2024-02-01,76.75,77.13,75.17,76.79,76.15,1508019,1508019,0.04,0.05211726,76.46,"February 01, 24",0.0005211726,,,,,
2024-01-31,78.33,78.6,76.61,76.69,76.05,2405800,2405800,-1.64,-2.09,77.5575,"January 31, 24",-0.0209,,,,,
2024-01-30,77.74,78.37,76.83,78.33,77.68,1199127,1199127,0.59,0.75894,77.8175,"January 30, 24",0.0075894,,,,,
2024-01-29,76.63,77.96,76.06,77.9,77.25,1044183,1044183,1.27,1.66,77.1375,"January 29, 24",0.0166,,,,,
2024-01-26,77.07,78.1,76.44,76.99,76.35,997732,997732,-0.08,-0.1038,77.15,"January 26, 24",-0.001038,,,,,
2024-01-25,76.45,76.94,75.99,76.7,76.06,1081051,1081051,0.25,0.32701,76.52,"January 25, 24",0.0032701,,,,,
2024-01-24,79.5,79.5,76.22,76.26,75.63,1338600,1338600,-3.24,-4.08,77.87,"January 24, 24",-0.0408,,,,,
2024-01-23,80.5,80.5,78.86,78.89,78.24,1202811,1202811,-1.61,-2,79.6875,"January 23, 24",-0.02,,,,,
2024-01-22,77.66,79.76,77.5,79.69,79.03,1496100,1496100,2.03,2.61,78.6525,"January 22, 24",0.0261,,,,,
2024-01-19,75.87,77.68,75.87,77.55,76.91,1280970,1280970,1.68,2.21,76.7425,"January 19, 24",0.0221,,,,,
2024-01-18,75.84,76.58,75.03,76.01,75.38,1253400,1253400,0.17,0.22416,75.865,"January 18, 24",0.0022416,,,,,
2024-01-17,74.47,75.98,74.27,75.88,75.25,1469107,1469107,1.41,1.89,75.15,"January 17, 24",0.0189,,,,,
2024-01-16,74.36,75.28,73.91,74.55,73.93,1342700,1342700,0.19,0.25551,74.525,"January 16, 24",0.0025551,,,,,
2024-01-12,76.21,76.42,75,75.76,75.13,1066100,1066100,-0.45,-0.59047,75.8475,"January 12, 24",-0.0059047,,,,,
2024-01-11,76.4,76.59,74.96,76.08,75.45,1020115,1020115,-0.32,-0.41885,76.0075,"January 11, 24",-0.0041885,,,,,
2024-01-10,76.4,76.73,75,76.43,75.8,1625000,1625000,0.03,0.03926702,76.14,"January 10, 24",0.0003926702,,,,,
2024-01-09,77.5,77.58,76.72,76.74,76.1,2100342,2100342,-0.76,-0.98065,77.135,"January 09, 24",-0.0098065,,,,,
2024-01-08,76.47,77.84,76.47,77.51,76.87,1555832,1555832,1.04,1.36,77.0725,"January 08, 24",0.0136,,,,,
2024-01-05,76.61,77.64,76.25,76.9,76.26,1899300,1899300,0.29,0.37854,76.85,"January 05, 24",0.0037854,,,,,
2024-01-04,77.45,78.28,76.57,76.61,75.97,1388580,1388580,-0.84,-1.08,77.2275,"January 04, 24",-0.0108,,,,,
2024-01-03,80.6,80.9,77.75,78.05,77.4,1198300,1198300,-2.55,-3.16,79.325,"January 03, 24",-0.0316,,,,,
2024-01-02,81.1,82,79.95,81.02,80.35,1129600,1129600,-0.08,-0.09864365,81.0175,"January 02, 24",-0.0009864365,,,,,
2023-12-29,82.84,83.36,81.86,82.26,81.58,675034,675034,-0.58,-0.70014,82.58,"December 29, 23",-0.0070014,,,,,
2023-12-28,83,83.44,82.27,83.04,82.35,799382,799382,0.04,0.04819277,82.9375,"December 28, 23",0.0004819277,2024-01-31,0.09,0.09,2023-12-20,2023-12-29
2023-12-27,82.14,83.5,81.98,83.22,82.44,1018100,1018100,1.08,1.31,82.71,"December 27, 23",0.0131,,,,,
2023-12-26,81.7,82.34,81.39,82.13,81.36,700231,700231,0.43,0.52632,81.89,"December 26, 23",0.0052632,,,,,
2023-12-22,80.64,81.79,80.03,81.64,80.88,712712,712712,1,1.24,81.025,"December 22, 23",0.0124,,,,,
2023-12-21,81.32,81.98,79.81,81.12,80.36,919333,919333,-0.2,-0.24594,81.0575,"December 21, 23",-0.0024594,,,,,
2023-12-20,83.55,83.89,80.62,80.64,79.88,1704100,1704100,-2.91,-3.48,82.175,"December 20, 23",-0.0348,,,,,
2023-12-19,81.6,83.62,80.99,83.44,82.66,2902975,2902975,1.84,2.25,82.4125,"December 19, 23",0.0225,,,,,
2023-12-18,79.19,80.92,78.43,80.84,80.08,1955000,1955000,1.65,2.08,79.845,"December 18, 23",0.0208,,,,,
2023-12-15,78.87,79.93,78.03,78.85,78.11,6727619,6727619,-0.02,-0.02535818,78.92,"December 15, 23",-0.0002535818,,,,,
2023-12-14,78.51,79.72,77.63,79.33,78.59,3231000,3231000,0.82,1.04,78.7975,"December 14, 23",0.0104,,,,,
2023-12-13,77.17,78.7,76.3,77.74,77.01,3854108,3854108,0.57,0.73863,77.4775,"December 13, 23",0.0073863,,,,,
2023-12-12,76.37,77.88,75.78,77.45,76.72,2329324,2329324,1.08,1.41,76.87,"December 12, 23",0.0141,,,,,
2023-12-11,75,77.36,74.65,76.82,76.1,1649031,1649031,1.82,2.43,75.9575,"December 11, 23",0.0243,,,,,
2023-12-08,74.6,75.65,74.27,75.43,74.72,1131349,1131349,0.83,1.11,74.9875,"December 08, 23",0.0111,,,,,
2023-12-07,75.8,76.29,74.62,74.63,73.93,1296000,1296000,-1.17,-1.54,75.335,"December 07, 23",-0.0154,,,,,
2023-12-06,75.55,76.49,75.02,75.83,75.12,2001213,2001213,0.28,0.37062,75.7225,"December 06, 23",0.0037062,,,,,
2023-12-05,75.4,76.14,75.22,75.55,74.84,1411618,1411618,0.15,0.19894,75.5775,"December 05, 23",0.0019894,,,,,
2023-12-04,75.97,76.92,75.49,75.78,75.07,1625807,1625807,-0.19,-0.2501,76.04,"December 04, 23",-0.002501,,,,,
2023-12-01,77.17,77.17,75.97,76.51,75.79,2039400,2039400,-0.66,-0.85525,76.705,"December 01, 23",-0.0085525,,,,,
2023-11-30,74.7,77.62,74.7,77.25,76.53,8454137,8454137,2.55,3.41,76.0675,"November 30, 23",0.0341,,,,,
2023-11-29,73.4,75.25,73.24,74.22,73.52,2519236,2519236,0.82,1.12,74.0275,"November 29, 23",0.0112,,,,,
2023-11-28,72.93,74.54,72.85,73.32,72.63,2062140,2062140,0.395,0.53476,73.41,"November 28, 23",0.0053476,,,,,
2023-11-27,73.82,73.99,73,73.5,72.81,1649900,1649900,-0.32,-0.43349,73.5775,"November 27, 23",-0.0043349,,,,,
2023-11-24,72.66,74.13,72.23,74.01,73.32,823414,823414,1.35,1.86,73.2575,"November 24, 23",0.0186,,,,,
2023-11-22,72.8,73.83,72.34,72.94,72.26,1906300,1906300,0.14,0.19231,72.9775,"November 22, 23",0.0019231,,,,,
2023-11-21,70.8,72.8,70.47,72.31,71.63,1767834,1767834,1.51,2.13,71.595,"November 21, 23",0.0213,,,,,
2023-11-20,71,71.35,70.58,70.76,70.1,1814335,1814335,-0.24,-0.33803,70.9225,"November 20, 23",-0.0033803,,,,,
2023-11-17,70.9,71.37,70.06,70.99,70.32,1500407,1500407,0.09,0.12694,70.83,"November 17, 23",0.0012694,,,,,
2023-11-16,72.74,73.06,70.58,70.88,70.22,2446603,2446603,-1.86,-2.56,71.815,"November 16, 23",-0.0256,,,,,
2023-11-15,73.47,74.64,73.01,73.91,73.22,3437210,3437210,0.44,0.59888,73.7575,"November 15, 23",0.0059888,,,,,
2023-11-14,73.85,74.1,73.01,73.63,72.94,2814594,2814594,-0.22,-0.2979,73.6475,"November 14, 23",-0.002979,,,,,
2023-11-13,70.28,73.2,70.18,72.98,72.3,2964323,2964323,2.7,3.84,71.66,"November 13, 23",0.0384,,,,,
2023-11-10,69.31,70.78,69.14,70.55,69.89,1645300,1645300,1.24,1.79,69.945,"November 10, 23",0.0179,,,,,
2023-11-09,69.09,70.32,69.09,69.63,68.98,2020509,2020509,0.54,0.78159,69.5325,"November 09, 23",0.0078159,,,,,
2023-11-08,69.8,70.32,69.55,69.8,69.15,2053800,2053800,0,0,69.8675,"November 08, 23",0,,,,,
2023-11-07,67.75,70.25,67.36,70.07,69.41,2133633,2133633,2.32,3.42,68.8575,"November 07, 23",0.0342,,,,,
2023-11-06,70.05,70.07,68.08,68.26,67.62,2855000,2855000,-1.79,-2.56,69.115,"November 06, 23",-0.0256,,,,,
2023-11-03,70.47,71.09,69.06,70.8,70.14,2225964,2225964,0.33,0.46828,70.355,"November 03, 23",0.0046828,,,,,
2023-11-02,68,70.54,66.69,70.28,69.62,2848740,2848740,2.28,3.35,68.8775,"November 02, 23",0.0335,,,,,
2023-11-01,68.16,69.19,67.47,67.51,66.88,2503527,2503527,-0.65,-0.95364,68.0825,"November 01, 23",-0.0095364,,,,,
2023-10-31,68.92,69.73,67.65,69,68.35,3370700,3370700,0.08,0.11608,68.825,"October 31, 23",0.0011608,,,,,
2023-10-30,68.48,69.33,67.42,68.36,67.72,3393797,3393797,-0.12,-0.17523,68.3975,"October 30, 23",-0.0017523,,,,,
2023-10-27,68.64,69.44,67.75,67.99,67.35,3412000,3412000,-0.65,-0.94697,68.455,"October 27, 23",-0.0094697,,,,,
2023-10-26,66.33,72.23,65.51,70,69.34,3537100,3537100,3.67,5.53,68.5175,"October 26, 23",0.0553,,,,,
2023-10-25,71.3,72.33,69.78,70.79,70.13,3298234,3298234,-0.51,-0.71529,71.05,"October 25, 23",-0.0071529,,,,,
2023-10-24,72.29,73.71,71.79,72.01,71.34,3432200,3432200,-0.28,-0.38733,72.45,"October 24, 23",-0.0038733,,,,,
2023-10-23,69.3,72.47,67.65,71.9,71.23,4089800,4089800,2.6,3.75,70.33,"October 23, 23",0.0375,,,,,
2023-10-20,70.4,70.78,68.9,69.93,69.27,3151500,3151500,-0.47,-0.66761,70.0025,"October 20, 23",-0.0066761,,,,,
2023-10-19,71.82,72.74,69.95,70.29,69.63,2867400,2867400,-1.53,-2.13,71.2,"October 19, 23",-0.0213,,,,,
2023-10-18,73.5,73.93,72.27,72.45,71.77,2959800,2959800,-1.05,-1.43,73.0375,"October 18, 23",-0.0143,,,,,
2023-10-17,73.13,75.13,73.01,74.48,73.78,2584906,2584906,1.35,1.85,73.9375,"October 17, 23",0.0185,,,,,
2023-10-16,71.62,74.84,71.62,74.21,73.51,4555029,4555029,2.59,3.62,73.0725,"October 16, 23",0.0362,,,,,
2023-10-13,73.63,73.99,70.47,71.85,71.18,5286581,5286581,-1.78,-2.42,72.485,"October 13, 23",-0.0242,,,,,
2023-10-12,73.75,75.3,72.75,74.23,73.53,4668757,4668757,0.48,0.65085,74.0075,"October 12, 23",0.0065085,,,,,
2023-10-11,74.44,76.56,73.61,74.47,73.77,4602585,4602585,0.03,0.04030091,74.77,"October 11, 23",0.0004030091,,,,,
2023-10-10,73.96,75.51,72.5,75,74.3,5385623,5385623,1.04,1.41,74.2425,"October 10, 23",0.0141,,,,,
2023-10-09,76.75,78,73.73,74.61,73.91,7000973,7000973,-2.14,-2.79,75.7725,"October 09, 23",-0.0279,,,,,
2023-10-06,73.04,78.47,73.04,77.98,77.25,7781111,7781111,4.94,6.76,75.6325,"October 06, 23",0.0676,,,,,
2023-10-05,76.3,76.99,72.65,74.45,73.75,15351915,15351915,-1.85,-2.42,75.0975,"October 05, 23",-0.0242,,,,,
2023-10-04,76.67,80.62,76.35,77.8,77.07,8358300,8358300,1.13,1.47,77.86,"October 04, 23",0.0147,,,,,
2023-10-03,82.65,83.25,76.01,77.05,76.33,12671218,12671218,-5.6,-6.78,79.74,"October 03, 23",-0.0678,,,,,
2023-10-02,83.11,89,81.53,85.12,84.32,23045074,23045074,2.01,2.42,84.69,"October 02, 23",0.0242,,,,,
2023-09-29,85.94,86.99,84.5,84.56,83.77,991246,991246,-1.38,-1.61,85.4975,"September 29, 23",-0.0161,,,,,
2023-09-28,81.5,87.5,81.01,84.65,83.86,926153,926153,3.15,3.87,83.665,"September 28, 23",0.0387,,,,,
2023-09-27,77.25,83.9,77.25,80.6,79.84,850237,850237,3.35,4.34,79.75,"September 27, 23",0.0434,,,,,
