date,symbol,reportedCurrency,cik,fillingDate,acceptedDate,calendarYear,period,netIncome,depreciationAndAmortization,deferredIncomeTax,stockBasedCompensation,changeInWorkingCapital,accountsReceivables,inventory,accountsPayables,otherWorkingCapital,otherNonCashItems,netCashProvidedByOperatingActivities,investmentsInPropertyPlantAndEquipment,acquisitionsNet,purchasesOfInvestments,salesMaturitiesOfInvestments,otherInvestingActivites,netCashUsedForInvestingActivites,debtRepayment,commonStockIssued,commonStockRepurchased,dividendsPaid,otherFinancingActivites,netCashUsedProvidedByFinancingActivities,effectOfForexChangesOnCash,netChangeInCash,cashAtEndOfPeriod,cashAtBeginningOfPeriod,operatingCashFlow,capitalExpenditure,freeCashFlow,link,finalLink
2025-09-27,AAPL,USD,0000320193,2025-10-31,2025-10-31 06:01:26,2025,Q4,27466000000,3127000000,0,3183000000,-5707000000,-25922000000,177000000,19381000000,657000000,1659000000,29728000000,-3242000000,0,-6816000000,7976000000,-505000000,-2587000000,-3217000000,0,-20132000000,-3862000000,-265000000,-27476000000,0,-335000000,35934000000,36269000000,29728000000,-3242000000,26486000000,https://www.sec.gov/Archives/edgar/data/320193/000032019325000079/0000320193-25-000079-index.htm,https://www.sec.gov/Archives/edgar/data/320193/000032019325000079/aapl-20250927.htm
2025-06-28,AAPL,USD,0000320193,2025-08-01,2025-08-01 06:00:42,2025,Q3,23434000000,2830000000,0,3168000000,-2034000000,2803000000,365000000,-3875000000,-1327000000,469000000,27867000000,-3462000000,0,-5149000000,14024000000,-340000000,5073000000,2711000000,0,-21075000000,-3945000000,-2524000000,-24833000000,0,8107000000,36269000000,28162000000,27867000000,-3462000000,24405000000,https://www.sec.gov/Archives/edgar/data/320193/000032019325000073/0000320193-25-000073-index.htm,https://www.sec.gov/Archives/edgar/data/320193/000032019325000073/aapl-20250628.htm
2025-03-29,AAPL,USD,0000320193,2025-05-02,2025-05-02 06:00:46,2025,Q2,24780000000,2661000000,0,3226000000,-6507000000,9674000000,643000000,-7933000000,-8891000000,-208000000,23952000000,-3071000000,0,-6318000000,12338000000,-32000000,2917000000,976000000,0,-25898000000,-3758000000,-326000000,-29006000000,0,-2137000000,28162000000,30299000000,23952000000,-3071000000,20881000000,https://www.sec.gov/Archives/edgar/data/320193/000032019325000057/0000320193-25-000057-index.htm,https://www.sec.gov/Archives/edgar/data/320193/000032019325000057/aapl-20250329.htm
2024-12-28,AAPL,USD,0000320193,2025-01-31,2025-01-31 06:01:27,2025,Q1,36330000000,3080000000,0,3286000000,-10752000000,6763000000,215000000,-6671000000,-11059000000,-2009000000,29935000000,-2940000000,0,-6124000000,19459000000,-603000000,9792000000,-8953000000,0,-23606000000,-3856000000,-2956000000,-39371000000,0,356000000,30299000000,29943000000,29935000000,-2940000000,26995000000,https://www.sec.gov/Archives/edgar/data/320193/000032019325000008/0000320193-25-000008-index.htm,https://www.sec.gov/Archives/edgar/data/320193/000032019325000008/aapl-20241228.htm
2024-09-28,AAPL,USD,0000320193,2024-11-01,2024-11-01 06:01:36,2024,Q4,14736000000,2911000000,0,2858000000,6608000000,-22941000000,-1087000000,21191000000,9445000000,-302000000,26811000000,-2908000000,0,-10582000000,15126000000,-191000000,1445000000,4387000000,0,-25083000000,-3804000000,-448000000,-24948000000,0,3308000000,29943000000,26635000000,26811000000,-2908000000,23903000000,https://www.sec.gov/Archives/edgar/data/320193/000032019324000123/0000320193-24-000123-index.htm,https://www.sec.gov/Archives/edgar/data/320193/000032019324000123/aapl-20240928.htm
2024-06-29,AAPL,USD,0000320193,2024-08-02,2024-08-01 18:03:34,2024,Q3,21448000000,2850000000,0,2869000000,1684000000,-2094000000,-12000000,1539000000,2251000000,7000000,28858000000,-2151000000,0,-13032000000,15444000000,-388000000,-127000000,-3253000000,0,-26522000000,-3895000000,-2347000000,-36017000000,0,-7286000000,26635000000,33921000000,28858000000,-2151000000,26707000000,https://www.sec.gov/Archives/edgar/data/320193/000032019324000081/0000320193-24-000081-index.htm,https://www.sec.gov/Archives/edgar/data/320193/000032019324000081/aapl-20240629.htm
2024-03-30,AAPL,USD,0000320193,2024-05-03,2024-05-02 18:04:25,2024,Q2,23636000000,2836000000,0,2964000000,-5764000000,8767000000,190000000,-12168000000,-2553000000,-982000000,22690000000,-1996000000,0,-15262000000,17393000000,-445000000,-310000000,-3148000000,0,-23205000000,-3710000000,-370000000,-30433000000,0,-8053000000,33921000000,41974000000,22690000000,-1996000000,20694000000,https://www.sec.gov/Archives/edgar/data/320193/000032019324000069/0000320193-24-000069-index.htm,https://www.sec.gov/Archives/edgar/data/320193/000032019324000069/aapl-20240330.htm
2023-12-30,AAPL,USD,0000320193,2024-02-02,2024-02-01 18:03:38,2024,Q1,33916000000,2848000000,0,2997000000,1123000000,11124000000,-137000000,-4542000000,-5322000000,-989000000,39895000000,-2392000000,0,-9780000000,14383000000,-284000000,1927000000,-3984000000,0,-20139000000,-3825000000,-2637000000,-30585000000,0,11237000000,41974000000,30737000000,39895000000,-2392000000,37503000000,https://www.sec.gov/Archives/edgar/data/320193/000032019324000006/0000320193-24-000006-index.htm,https://www.sec.gov/Archives/edgar/data/320193/000032019324000006/aapl-20231230.htm
2023-09-30,AAPL,USD,0000320193,2023-11-03,2023-11-02 18:08:27,2023,Q4,22956000000,2653000000,0,2625000000,-6060000000,-21137000000,952000000,14901000000,-776000000,-576000000,21598000000,-2163000000,0,-8557000000,13698000000,-584000000,2394000000,1993000000,0,-21003000000,-3758000000,-385000000,-23153000000,0,839000000,30737000000,29898000000,21598000000,-2163000000,19435000000,https://www.sec.gov/Archives/edgar/data/320193/000032019323000106/0000320193-23-000106-index.htm,https://www.sec.gov/Archives/edgar/data/320193/000032019323000106/aapl-20230930.htm
2023-07-01,AAPL,USD,0000320193,2023-08-04,2023-08-03 18:04:43,2023,Q3,19881000000,3052000000,0,2617000000,749000000,-3661000000,-22000000,3974000000,458000000,81000000,26380000000,-2093000000,0,-9759000000,12795000000,-506000000,437000000,-283000000,0,-17478000000,-3849000000,-2438000000,-24048000000,0,2769000000,29898000000,27129000000,26380000000,-2093000000,24287000000,https://www.sec.gov/Archives/edgar/data/320193/000032019323000077/0000320193-23-000077-index.htm,https://www.sec.gov/Archives/edgar/data/320193/000032019323000077/aapl-20230701.htm
2023-04-01,AAPL,USD,0000320193,2023-05-05,2023-05-04 18:03:52,2023,Q2,24160000000,2898000000,0,2686000000,231000000,17786000000,-741000000,-14689000000,-2125000000,-1415000000,28560000000,-2916000000,0,-6044000000,11385000000,-106000000,2319000000,-1996000000,0,-19594000000,-3650000000,-484000000,-25724000000,0,5155000000,27129000000,21974000000,28560000000,-2916000000,25644000000,https://www.sec.gov/Archives/edgar/data/320193/000032019323000064/0000320193-23-000064-index.htm,https://www.sec.gov/Archives/edgar/data/320193/000032019323000064/aapl-20230401.htm
2022-12-31,AAPL,USD,0000320193,2023-02-03,2023-02-02 18:01:30,2023,Q1,29998000000,2916000000,0,2905000000,-1497000000,6595000000,-1807000000,-6075000000,-210000000,-317000000,34005000000,-3787000000,0,-5153000000,7636000000,-141000000,-1445000000,-9615000000,0,-19475000000,-3768000000,-2705000000,-35563000000,0,-3003000000,21974000000,24977000000,34005000000,-3787000000,30218000000,https://www.sec.gov/Archives/edgar/data/320193/000032019323000006/0000320193-23-000006-index.htm,https://www.sec.gov/Archives/edgar/data/320193/000032019323000006/aapl-20221231.htm
2022-09-24,AAPL,USD,0000320193,2022-10-28,2022-10-27 18:01:14,2022,Q4,20721000000,2865000000,-1861000000,2278000000,-48000000,-18693000000,435000000,15556000000,2654000000,172000000,24127000000,-3289000000,-137000000,-6745000000,9551000000,-597000000,-1217000000,1657000000,0,-24428000000,-3703000000,-320000000,-26794000000,0,-3884000000,24977000000,28861000000,24127000000,-3289000000,20838000000,https://www.sec.gov/Archives/edgar/data/320193/000032019322000108/0000320193-22-000108-index.htm,https://www.sec.gov/Archives/edgar/data/320193/000032019322000108/aapl-20220924.htm
2022-06-25,AAPL,USD,0000320193,2022-07-29,2022-07-28 18:06:56,2022,Q3,19442000000,2805000000,1668000000,2243000000,-3225000000,3165000000,-16000000,-4358000000,-2016000000,-41000000,22892000000,-2102000000,-2000000,-8191000000,15144000000,-617000000,4234000000,971000000,0,-21865000000,-3811000000,-2740000000,-27445000000,0,-319000000,28861000000,29180000000,22892000000,-2102000000,20790000000,https://www.sec.gov/Archives/edgar/data/320193/000032019322000070/0000320193-22-000070-index.htm,https://www.sec.gov/Archives/edgar/data/320193/000032019322000070/aapl-20220625.htm
2022-03-26,AAPL,USD,0000320193,2022-04-29,2022-04-28 18:03:58,2022,Q2,25010000000,2737000000,406000000,2252000000,-2052000000,19931000000,384000000,-21563000000,-804000000,-187000000,28166000000,-2514000000,0,-27074000000,20684000000,-361000000,-9265000000,-1751000000,0,-22631000000,-3595000000,-374000000,-28351000000,0,-9450000000,29180000000,38630000000,28166000000,-2514000000,25652000000,https://www.sec.gov/Archives/edgar/data/320193/000032019322000059/0000320193-22-000059-index.htm,https://www.sec.gov/Archives/edgar/data/320193/000032019322000059/aapl-20220326.htm
2021-12-25,AAPL,USD,0000320193,2022-01-28,2022-01-27 18:00:58,2022,Q1,34630000000,2697000000,682000000,2265000000,6525000000,-13746000000,681000000,19813000000,-223000000,167000000,46966000000,-2803000000,0,-34913000000,21984000000,-374000000,-16106000000,-1000000000,0,-20478000000,-3732000000,-2949000000,-28159000000,0,2701000000,38630000000,35929000000,46966000000,-2803000000,44163000000,https://www.sec.gov/Archives/edgar/data/320193/000032019322000007/0000320193-22-000007-index.htm,https://www.sec.gov/Archives/edgar/data/320193/000032019322000007/aapl-20211225.htm
2021-09-25,AAPL,USD,0000320193,2021-10-29,2021-10-28 18:04:28,2021,Q4,20551000000,2989000000,-4037000000,1945000000,-1790000000,-17604000000,-1429000000,14112000000,3131000000,542000000,20200000000,-3223000000,-20000000,-15637000000,20245000000,-530000000,835000000,3220000000,544000000,-19748000000,-3640000000,-758000000,-20382000000,0,653000000,35929000000,35276000000,20200000000,-3223000000,16977000000,https://www.sec.gov/Archives/edgar/data/320193/000032019321000105/0000320193-21-000105-index.htm,https://www.sec.gov/Archives/edgar/data/320193/000032019321000105/aapl-20210925.htm
2021-06-26,AAPL,USD,0000320193,2021-07-28,2021-07-27 18:03:42,2021,Q3,21744000000,2832000000,-530000000,1960000000,-4697000000,-869000000,13000000,211000000,-4052000000,-215000000,21094000000,-2093000000,-4000000,-19628000000,25375000000,-78000000,3572000000,0,0,-22900000000,-3767000000,-2729000000,-29396000000,0,-4730000000,35276000000,40006000000,21094000000,-2093000000,19001000000,https://www.sec.gov/Archives/edgar/data/320193/000032019321000065/0000320193-21-000065-index.htm,https://www.sec.gov/Archives/edgar/data/320193/000032019321000065/aapl-20210626.htm
2021-03-27,AAPL,USD,0000320193,2021-04-29,2021-04-28 18:02:54,2021,Q2,23630000000,2797000000,-149000000,1981000000,-3779000000,25584000000,-276000000,-23667000000,-5420000000,-499000000,23981000000,-2269000000,-9000000,-34624000000,26729000000,-204000000,-10368000000,10423000000,561000000,-18548000000,-3447000000,-315000000,-11326000000,0,2287000000,40006000000,37719000000,23981000000,-2269000000,21712000000,https://www.sec.gov/Archives/edgar/data/320193/000032019321000056/0000320193-21-000056-index.htm,https://www.sec.gov/Archives/edgar/data/320193/000032019321000056/aapl-20210327.htm
2020-12-26,AAPL,USD,0000320193,2021-01-28,2021-01-27 18:03:06,2021,Q1,28755000000,2666000000,-58000000,2020000000,5355000000,-21139000000,-950000000,21670000000,5774000000,25000000,38763000000,-3500000000,-9000000,-39800000000,34521000000,195000000,-8584000000,-978000000,0,-24775000000,-3613000000,-2883000000,-32249000000,0,-2070000000,37719000000,39789000000,38763000000,-3500000000,35263000000,https://www.sec.gov/Archives/edgar/data/320193/000032019321000010/0000320193-21-000010-index.htm,https://www.sec.gov/Archives/edgar/data/320193/000032019321000010/aapl-20201226.htm
2020-09-26,AAPL,USD,0000320193,2020-10-30,2020-10-29 18:06:25,2020,Q4,12673000000,2702000000,-397000000,1724000000,3877000000,-5364000000,-137000000,6725000000,2653000000,-3000000,20576000000,-1784000000,-51000000,-18332000000,25800000000,-102000000,5531000000,4462000000,450000000,-17187000000,-3511000000,-5571000000,-21357000000,0,4750000000,39789000000,35039000000,20576000000,-1784000000,18792000000,https://www.sec.gov/Archives/edgar/data/320193/000032019320000096/0000320193-20-000096-index.htm,https://www.sec.gov/Archives/edgar/data/320193/000032019320000096/aapl-20200926.htm
2020-06-27,AAPL,USD,0000320193,2020-07-31,2020-07-30 19:29:09,2020,Q3,11253000000,2752000000,833000000,1698000000,-430000000,-1373000000,-689000000,2733000000,-1101000000,165000000,16271000000,-1565000000,-339000000,-30117000000,27125000000,-269000000,-5165000000,-441000000,0,-15891000000,-3656000000,872000000,-19116000000,0,-8010000000,35039000000,43049000000,16271000000,-1565000000,14706000000,https://www.sec.gov/Archives/edgar/data/320193/000032019320000062/0000320193-20-000062-index.htm,https://www.sec.gov/Archives/edgar/data/320193/000032019320000062/aapl-20200627.htm
2020-03-28,AAPL,USD,0000320193,2020-05-01,2020-04-30 18:03:10,2020,Q2,11249000000,2786000000,-302000000,1697000000,-2002000000,9290000000,727000000,-12431000000,412000000,-117000000,13311000000,-1853000000,-176000000,-29073000000,40480000000,-365000000,9013000000,-1753000000,428000000,-18574000000,-3375000000,2334000000,-20940000000,0,1384000000,43049000000,41665000000,13311000000,-1853000000,11458000000,https://www.sec.gov/Archives/edgar/data/320193/000032019320000052/0000320193-20-000052-index.htm,https://www.sec.gov/Archives/edgar/data/320193/000032019320000052/a10-qq220203282020.htm
2019-12-28,AAPL,USD,0000320193,2020-01-29,2020-01-28 18:02:44,2020,Q1,22236000000,2816000000,-349000000,1710000000,4245000000,5917000000,-28000000,-1089000000,-555000000,-142000000,30516000000,-2107000000,-958000000,-37416000000,27020000000,-207000000,-13668000000,231000000,2000000,-20706000000,-3539000000,-1395000000,-25407000000,0,-8559000000,41665000000,50224000000,30516000000,-2107000000,28409000000,https://www.sec.gov/Archives/edgar/data/320193/000032019320000010/0000320193-20-000010-index.htm,https://www.sec.gov/Archives/edgar/data/320193/000032019320000010/a10-qq1202012282019.htm
2019-09-28,AAPL,USD,0000320193,2019-10-31,2019-10-30 18:12:36,2019,Q4,13686000000,3179000000,-302000000,1499000000,2160000000,-19320000000,-785000000,17881000000,4384000000,-312000000,19910000000,-2777000000,-13000000,-18097000000,20899000000,-810000000,-798000000,-293000000,390000000,-17444000000,-3479000000,-213000000,-21039000000,0,-1927000000,50224000000,52151000000,19910000000,-2777000000,17133000000,https://www.sec.gov/Archives/edgar/data/320193/000032019319000119/0000320193-19-000119-index.htm,https://www.sec.gov/Archives/edgar/data/320193/000032019319000119/a10-k20199282019.htm
2019-06-29,AAPL,USD,0000320193,2019-07-31,2019-07-31 16:31:53,2019,Q3,10044000000,2933000000,86000000,1496000000,-2798000000,-214000000,1502000000,220000000,-4306000000,-125000000,11636000000,-2000000000,-320000000,-8190000000,38310000000,-298000000,27502000000,-5026000000,1000000,-16955000000,-3629000000,-1195000000,-26804000000,0,12334000000,52151000000,39817000000,11636000000,-2000000000,9636000000,https://www.sec.gov/Archives/edgar/data/320193/000032019319000076/0000320193-19-000076-index.htm,https://www.sec.gov/Archives/edgar/data/320193/000032019319000076/a10-qq320196292019.htm
2019-03-30,AAPL,USD,0000320193,2019-05-01,2019-05-01 16:32:00,2019,Q2,11561000000,3040000000,-177000000,1514000000,-4622000000,10675000000,70000000,-11523000000,-3844000000,-161000000,11155000000,-2363000000,-124000000,-6840000000,22589000000,86000000,13348000000,-2506000000,390000000,-23702000000,-3443000000,-196000000,-29457000000,0,-4954000000,39817000000,44771000000,11155000000,-2363000000,8792000000,https://www.sec.gov/Archives/edgar/data/320193/000032019319000066/0000320193-19-000066-index.htm,https://www.sec.gov/Archives/edgar/data/320193/000032019319000066/a10-qq220193302019.htm
2018-12-29,AAPL,USD,0000320193,2019-01-30,2019-01-30 16:31:37,2019,Q1,19965000000,3395000000,53000000,1559000000,1772000000,12035000000,-1076000000,-8501000000,-686000000,-54000000,26690000000,-3355000000,-167000000,-7504000000,16926000000,-56000000,5844000000,6000000,0,-8796000000,-3568000000,-1318000000,-13676000000,0,18858000000,44771000000,25913000000,26690000000,-3355000000,23335000000,https://www.sec.gov/Archives/edgar/data/320193/000032019319000010/0000320193-19-000010-index.htm,https://www.sec.gov/Archives/edgar/data/320193/000032019319000010/a10-qq1201912292018.htm
2018-09-29,AAPL,USD,0000320193,2018-11-05,2018-11-05 08:01:40,2018,Q4,14125000000,2754000000,519000000,1345000000,814000000,-22624000000,1942000000,20314000000,1182000000,-34000000,19523000000,-3041000000,-290000000,-15306000000,15858000000,-222000000,-3001000000,-27000000,341000000,-19104000000,-3530000000,-260000000,-22580000000,0,-6058000000,25913000000,31971000000,19523000000,-3041000000,16482000000,https://www.sec.gov/Archives/edgar/data/320193/000032019318000145/0000320193-18-000145-index.htm,https://www.sec.gov/Archives/edgar/data/320193/000032019318000145/a10-k20189292018.htm
2018-06-30,AAPL,USD,0000320193,2018-08-01,2018-08-01 16:31:48,2018,Q3,11519000000,2665000000,1126000000,1351000000,-1914000000,-3946000000,1693000000,1594000000,-1255000000,-259000000,14488000000,-3267000000,-126000000,-9309000000,17388000000,-739000000,3947000000,-6010000000,1000000,-20783000000,-3653000000,-1078000000,-31523000000,0,-13088000000,31971000000,45059000000,14488000000,-3267000000,11221000000,https://www.sec.gov/Archives/edgar/data/320193/000032019318000100/0000320193-18-000100-index.htm,https://www.sec.gov/Archives/edgar/data/320193/000032019318000100/a10-qq320186302018.htm
2018-03-31,AAPL,USD,0000320193,2018-05-02,2018-05-02 16:32:12,2018,Q2,13822000000,2739000000,-498000000,1348000000,-2141000000,28468000000,-3241000000,-24606000000,-2762000000,-140000000,15130000000,-4195000000,-132000000,-7199000000,39977000000,259000000,28710000000,-501000000,327000000,-22756000000,-3190000000,-152000000,-26272000000,0,17568000000,45059000000,27491000000,15130000000,-4195000000,10935000000,https://www.sec.gov/Archives/edgar/data/320193/000032019318000070/0000320193-18-000070-index.htm,https://www.sec.gov/Archives/edgar/data/320193/000032019318000070/a10-qq220183312018.htm
2017-12-30,AAPL,USD,0000320193,2018-02-02,2018-02-02 08:01:26,2018,Q1,20065000000,2745000000,-33737000000,1296000000,37935000000,-15230000000,434000000,12602000000,40129000000,-11000000,28293000000,-2810000000,-173000000,-41413000000,30849000000,-43000000,-13590000000,6971000000,0,-10095000000,-3339000000,-1038000000,-7501000000,0,7202000000,27491000000,20289000000,28293000000,-2810000000,25483000000,https://www.sec.gov/Archives/edgar/data/320193/000032019318000007/0000320193-18-000007-index.htm,https://www.sec.gov/Archives/edgar/data/320193/000032019318000007/a10-qq1201812302017.htm
2017-09-30,AAPL,USD,0000320193,2017-11-03,2017-11-03 08:01:37,2017,Q4,10714000000,2484000000,1202000000,1174000000,106000000,-13040000000,-1709000000,14830000000,25000000,-24000000,15656000000,-4000000000,-81000000,-36013000000,30245000000,-93000000,-9942000000,6923000000,281000000,-7795000000,-3270000000,-135000000,-3996000000,0,1718000000,20289000000,18571000000,15656000000,-4000000000,11656000000,https://www.sec.gov/Archives/edgar/data/320193/000032019317000070/0000320193-17-000070-index.htm,https://www.sec.gov/Archives/edgar/data/320193/000032019317000070/a10-k20179302017.htm
2017-07-01,AAPL,USD,0000320193,2017-08-02,2017-08-02 16:31:28,2017,Q3,8717000000,2354000000,1942000000,1193000000,-5601000000,-2002000000,-236000000,1650000000,-5013000000,67000000,8672000000,-2360000000,-181000000,-24173000000,23337000000,114000000,-3180000000,9237000000,1000000,-7093000000,-3365000000,-858000000,-2078000000,0,3414000000,18571000000,15157000000,8672000000,-2360000000,6312000000,https://www.sec.gov/Archives/edgar/data/320193/000032019317000009/0000320193-17-000009-index.htm,https://www.sec.gov/Archives/edgar/data/320193/000032019317000009/a10-qq32017712017.htm
2017-04-01,AAPL,USD,0000320193,2017-05-03,2017-05-03 16:32:23,2017,Q2,11029000000,2332000000,1370000000,1217000000,-3443000000,7373000000,-198000000,-9322000000,-1296000000,65000000,12570000000,-3015000000,-50000000,-45549000000,34192000000,94000000,-14202000000,10469000000,273000000,-7161000000,-3004000000,-159000000,418000000,0,-1214000000,15157000000,16371000000,12570000000,-3015000000,9555000000,https://www.sec.gov/Archives/edgar/data/320193/000162828017004790/0001628280-17-004790-index.htm,https://www.sec.gov/Archives/edgar/data/320193/000162828017004790/a10-qq22017412017.htm
2016-12-31,AAPL,USD,0000320193,2017-02-01,2017-02-01 16:33:29,2017,Q1,17891000000,2987000000,1452000000,1256000000,3922000000,1322000000,-580000000,2460000000,720000000,-274000000,27234000000,-3420000000,-17000000,-54272000000,38691000000,-104000000,-19122000000,0,0,-10851000000,-3130000000,1756000000,-12225000000,0,-4113000000,16371000000,20484000000,27234000000,-3420000000,23814000000,https://www.sec.gov/Archives/edgar/data/320193/000162828017000717/0001628280-17-000717-index.htm,https://www.sec.gov/Archives/edgar/data/320193/000162828017000717/a10-qq1201712312016.htm
2016-09-24,AAPL,USD,0000320193,2016-10-26,2016-10-26 16:42:16,2016,Q4,9014000000,2548000000,-253000000,1030000000,3787000000,-10257000000,-301000000,11413000000,2932000000,0,16126000000,-4038000000,-151000000,-30372000000,26953000000,211000000,-7397000000,2581000000,248000000,-6026000000,-3092000000,-193000000,-6482000000,0,2247000000,20484000000,18237000000,16126000000,-4038000000,12088000000,https://www.sec.gov/Archives/edgar/data/320193/000162828016020309/0001628280-16-020309-index.htm,https://www.sec.gov/Archives/edgar/data/320193/000162828016020309/a201610-k9242016.htm
2016-06-25,AAPL,USD,0000320193,2016-07-27,2016-07-27 16:32:36,2016,Q3,7796000000,2526000000,2099000000,1054000000,-2952000000,352000000,450000000,-179000000,-3575000000,111000000,10634000000,-2905000000,-6000000,-27076000000,25642000000,-125000000,-4470000000,2400000000,0,-10166000000,-3187000000,1512000000,-9441000000,0,-3277000000,18237000000,21514000000,10634000000,-2905000000,7729000000,https://www.sec.gov/Archives/edgar/data/320193/000162828016017809/0001628280-16-017809-index.htm,https://www.sec.gov/Archives/edgar/data/320193/000162828016017809/a10-qq320166252016.htm
2016-03-26,AAPL,USD,0000320193,2016-04-27,2016-04-27 16:32:53,2016,Q2,10516000000,2477000000,1500000000,1048000000,-4138000000,4715000000,170000000,-8536000000,-487000000,198000000,11601000000,-2599000000,-54000000,-38406000000,27423000000,-24000000,-13660000000,16321000000,246000000,-6667000000,-2902000000,-114000000,6884000000,0,4825000000,21514000000,16689000000,11601000000,-2599000000,9002000000,https://www.sec.gov/Archives/edgar/data/320193/000119312516559625/0001193125-16-559625-index.htm,https://www.sec.gov/Archives/edgar/data/320193/000119312516559625/d165350d10q.htm
2015-12-26,AAPL,USD,0000320193,2016-01-27,2016-01-27 16:32:03,2016,Q1,18361000000,2954000000,1592000000,1078000000,3368000000,5722000000,-102000000,-852000000,-1400000000,110000000,27463000000,-4006000000,-86000000,-47962000000,31776000000,-172000000,-20450000000,0,1000000,-6863000000,-2969000000,-1613000000,-11444000000,0,-4431000000,16689000000,21120000000,27463000000,-4006000000,23457000000,https://www.sec.gov/Archives/edgar/data/320193/000119312516439878/0001193125-16-439878-index.htm,https://www.sec.gov/Archives/edgar/data/320193/000119312516439878/d66145d10q.htm
2015-09-26,AAPL,USD,0000320193,2015-10-28,2015-10-28 16:31:09,2015,Q4,11124000000,3119000000,-1438000000,915000000,-245000000,-10436000000,-307000000,8663000000,1835000000,0,13475000000,-3658000000,-113000000,-28878000000,31434000000,-160000000,-1375000000,5802000000,219000000,-13253000000,-2964000000,3897000000,-6299000000,0,5801000000,21120000000,15319000000,13475000000,-3658000000,9817000000,https://www.sec.gov/Archives/edgar/data/320193/000119312515356351/0001193125-15-356351-index.htm,https://www.sec.gov/Archives/edgar/data/320193/000119312515356351/d17062d10k.htm
2015-06-27,AAPL,USD,0000320193,2015-07-22,2015-07-22 17:01:17,2015,Q3,10677000000,3084000000,941000000,856000000,-570000000,-1743000000,354000000,2165000000,-1346000000,0,14988000000,-2089000000,-115000000,-45001000000,35756000000,46000000,-11403000000,9980000000,15000000,-10000000000,-3053000000,303000000,-2755000000,0,830000000,15319000000,14489000000,14988000000,-2089000000,12899000000,https://www.sec.gov/Archives/edgar/data/320193/000119312515259935/0001193125-15-259935-index.htm,https://www.sec.gov/Archives/edgar/data/320193/000119312515259935/d927922d10q.htm
2015-03-28,AAPL,USD,0000320193,2015-04-28,2015-04-28 17:01:16,2015,Q2,13569000000,2479000000,-318000000,927000000,2424000000,11812000000,-113000000,-14431000000,5156000000,0,19081000000,-2476000000,-92000000,-47608000000,27822000000,23000000,-22331000000,7748000000,229000000,-6970000000,-2743000000,-3000000,-1739000000,0,-4989000000,14489000000,19478000000,19081000000,-2476000000,16605000000,https://www.sec.gov/Archives/edgar/data/320193/000119312515153166/0001193125-15-153166-index.htm,https://www.sec.gov/Archives/edgar/data/320193/000119312515153166/d892246d10q.htm
2014-12-27,AAPL,USD,0000320193,2015-01-28,2015-01-28 16:39:32,2015,Q1,18024000000,2575000000,2197000000,888000000,10038000000,-2757000000,-172000000,9003000000,3964000000,0,33722000000,-3265000000,-23000000,-44915000000,26973000000,65000000,-21165000000,1076000000,80000000,-5030000000,-2801000000,-248000000,-6923000000,0,5634000000,19478000000,13844000000,33722000000,-3265000000,30457000000,https://www.sec.gov/Archives/edgar/data/320193/000119312515023697/0001193125-15-023697-index.htm,https://www.sec.gov/Archives/edgar/data/320193/000119312515023697/d835533d10q.htm
2014-09-27,AAPL,USD,0000320193,2014-10-27,2014-10-27 17:11:55,2014,Q4,8467000000,1969000000,-807000000,762000000,2859000000,-10252000000,-246000000,8469000000,4888000000,0,13250000000,-3852000000,-2867000000,-56466000000,66173000000,9000000,2997000000,0,295000000,-17000000000,-2829000000,4154000000,-15380000000,0,867000000,13844000000,12977000000,13250000000,-3852000000,9398000000,https://www.sec.gov/Archives/edgar/data/320193/000119312514383437/0001193125-14-383437-index.htm,https://www.sec.gov/Archives/edgar/data/320193/000119312514383437/d783162d10k.htm
2014-06-28,AAPL,USD,0000320193,2014-07-23,2014-07-23 16:32:48,2014,Q3,7748000000,1946000000,1095000000,724000000,-1258000000,-1020000000,235000000,-156000000,-317000000,0,10255000000,-2431000000,-339000000,-70302000000,50828000000,30000000,-22214000000,13970000000,94000000,-5000000000,-2867000000,-210000000,5987000000,0,-5972000000,12977000000,18949000000,10255000000,-2431000000,7824000000,https://www.sec.gov/Archives/edgar/data/320193/000119312514277160/0001193125-14-277160-index.htm,https://www.sec.gov/Archives/edgar/data/320193/000119312514277160/d740164d10q.htm
2014-03-29,AAPL,USD,0000320193,2014-04-24,2014-04-24 17:02:12,2014,Q2,10223000000,1887000000,806000000,696000000,-74000000,9377000000,293000000,-10566000000,822000000,0,13538000000,-1486000000,-34000000,-41963000000,55252000000,-28000000,11741000000,0,207000000,-17971000000,-2661000000,18000000,-20407000000,0,4872000000,18949000000,14077000000,13538000000,-1486000000,12052000000,https://www.sec.gov/Archives/edgar/data/320193/000119312514157311/0001193125-14-157311-index.htm,https://www.sec.gov/Archives/edgar/data/320193/000119312514157311/d694710d10q.htm
2013-12-28,AAPL,USD,0000320193,2014-01-28,2014-01-28 17:07:27,2014,Q1,13072000000,2144000000,1253000000,681000000,5520000000,-4557000000,-358000000,8191000000,2244000000,0,22670000000,-2044000000,-525000000,-48397000000,35858000000,5000000,-15103000000,0,134000000,-5029000000,-2769000000,-85000000,-7749000000,0,-182000000,14077000000,14259000000,22670000000,-2044000000,20626000000,https://www.sec.gov/Archives/edgar/data/320193/000119312514024487/0001193125-14-024487-index.htm,https://www.sec.gov/Archives/edgar/data/320193/000119312514024487/d644622d10q.htm
2013-09-28,AAPL,USD,0000320193,2013-10-30,2013-10-29 20:38:28,2013,Q4,7512000000,1783000000,-1383000000,555000000,1441000000,-7188000000,-67000000,7080000000,1616000000,0,9908000000,-2306000000,-53000000,-25808000000,28750000000,28000000,611000000,0,195000000,-4910000000,-2769000000,-24000000,-7508000000,0,3011000000,14259000000,11248000000,9908000000,-2306000000,7602000000,https://www.sec.gov/Archives/edgar/data/320193/000119312513416534/0001193125-13-416534-index.htm,https://www.sec.gov/Archives/edgar/data/320193/000119312513416534/d590790d10k.htm
2013-06-29,AAPL,USD,0000320193,2013-07-24,2013-07-24 17:02:02,2013,Q3,6900000000,1694000000,567000000,578000000,-1911000000,-117000000,-452000000,-318000000,-1024000000,0,7828000000,-2016000000,-144000000,-41518000000,37266000000,-95000000,-6507000000,0,60000000,-16000000000,-2811000000,16625000000,-2126000000,0,-805000000,11248000000,12053000000,7828000000,-2016000000,5812000000,https://www.sec.gov/Archives/edgar/data/320193/000119312513300670/0001193125-13-300670-index.htm,https://www.sec.gov/Archives/edgar/data/320193/000119312513300670/d552802d10q.htm
2013-03-30,AAPL,USD,0000320193,2013-04-24,2013-04-23 21:29:23,2013,Q2,9547000000,1692000000,778000000,575000000,-88000000,8198000000,210000000,-10567000000,2071000000,0,12504000000,-2299000000,-15000000,-43971000000,31969000000,-41000000,-14357000000,0,199000000,0,-2491000000,44000000,-2248000000,0,-4101000000,12053000000,16154000000,12504000000,-2299000000,10205000000,https://www.sec.gov/Archives/edgar/data/320193/000119312513168288/0001193125-13-168288-index.htm,https://www.sec.gov/Archives/edgar/data/320193/000119312513168288/d501596d10q.htm
2012-12-29,AAPL,USD,0000320193,2013-01-24,2013-01-24 17:01:37,2013,Q1,13078000000,1588000000,1179000000,545000000,7036000000,-2842000000,-664000000,6145000000,4397000000,0,23426000000,-2455000000,-284000000,-37192000000,26462000000,-52000000,-13521000000,0,76000000,-1950000000,-2493000000,-130000000,-4497000000,0,5408000000,16154000000,10746000000,23426000000,-2455000000,20971000000,https://www.sec.gov/Archives/edgar/data/320193/000119312513022339/0001193125-13-022339-index.htm,https://www.sec.gov/Archives/edgar/data/320193/000119312513022339/d453687d10q.htm
2012-09-29,AAPL,USD,0000320193,2012-10-31,2012-10-31 17:07:19,2012,Q4,8223000000,981000000,339000000,448000000,-855000000,-4394000000,331000000,2017000000,1191000000,0,9136000000,-3501000000,0,-30141000000,29321000000,8000000,-4313000000,0,232000000,0,-2488000000,234000000,-2022000000,0,2801000000,10746000000,7945000000,9136000000,-3501000000,5635000000,https://www.sec.gov/Archives/edgar/data/320193/000119312512444068/0001193125-12-444068-index.htm,https://www.sec.gov/Archives/edgar/data/320193/000119312512444068/d411355d10k.htm
2012-06-30,AAPL,USD,0000320193,2012-07-25,2012-07-25 16:39:39,2012,Q3,8824000000,835000000,1151000000,448000000,-1069000000,-529000000,-20000000,-359000000,-161000000,0,10189000000,-2963000000,0,-36069000000,26730000000,-8000000,-12310000000,0,56000000,0,0,-111000000,-55000000,0,-2176000000,7945000000,10121000000,10189000000,-2963000000,7226000000,https://www.sec.gov/Archives/edgar/data/320193/000119312512314552/0001193125-12-314552-index.htm,https://www.sec.gov/Archives/edgar/data/320193/000119312512314552/d365704d10q.htm
2012-03-31,AAPL,USD,0000320193,2012-04-25,2012-04-25 17:01:16,2012,Q2,11622000000,740000000,1459000000,424000000,-268000000,2725000000,134000000,-1505000000,-1622000000,0,13977000000,-1509000000,-350000000,-44847000000,32244000000,-14000000,-14476000000,0,286000000,0,0,24000000,310000000,0,-189000000,10121000000,10310000000,13977000000,-1509000000,12468000000,https://www.sec.gov/Archives/edgar/data/320193/000119312512182321/0001193125-12-182321-index.htm,https://www.sec.gov/Archives/edgar/data/320193/000119312512182321/d297069d10q.htm
2011-12-31,AAPL,USD,0000320193,2012-01-25,2012-01-25 16:42:11,2012,Q1,13064000000,721000000,1456000000,420000000,1893000000,-4767000000,-460000000,4314000000,2806000000,0,17554000000,-1429000000,0,-40175000000,24510000000,-34000000,-17128000000,0,91000000,0,0,-22000000,69000000,0,495000000,10310000000,9815000000,17554000000,-1429000000,16125000000,https://www.sec.gov/Archives/edgar/data/320193/000119312512023398/0001193125-12-023398-index.htm,https://www.sec.gov/Archives/edgar/data/320193/000119312512023398/d267587d10q.htm
2011-09-24,AAPL,USD,0000320193,2011-10-26,2011-10-26 16:35:25,2011,Q4,6623000000,543000000,636000000,298000000,2329000000,-244000000,113000000,35000000,2425000000,0,10429000000,-4571000000,-244000000,-27184000000,19156000000,-293000000,-13136000000,0,254000000,0,0,177000000,431000000,0,-2276000000,9815000000,12091000000,10429000000,-4571000000,5858000000,https://www.sec.gov/Archives/edgar/data/320193/000119312511282113/0001193125-11-282113-index.htm,https://www.sec.gov/Archives/edgar/data/320193/000119312511282113/d220209d10k.htm
2011-06-25,AAPL,USD,0000320193,2011-07-20,2011-07-20 16:32:13,2011,Q3,7308000000,481000000,669000000,284000000,2366000000,-376000000,41000000,854000000,1847000000,0,11108000000,-962000000,0,-32873000000,18781000000,22000000,-15032000000,0,83000000,0,0,-46000000,37000000,0,-3887000000,12091000000,15978000000,11108000000,-962000000,10146000000,https://www.sec.gov/Archives/edgar/data/320193/000119312511192493/0001193125-11-192493-index.htm,https://www.sec.gov/Archives/edgar/data/320193/000119312511192493/d10q.htm
2011-03-26,AAPL,USD,0000320193,2011-04-21,2011-04-21 06:13:41,2011,Q2,5987000000,434000000,740000000,287000000,-1229000000,-221000000,-45000000,-720000000,-243000000,0,6219000000,-656000000,0,-22685000000,21784000000,35000000,-1522000000,0,286000000,0,0,261000000,547000000,0,5244000000,15978000000,10734000000,6219000000,-656000000,5563000000,https://www.sec.gov/Archives/edgar/data/320193/000119312511104388/0001193125-11-104388-index.htm,https://www.sec.gov/Archives/edgar/data/320193/000119312511104388/d10q.htm
2010-12-25,AAPL,USD,0000320193,2011-01-19,2011-01-19 16:33:29,2011,Q1,6004000000,356000000,823000000,299000000,2291000000,-950000000,166000000,2346000000,729000000,0,9773000000,-1263000000,0,-19575000000,10132000000,-23000000,-10729000000,0,208000000,0,0,221000000,429000000,0,-527000000,10734000000,11261000000,9773000000,-1263000000,8510000000,https://www.sec.gov/Archives/edgar/data/320193/000119312511010144/0001193125-11-010144-index.htm,https://www.sec.gov/Archives/edgar/data/320193/000119312511010144/d10q.htm
2010-09-25,AAPL,USD,0000320193,2010-10-27,2010-10-27 16:36:21,2010,Q4,4308000000,329000000,142000000,224000000,670000000,-3525000000,-109000000,3495000000,809000000,10000000,5683000000,-813000000,-23000000,-16483000000,12912000000,24000000,-4383000000,0,179000000,0,0,77000000,256000000,0,1556000000,11261000000,9705000000,5683000000,-813000000,4870000000,https://www.sec.gov/Archives/edgar/data/320193/000119312510238044/0001193125-10-238044-index.htm,https://www.sec.gov/Archives/edgar/data/320193/000119312510238044/d10k.htm
2010-06-26,AAPL,USD,0000320193,2010-07-21,2010-07-21 16:37:45,2010,Q3,3253000000,273000000,405000000,219000000,651000000,-1770000000,-304000000,2830000000,-105000000,0,4801000000,-626000000,-290000000,-16257000000,11789000000,-46000000,-5430000000,0,199000000,0,0,117000000,316000000,0,-313000000,9705000000,10018000000,4801000000,-626000000,4175000000,https://www.sec.gov/Archives/edgar/data/320193/000119312510162840/0001193125-10-162840-index.htm,https://www.sec.gov/Archives/edgar/data/320193/000119312510162840/d10q.htm
2010-03-27,AAPL,USD,0000320193,2010-04-21,2010-04-21 16:39:23,2010,Q2,3074000000,216000000,468000000,231000000,-1659000000,259000000,-62000000,-974000000,-882000000,0,2330000000,-274000000,0,-12139000000,12602000000,-272000000,-83000000,0,160000000,0,0,2000000,162000000,0,2409000000,10018000000,7609000000,2330000000,-301000000,2029000000,https://www.sec.gov/Archives/edgar/data/320193/000119312510088957/0001193125-10-088957-index.htm,https://www.sec.gov/Archives/edgar/data/320193/000119312510088957/d10q.htm
2009-12-26,AAPL,USD,0000320193,2010-01-25,2010-01-25 16:23:57,2010,Q1,3378000000,209000000,425000000,205000000,1564000000,176000000,-121000000,956000000,553000000,0,5781000000,-381000000,0,-12922000000,9415000000,-70000000,-3958000000,0,374000000,0,0,149000000,523000000,0,2346000000,7609000000,5263000000,5781000000,-381000000,5400000000,https://www.sec.gov/Archives/edgar/data/320193/000119312510012085/0001193125-10-012085-index.htm,https://www.sec.gov/Archives/edgar/data/320193/000119312510012085/d10q.htm
2009-09-26,AAPL,USD,0000320193,2009-10-27,2009-10-27 16:18:29,2009,Q4,1665000000,197000000,-318000000,180000000,1378000000,-675000000,-75000000,740000000,1388000000,8000000,3110000000,-472000000,0,-12068000000,8781000000,-12000000,-3771000000,0,187000000,0,0,132000000,319000000,0,-342000000,5263000000,5605000000,3110000000,-472000000,2638000000,https://www.sec.gov/Archives/edgar/data/320193/000119312509214859/0001193125-09-214859-index.htm,https://www.sec.gov/Archives/edgar/data/320193/000119312509214859/d10k.htm
2009-06-27,AAPL,USD,0000320193,2009-07-22,2009-07-22 16:41:33,2009,Q3,1828000000,182000000,202000000,179000000,-131000000,34000000,-68000000,879000000,-976000000,10000000,2270000000,-272000000,0,-11220000000,10160000000,-7000000,-1339000000,0,166000000,0,0,42000000,208000000,0,1139000000,5605000000,4466000000,2270000000,-272000000,1998000000,https://www.sec.gov/Archives/edgar/data/320193/000119312509153165/0001193125-09-153165-index.htm,https://www.sec.gov/Archives/edgar/data/320193/000119312509153165/d10q.htm
2009-03-28,AAPL,USD,0000320193,2009-04-23,2009-04-23 16:12:31,2009,Q2,1620000000,181000000,294000000,181000000,-1436000000,264000000,84000000,-760000000,-1024000000,1000000,841000000,-116000000,0,-10417000000,6843000000,5000000,-3685000000,0,45000000,0,0,29000000,74000000,0,-2770000000,4466000000,7236000000,841000000,-116000000,725000000,https://www.sec.gov/Archives/edgar/data/320193/000119312509085781/0001193125-09-085781-index.htm,https://www.sec.gov/Archives/edgar/data/320193/000119312509085781/d10q.htm
2008-12-27,AAPL,USD,0000320193,2009-01-23,2009-01-22 21:45:14,2009,Q1,2255000000,168000000,276000000,170000000,1062000000,226000000,113000000,-767000000,1490000000,7000000,3938000000,-353000000,0,-13120000000,4894000000,-60000000,-8639000000,0,77000000,0,0,-15000000,62000000,0,-4639000000,7236000000,11875000000,3938000000,-353000000,3585000000,https://www.sec.gov/Archives/edgar/data/320193/000119312509009937/0001193125-09-009937-index.htm,https://www.sec.gov/Archives/edgar/data/320193/000119312509009937/d10q.htm
2008-09-27,AAPL,USD,0000320193,2008-11-05,2008-11-05 06:16:23,2008,Q4,1136000000,134000000,-409000000,141000000,3286000000,-819000000,36000000,1822000000,2247000000,7000000,4295000000,-422000000,0,-5819000000,4498000000,-30000000,-1993000000,0,72000000,9000000,0,128000000,200000000,0,2502000000,11875000000,9373000000,4295000000,-422000000,3873000000,https://www.sec.gov/Archives/edgar/data/320193/000119312508224958/0001193125-08-224958-index.htm,https://www.sec.gov/Archives/edgar/data/320193/000119312508224958/d10k.htm
2008-06-28,AAPL,USD,0000320193,2008-07-23,2008-07-23 17:27:26,2008,Q3,1072000000,117000000,35000000,133000000,-41000000,-10000000,-181000000,-486000000,636000000,5000000,1321000000,-330000000,0,-4427000000,3386000000,-1000000,-1372000000,0,178000000,0,0,176000000,354000000,0,303000000,9373000000,9070000000,1321000000,-330000000,991000000,https://www.sec.gov/Archives/edgar/data/320193/000119312508156421/0001193125-08-156421-index.htm,https://www.sec.gov/Archives/edgar/data/320193/000119312508156421/d10q.htm
2008-03-29,AAPL,USD,0000320193,2008-05-01,2008-05-01 06:01:43,2008,Q2,1045000000,116000000,-16000000,132000000,-80000000,346000000,95000000,-1224000000,703000000,-4000000,1193000000,-215000000,0,-6621000000,5472000000,2000000,-1362000000,0,54000000,0,0,23000000,77000000,0,-92000000,9070000000,9162000000,1193000000,-215000000,978000000,https://www.sec.gov/Archives/edgar/data/320193/000119312508097759/0001193125-08-097759-index.htm,https://www.sec.gov/Archives/edgar/data/320193/000119312508097759/d10q.htm
2007-12-29,AAPL,USD,0000320193,2008-02-01,2008-02-01 06:06:51,2008,Q1,1581000000,106000000,22000000,110000000,954000000,-302000000,-113000000,484000000,885000000,14000000,2787000000,-232000000,0,-6136000000,2887000000,19000000,-3462000000,0,179000000,0,0,306000000,485000000,0,-190000000,9162000000,9352000000,2787000000,-232000000,2555000000,https://www.sec.gov/Archives/edgar/data/320193/000119312508017426/0001193125-08-017426-index.htm,https://www.sec.gov/Archives/edgar/data/320193/000119312508017426/d10q.htm
2007-09-29,AAPL,USD,0000320193,2007-11-15,2007-11-15 16:49:37,2007,Q4,904000000,93000000,-128000000,68000000,754000000,-227000000,-95000000,1224000000,-148000000,5000000,1696000000,-234000000,0,-2143000000,2758000000,15000000,396000000,0,71000000,-3000000,0,74000000,142000000,0,2234000000,9352000000,7118000000,1696000000,-234000000,1462000000,https://www.sec.gov/Archives/edgar/data/320193/000104746907009340/0001047469-07-009340-index.htm,https://www.sec.gov/Archives/edgar/data/320193/000104746907009340/a2181030z10-k.htm
2007-06-30,AAPL,USD,0000320193,2007-08-08,2007-08-07 21:51:56,2007,Q3,818000000,81000000,84000000,65000000,178000000,-482000000,-43000000,1257000000,-554000000,1000000,1227000000,-289000000,0,-3365000000,2200000000,21000000,-1433000000,0,118000000,0,0,111000000,229000000,0,23000000,7118000000,7095000000,1227000000,-289000000,938000000,https://www.sec.gov/Archives/edgar/data/320193/000110465907059873/0001104659-07-059873-index.htm,https://www.sec.gov/Archives/edgar/data/320193/000110465907059873/a07-19295_110q.htm
2007-03-31,AAPL,USD,0000320193,2007-05-10,2007-05-09 21:38:58,2007,Q2,770000000,69000000,49000000,63000000,-218000000,693000000,95000000,-1482000000,476000000,1000000,734000000,-206000000,0,-3647000000,2877000000,-2000000,-978000000,0,75000000,0,0,105000000,180000000,0,-64000000,7095000000,7159000000,734000000,-206000000,528000000,https://www.sec.gov/Archives/edgar/data/320193/000110465907037745/0001104659-07-037745-index.htm,https://www.sec.gov/Archives/edgar/data/320193/000110465907037745/a07-13266_110q.htm
2006-12-30,AAPL,USD,0000320193,2007-02-02,2007-02-02 06:23:10,2007,Q1,1004000000,74000000,73000000,46000000,611000000,-369000000,-33000000,495000000,518000000,5000000,1813000000,-257000000,0,-2581000000,1589000000,15000000,-1234000000,0,101000000,0,0,87000000,188000000,0,767000000,7159000000,6392000000,1813000000,-257000000,1556000000,https://www.sec.gov/Archives/edgar/data/320193/000110465907006648/0001104659-07-006648-index.htm,https://www.sec.gov/Archives/edgar/data/320193/000110465907006648/a07-2749_110q.htm
2006-09-30,AAPL,USD,0000320193,2006-12-29,2006-12-29 06:05:58,2006,Q4,542000000,66000000,-148000000,40000000,545000000,-163000000,-57000000,877000000,-112000000,10000000,1055000000,-145000000,0,-2875000000,310000000,-19000000,-2729000000,0,32000000,-1000000,0,22000000,53000000,0,-1621000000,6392000000,8013000000,1055000000,-145000000,910000000,https://www.sec.gov/Archives/edgar/data/320193/000110465906084288/0001104659-06-084288-index.htm,https://www.sec.gov/Archives/edgar/data/320193/000110465906084288/a06-25759_210k.htm
2006-07-01,AAPL,USD,0000320193,2006-12-29,2006-12-29 06:01:37,2006,Q3,472000000,57000000,118000000,37000000,325000000,-228000000,-9000000,405000000,157000000,-2000000,1007000000,-237000000,0,-613000000,1319000000,22000000,531000000,0,74000000,-1000000,0,56000000,129000000,0,1667000000,8013000000,6346000000,1007000000,-237000000,770000000,https://www.sec.gov/Archives/edgar/data/320193/000110465906084286/0001104659-06-084286-index.htm,https://www.sec.gov/Archives/edgar/data/320193/000110465906084286/a06-23473_110q.htm
2006-04-01,AAPL,USD,0000320193,2006-05-05,2006-05-04 20:26:47,2006,Q2,410000000,50000000,13000000,42000000,-643000000,470000000,40000000,-788000000,-365000000,3000000,-125000000,-193000000,0,-607000000,3287000000,-25000000,2462000000,0,78000000,0,0,134000000,-141000000,0,2196000000,6346000000,4150000000,-125000000,-193000000,-318000000,https://www.sec.gov/Archives/edgar/data/320193/000110465906031303/0001104659-06-031303-index.htm,https://www.sec.gov/Archives/edgar/data/320193/000110465906031303/a06-10806_110q.htm
2005-12-31,AAPL,USD,0000320193,2006-02-03,2006-02-03 16:20:30,2006,Q1,565000000,52000000,70000000,44000000,-448000000,-436000000,-79000000,1117000000,-1050000000,0,283000000,-82000000,0,-3185000000,3396000000,-36000000,93000000,0,134000000,0,0,149000000,283000000,0,659000000,4150000000,3491000000,283000000,-82000000,201000000,https://www.sec.gov/Archives/edgar/data/320193/000110465906005910/0001104659-06-005910-index.htm,https://www.sec.gov/Archives/edgar/data/320193/000110465906005910/a06-3798_110q.htm
2005-09-24,AAPL,USD,0000320193,2005-12-01,2005-11-30 21:22:48,2005,Q4,430000000,51000000,190000000,11000000,67000000,-68000000,28000000,249000000,-142000000,3000000,752000000,-96000000,0,-3846000000,3505000000,8000000,-429000000,0,74000000,0,0,0,74000000,0,397000000,3491000000,3094000000,752000000,-96000000,656000000,https://www.sec.gov/Archives/edgar/data/320193/000110465905058421/0001104659-05-058421-index.htm,https://www.sec.gov/Archives/edgar/data/320193/000110465905058421/a05-20674_110k.htm
2005-06-25,AAPL,USD,0000320193,2005-08-03,2005-08-02 20:15:08,2005,Q3,315000000,46000000,-13000000,17000000,101000000,61000000,-29000000,-243000000,312000000,6000000,472000000,-63000000,0,-2320000000,2698000000,-10000000,305000000,0,63000000,0,0,0,63000000,0,840000000,3094000000,2254000000,472000000,-63000000,409000000,https://www.sec.gov/Archives/edgar/data/320193/000110465905035792/0001104659-05-035792-index.htm,https://www.sec.gov/Archives/edgar/data/320193/000110465905035792/a05-12535_110q.htm
2005-03-26,AAPL,USD,0000320193,2005-05-04,2005-05-04 17:14:56,2005,Q2,290000000,41000000,21000000,10000000,37000000,-23000000,-8000000,36000000,32000000,137000000,536000000,-43000000,0,-2911000000,2077000000,-32000000,-909000000,0,152000000,0,0,0,152000000,0,-221000000,2254000000,2475000000,536000000,-43000000,493000000,https://www.sec.gov/Archives/edgar/data/320193/000110465905020421/0001104659-05-020421-index.htm,https://www.sec.gov/Archives/edgar/data/320193/000110465905020421/a05-7551_110q.htm
2004-12-25,AAPL,USD,0000320193,2005-02-01,2005-02-01 17:25:52,2005,Q1,295000000,41000000,-8000000,10000000,295000000,-91000000,-55000000,286000000,155000000,142000000,775000000,-58000000,0,-2393000000,915000000,13000000,-1523000000,0,254000000,0,0,0,254000000,0,-494000000,2475000000,2969000000,775000000,-58000000,717000000,https://www.sec.gov/Archives/edgar/data/320193/000110465905003520/0001104659-05-003520-index.htm,https://www.sec.gov/Archives/edgar/data/320193/000110465905003520/a05-2329_110q.htm
2004-09-25,AAPL,USD,0000320193,2004-12-03,2004-12-02 18:05:49,2004,Q4,106000000,40000000,25000000,10000000,258000000,-145000000,-29000000,390000000,42000000,4000000,443000000,-59000000,0,-976000000,331000000,2000000,-702000000,0,108000000,0,0,0,108000000,0,-151000000,2969000000,3120000000,443000000,-59000000,384000000,https://www.sec.gov/Archives/edgar/data/320193/000104746904035975/0001047469-04-035975-index.htm,https://www.sec.gov/Archives/edgar/data/320193/000104746904035975/a2147337z10-k.htm
2004-06-26,AAPL,USD,0000320193,2004-08-05,2004-08-04 20:48:51,2004,Q3,61000000,41000000,49000000,10000000,43000000,-44000000,-9000000,70000000,26000000,7000000,211000000,-38000000,0,-1318000000,899000000,-3000000,-460000000,0,211000000,0,0,0,211000000,0,-38000000,3120000000,3158000000,211000000,-38000000,173000000,https://www.sec.gov/Archives/edgar/data/320193/000110465904022384/0001104659-04-022384-index.htm,https://www.sec.gov/Archives/edgar/data/320193/000110465904022384/a04-8198_110q.htm
2004-03-27,AAPL,USD,0000320193,2004-05-06,2004-05-06 17:26:09,2004,Q2,46000000,36000000,2000000,6000000,-29000000,1000000,26000000,-94000000,38000000,0,61000000,-35000000,0,-581000000,214000000,-1000000,-403000000,0,76000000,0,0,-300000000,-224000000,0,-566000000,3158000000,3724000000,61000000,-35000000,26000000,https://www.sec.gov/Archives/edgar/data/320193/000110465904013021/0001104659-04-013021-index.htm,https://www.sec.gov/Archives/edgar/data/320193/000110465904013021/a04-5089_110q.htm
2003-12-27,AAPL,USD,0000320193,2004-02-10,2004-02-09 19:57:13,2004,Q1,63000000,33000000,6000000,7000000,114000000,180000000,-33000000,-69000000,36000000,-4000000,219000000,-44000000,0,-395000000,503000000,13000000,77000000,0,32000000,0,0,0,32000000,0,328000000,3724000000,3396000000,219000000,-44000000,175000000,https://www.sec.gov/Archives/edgar/data/320193/000110465904003080/0001104659-04-003080-index.htm,https://www.sec.gov/Archives/edgar/data/320193/000110465904003080/a04-1622_110q.htm
2003-09-27,AAPL,USD,0000320193,2003-12-19,2003-12-19 17:25:45,2003,Q4,41000000,20000000,5000000,0,5000000,-198000000,-18000000,274000000,-53000000,2000000,73000000,-58000000,0,-667000000,545000000,0,-180000000,0,22000000,0,0,0,-4000000,0,-111000000,3396000000,3507000000,73000000,-58000000,15000000,https://www.sec.gov/Archives/edgar/data/320193/000104746903041604/0001047469-03-041604-index.htm,https://www.sec.gov/Archives/edgar/data/320193/000104746903041604/a2124888z10-k.htm
2003-06-28,AAPL,USD,0000320193,2003-08-12,2003-08-12 16:09:14,2003,Q3,19000000,24000000,-4000000,7000000,-33000000,-76000000,3000000,-41000000,81000000,-5000000,8000000,-46000000,0,-884000000,986000000,18000000,74000000,0,15000000,0,0,0,15000000,0,97000000,3507000000,3410000000,8000000,-46000000,-38000000,https://www.sec.gov/Archives/edgar/data/320193/000110465903017766/0001104659-03-017766-index.htm,https://www.sec.gov/Archives/edgar/data/320193/000110465903017766/a03-2128_110q.htm
2003-03-29,AAPL,USD,0000320193,2003-05-13,2003-05-13 16:46:50,2003,Q2,14000000,29000000,-14000000,1000000,78000000,5000000,3000000,104000000,-34000000,-10000000,98000000,-40000000,0,-423000000,1154000000,6000000,697000000,0,3000000,0,0,0,3000000,0,798000000,3410000000,2612000000,98000000,-40000000,58000000,https://www.sec.gov/Archives/edgar/data/320193/000110465903009489/0001104659-03-009489-index.htm,https://www.sec.gov/Archives/edgar/data/320193/000110465903009489/j0567_10q.htm
2002-12-28,AAPL,USD,0000320193,2003-02-10,2003-02-10 16:43:14,2003,Q1,-6000000,31000000,2000000,1000000,76000000,68000000,1000000,-94000000,101000000,6000000,110000000,-20000000,0,-674000000,922000000,9000000,237000000,0,13000000,0,0,0,13000000,0,360000000,2612000000,2252000000,110000000,-20000000,90000000,https://www.sec.gov/Archives/edgar/data/320193/000104746903004566/0001047469-03-004566-index.htm,https://www.sec.gov/Archives/edgar/data/320193/000104746903004566/a2102387z10-q.htm
2002-09-28,AAPL,USD,0000320193,2002-12-19,2002-12-19 17:20:21,2002,Q4,-45000000,33000000,-32000000,0,61000000,61000000,-11000000,7000000,4000000,65000000,82000000,-64000000,0,-666000000,1639000000,26000000,908000000,0,16000000,0,0,0,16000000,0,1006000000,2252000000,1246000000,82000000,-64000000,18000000,https://www.sec.gov/Archives/edgar/data/320193/000104746902007674/0001047469-02-007674-index.htm,https://www.sec.gov/Archives/edgar/data/320193/000104746902007674/a2096490z10-k.htm
2002-06-29,AAPL,USD,0000320193,2002-08-09,2002-08-09 16:52:48,2002,Q3,32000000,28000000,-32000000,0,-65000000,18000000,-8000000,-83000000,8000000,0,-37000000,-31000000,0,-581000000,695000000,-1000000,82000000,0,42000000,0,0,0,42000000,0,87000000,1246000000,1159000000,-37000000,-31000000,-68000000,https://www.sec.gov/Archives/edgar/data/320193/000091205702030796/0000912057-02-030796-index.htm,https://www.sec.gov/Archives/edgar/data/320193/000091205702030796/a2086025z10-q.htm
2002-03-30,AAPL,USD,0000320193,2002-05-14,2002-05-14 17:08:24,2002,Q2,40000000,29000000,40000000,0,-109000000,-146000000,-3000000,157000000,-117000000,2000000,2000000,-43000000,0,-1515000000,775000000,-42000000,-825000000,0,36000000,0,0,0,36000000,0,-787000000,1159000000,1946000000,2000000,-43000000,-41000000,https://www.sec.gov/Archives/edgar/data/320193/000091205702020280/0000912057-02-020280-index.htm,https://www.sec.gov/Archives/edgar/data/320193/000091205702020280/a2079853z10-q.htm
2001-12-29,AAPL,USD,0000320193,2002-02-11,2002-02-11 00:00:00,2002,Q1,38000000,28000000,-10000000,0,6000000,-32000000,-12000000,29000000,21000000,-20000000,42000000,-36000000,25000000,-1382000000,991000000,10000000,-417000000,0,11000000,0,0,0,11000000,0,-364000000,1946000000,2310000000,42000000,-36000000,6000000,https://www.sec.gov/Archives/edgar/data/320193/000091205702004945/0000912057-02-004945-index.htm,https://www.sec.gov/Archives/edgar/data/320193/000091205702004945/a2069685z10-q.htm
2001-09-29,AAPL,USD,0000320193,2001-12-21,2001-12-21 00:00:00,2001,Q4,66000000,30000000,18000000,0,157000000,132000000,8000000,-46000000,63000000,4000000,275000000,-163000000,0,-1260000000,1008000000,-29000000,-104000000,0,18000000,0,0,0,18000000,0,189000000,2310000000,2121000000,275000000,-163000000,112000000,https://www.sec.gov/Archives/edgar/data/320193/000091205701544436/0000912057-01-544436-index.htm,https://www.sec.gov/Archives/edgar/data/320193/000091205701544436/a2066171z10-k405.htm
2001-06-30,AAPL,USD,0000320193,2001-08-13,2001-08-13 00:00:00,2001,Q3,61000000,26000000,23000000,0,-146000000,39000000,-9000000,-114000000,-62000000,3000000,-33000000,-30000000,0,-1174000000,1417000000,0,10000000,0,6000000,0,0,0,6000000,0,-17000000,2121000000,2138000000,-33000000,-30000000,-63000000,https://www.sec.gov/Archives/edgar/data/320193/000091205701528148/0000912057-01-528148-index.htm,https://www.sec.gov/Archives/edgar/data/320193/000091205701528148/a2056203z10-q.htm
2001-03-31,AAPL,USD,0000320193,2001-05-14,2001-05-14 00:00:00,2001,Q2,43000000,22000000,15000000,0,-120000000,-196000000,11000000,324000000,-259000000,-4000000,-44000000,-17000000,129000000,-1200000000,1522000000,-4000000,430000000,0,15000000,0,0,0,15000000,0,401000000,2138000000,1737000000,-44000000,-17000000,-61000000,https://www.sec.gov/Archives/edgar/data/320193/000091205701515409/0000912057-01-515409-index.htm,https://www.sec.gov/Archives/edgar/data/320193/000091205701515409/a2048698z10-q.htm
2000-12-30,AAPL,USD,0000320193,2001-02-12,2001-02-12 00:00:00,2001,Q1,-207000000,24000000,-92000000,0,320000000,512000000,12000000,-520000000,316000000,-58000000,-13000000,-22000000,74000000,-635000000,1142000000,-3000000,556000000,0,3000000,0,0,0,3000000,0,546000000,1737000000,1191000000,-13000000,-22000000,-35000000,https://www.sec.gov/Archives/edgar/data/320193/000091205701004642/0000912057-01-004642-index.htm,https://www.sec.gov/Archives/edgar/data/320193/000091205701004642/a2038036z10-q.txt
2000-09-30,AAPL,USD,0000320193,2000-12-14,2000-12-14 00:00:00,2000,Q4,170000000,18000000,11000000,0,39000000,14000000,-28000000,117000000,-64000000,-80000000,158000000,-31000000,84000000,-1244000000,890000000,-20000000,-321000000,0,35000000,-25000000,0,0,10000000,0,-153000000,1191000000,1344000000,158000000,-31000000,127000000,https://www.sec.gov/Archives/edgar/data/320193/000091205700053623/0000912057-00-053623-index.htm,https://www.sec.gov/Archives/edgar/data/320193/000091205700053623/a2032880z10-k.txt
2000-07-01,AAPL,USD,0000320193,2000-07-31,2000-07-31 00:00:00,2000,Q3,200000000,25000000,47000000,0,13000000,-27000000,5000000,-71000000,106000000,-51000000,234000000,-11000000,51000000,-1196000000,933000000,5000000,-505000000,0,3000000,-50000000,0,0,-47000000,0,-318000000,1344000000,1662000000,234000000,-11000000,223000000,https://www.sec.gov/Archives/edgar/data/320193/000091205700033901/0000912057-00-033901-index.htm,https://www.sec.gov/Archives/edgar/data/320193/000091205700033901/a10-q.txt
2000-04-01,AAPL,USD,0000320193,2000-05-11,2000-05-11 00:00:00,2000,Q2,233000000,21000000,41000000,0,-132000000,-48000000,5000000,-63000000,-26000000,-102000000,61000000,-27000000,101000000,-1366000000,1277000000,-10000000,-15000000,0,30000000,0,0,0,30000000,0,76000000,1662000000,1586000000,61000000,-27000000,34000000,https://www.sec.gov/Archives/edgar/data/320193/000091205700023442/0000912057-00-023442-index.htm,https://www.sec.gov/Archives/edgar/data/320193/000091205700023442/0000912057-00-023442.txt
2000-01-01,AAPL,USD,0000320193,2000-02-01,2000-02-01 00:00:00,2000,Q1,183000000,20000000,64000000,0,237000000,-211000000,5000000,362000000,81000000,-131000000,373000000,-38000000,136000000,-693000000,519000000,-13000000,-89000000,0,17000000,-41000000,0,0,-24000000,0,260000000,1586000000,1326000000,373000000,-38000000,335000000,https://www.sec.gov/Archives/edgar/data/320193/000091205700003201/0000912057-00-003201-index.htm,https://www.sec.gov/Archives/edgar/data/320193/000091205700003201/0000912057-00-003201.txt
1999-09-25,AAPL,USD,0000320193,1999-12-22,1999-12-22 00:00:00,1999,Q4,111000000,19000000,-50000000,0,180000000,215000000,-13000000,20000000,-42000000,-42000000,218000000,-16000000,0,-1309000000,875000000,14000000,-635000000,0,45000000,0,0,0,-30000000,0,-447000000,1326000000,1773000000,218000000,-16000000,202000000,https://www.sec.gov/Archives/edgar/data/320193/000091205799010244/0000912057-99-010244-index.htm,https://www.sec.gov/Archives/edgar/data/320193/000091205799010244/0000912057-99-010244.txt
1999-06-26,AAPL,USD,0000320193,1999-08-06,1999-08-06 00:00:00,1999,Q3,203000000,19000000,9000000,0,-42000000,-92000000,11000000,1000000,38000000,-101000000,88000000,-7000000,105000000,-785000000,1016000000,-8000000,322000000,0,5000000,0,0,0,5000000,0,415000000,1773000000,1358000000,88000000,-7000000,81000000,https://www.sec.gov/Archives/edgar/data/320193/000032019399000009/0000320193-99-000009-index.htm,https://www.sec.gov/Archives/edgar/data/320193/000032019399000009/0000320193-99-000009.txt
1999-03-27,AAPL,USD,0000320193,1999-05-11,1999-05-11 00:00:00,1999,Q2,135000000,24000000,-4000000,0,168000000,109000000,7000000,136000000,-84000000,-54000000,269000000,-19000000,59000000,-1119000000,875000000,-18000000,-165000000,0,33000000,0,0,0,33000000,0,137000000,1358000000,1221000000,269000000,-19000000,250000000,https://www.sec.gov/Archives/edgar/data/320193/000032019399000004/0000320193-99-000004-index.htm,https://www.sec.gov/Archives/edgar/data/320193/0000320193-99-000004.txt
1998-12-26,AAPL,USD,0000320193,1999-02-08,1999-02-08 00:00:00,1999,Q1,152000000,23000000,10000000,0,71000000,42000000,53000000,-64000000,40000000,-33000000,223000000,-5000000,37000000,-1135000000,634000000,20000000,-486000000,0,3000000,0,0,0,3000000,0,-260000000,1221000000,1481000000,223000000,-5000000,218000000,https://www.sec.gov/Archives/edgar/data/320193/000032019399000002/0000320193-99-000002-index.htm,https://www.sec.gov/Archives/edgar/data/320193/0000320193-99-000002.txt
1998-09-25,AAPL,USD,0000320193,1998-12-23,1998-12-23 00:00:00,1998,Q4,106000000,23000000,-5000000,0,199000000,-40000000,51000000,146000000,42000000,0,323000000,-17000000,0,-693000000,664000000,-37000000,-73000000,1000000,27000000,0,0,0,28000000,0,278000000,1481000000,1203000000,323000000,-17000000,306000000,https://www.sec.gov/Archives/edgar/data/320193/000104746998044981/0001047469-98-044981-index.htm,https://www.sec.gov/Archives/edgar/data/320193/0001047469-98-044981.txt
1998-06-26,AAPL,USD,0000320193,1998-08-10,1998-08-10 00:00:00,1998,Q3,101000000,32000000,5000000,0,101000000,-108000000,128000000,50000000,31000000,-33000000,206000000,-27000000,0,-679000000,427000000,-46000000,-267000000,-23000000,2000000,0,0,0,-21000000,0,-82000000,1203000000,1285000000,206000000,-27000000,179000000,https://www.sec.gov/Archives/edgar/data/320193/000032019398000008/0000320193-98-000008-index.htm,https://www.sec.gov/Archives/edgar/data/320193/0000320193-98-000008.txt
1998-03-27,AAPL,USD,0000320193,1998-05-11,1998-05-11 00:00:00,1998,Q2,55000000,28000000,-2000000,0,74000000,87000000,147000000,-132000000,-28000000,0,155000000,-5000000,0,-542000000,438000000,37000000,-74000000,0,11000000,0,0,0,11000000,0,92000000,1285000000,1193000000,155000000,-5000000,150000000,https://www.sec.gov/Archives/edgar/data/320193/000032019398000006/0000320193-98-000006-index.htm,https://www.sec.gov/Archives/edgar/data/320193/0000320193-98-000006.txt
1997-12-26,AAPL,USD,0000320193,1998-02-09,1998-02-09 00:00:00,1998,Q1,47000000,28000000,3000000,0,54000000,133000000,33000000,-30000000,-82000000,0,132000000,-7000000,0,-399000000,194000000,-14000000,-170000000,0,1000000,0,0,0,1000000,0,-37000000,1193000000,1230000000,132000000,-7000000,125000000,https://www.sec.gov/Archives/edgar/data/320193/000032019398000003/0000320193-98-000003-index.htm,https://www.sec.gov/Archives/edgar/data/320193/0000320193-98-000003.txt
1997-09-26,AAPL,USD,0000320193,1997-12-05,1997-12-05 00:00:00,1997,Q4,-161000000,41000000,28000000,0,288000000,172000000,97000000,-127000000,146000000,2000000,198000000,-11000000,0,-218000000,201000000,-28000000,-56000000,-102000000,22000000,0,0,150000000,70000000,0,212000000,1230000000,1018000000,198000000,-11000000,187000000,https://www.sec.gov/Archives/edgar/data/320193/000104746997006960/0001047469-97-006960-index.htm,https://www.sec.gov/Archives/edgar/data/320193/0001047469-97-006960.txt
1997-06-27,AAPL,USD,0000320193,1997-08-11,1997-08-11 00:00:00,1997,Q3,-56000000,22000000,-9000000,0,-163000000,-59000000,-25000000,-28000000,-51000000,0,-206000000,-6000000,-1000000,-110000000,84000000,-24000000,-46000000,-7000000,4000000,0,0,0,-3000000,0,-255000000,1018000000,1273000000,-206000000,-6000000,-212000000,https://www.sec.gov/Archives/edgar/data/320193/000032019397000014/0000320193-97-000014-index.htm,https://www.sec.gov/Archives/edgar/data/320193/0000320193-97-000014.txt
1997-03-28,AAPL,USD,0000320193,1997-05-12,1997-05-12 00:00:00,1997,Q2,-708000000,30000000,0,0,426000000,352000000,-21000000,19000000,76000000,361000000,109000000,-16000000,0,-129000000,576000000,-15000000,32000000,-47000000,5000000,0,0,0,-42000000,0,99000000,1273000000,1174000000,109000000,-16000000,93000000,https://www.sec.gov/Archives/edgar/data/320193/000032019397000011/0000320193-97-000011-index.htm,https://www.sec.gov/Archives/edgar/data/320193/0000320193-97-000011.txt
1996-12-27,AAPL,USD,0000320193,1997-02-10,1997-02-10 00:00:00,1997,Q1,-120000000,25000000,0,0,187000000,4000000,174000000,29000000,-20000000,0,92000000,-20000000,0,-542000000,102000000,-10000000,-468000000,-5000000,3000000,0,0,0,-2000000,0,-378000000,1174000000,1552000000,92000000,-20000000,72000000,https://www.sec.gov/Archives/edgar/data/320193/000032019397000002/0000320193-97-000002-index.htm,https://www.sec.gov/Archives/edgar/data/320193/0000320193-97-000002.txt
1996-09-27,AAPL,USD,0000320193,1996-12-19,1996-12-19 00:00:00,1996,Q4,25000000,46000000,-37000000,0,309000000,-204000000,399000000,29000000,85000000,64000000,407000000,-12000000,0,-193000000,0,-22000000,-227000000,-1000000,14000000,0,0,0,13000000,0,193000000,1552000000,1359000000,407000000,-12000000,395000000,https://www.sec.gov/Archives/edgar/data/320193/000032019396000023/0000320193-96-000023-index.htm,https://www.sec.gov/Archives/edgar/data/320193/0000320193-96-000023.txt
1996-06-28,AAPL,USD,0000320193,1996-08-12,1996-08-12 00:00:00,1996,Q3,-32000000,22000000,-74000000,0,256000000,74000000,405000000,-55000000,-168000000,115000000,287000000,-15000000,0,0,92000000,9000000,88000000,481000000,3000000,0,0,0,484000000,0,859000000,1359000000,500000000,287000000,-15000000,272000000,https://www.sec.gov/Archives/edgar/data/320193/000032019396000018/0000320193-96-000018-index.htm,https://www.sec.gov/Archives/edgar/data/320193/0000320193-96-000018.txt
1996-03-29,AAPL,USD,0000320193,1996-05-13,1996-05-13 00:00:00,1996,Q2,-740000000,46000000,-325000000,0,331000000,578000000,481000000,-614000000,-114000000,326000000,-362000000,-9000000,0,0,184000000,-6000000,167000000,-147000000,17000000,0,-1000000,0,-129000000,0,-324000000,500000000,824000000,-362000000,-9000000,-371000000,https://www.sec.gov/Archives/edgar/data/320193/000032019396000011/0000320193-96-000011-index.htm,https://www.sec.gov/Archives/edgar/data/320193/0000320193-96-000011.txt
1995-12-29,AAPL,USD,0000320193,1996-02-12,1996-02-12 00:00:00,1996,Q1,-69000000,42000000,-3000000,0,213000000,-13000000,-172000000,266000000,132000000,4000000,187000000,-31000000,0,-244000000,164000000,-36000000,-147000000,38000000,5000000,0,-15000000,0,28000000,0,68000000,824000000,756000000,187000000,-31000000,156000000,https://www.sec.gov/Archives/edgar/data/320193/000032019396000002/0000320193-96-000002-index.htm,https://www.sec.gov/Archives/edgar/data/320193/0000320193-96-000002.txt
1995-09-29,AAPL,USD,0000320193,1995-12-19,1995-12-19 00:00:00,1995,Q4,60000000,23000000,-59000000,0,-761000000,-378000000,-408000000,116000000,-91000000,64000000,-673000000,-49000000,0,-114000000,426000000,-79000000,184000000,57000000,35000000,0,-15000000,0,77000000,0,-412000000,756000000,1168000000,-673000000,-49000000,-722000000,https://www.sec.gov/Archives/edgar/data/320193/000032019395000016/0000320193-95-000016-index.htm,https://www.sec.gov/Archives/edgar/data/320193/0000320193-95-000016.txt
1995-06-30,AAPL,USD,0000320193,1995-08-11,1995-08-11 00:00:00,1995,Q3,103000000,37000000,14000000,0,-167000000,80000000,-383000000,195000000,-59000000,-13000000,-26000000,-58000000,0,-630000000,733000000,0,44000000,-224000000,13000000,0,-14000000,0,-225000000,0,-207000000,1168000000,1375000000,-26000000,-58000000,-84000000,https://www.sec.gov/Archives/edgar/data/320193/000032019395000011/0000320193-95-000011-index.htm,https://www.sec.gov/Archives/edgar/data/320193/0000320193-95-000011.txt
1995-03-31,AAPL,USD,0000320193,1995-05-15,1995-05-15 00:00:00,1995,Q2,73000000,29000000,57000000,0,-91000000,-34000000,100000000,-102000000,-55000000,-62000000,6000000,-30000000,0,-518000000,347000000,-11000000,-211000000,418000000,29000000,0,-15000000,0,432000000,0,227000000,1375000000,1148000000,6000000,-30000000,-24000000,https://www.sec.gov/Archives/edgar/data/320193/000032019395000008/0000320193-95-000008-index.htm,https://www.sec.gov/Archives/edgar/data/320193/0000320193-95-000008.txt
1994-12-30,AAPL,USD,0000320193,1995-02-09,1995-02-09 00:00:00,1995,Q1,188000000,38000000,61000000,0,222000000,-18000000,4000000,74000000,162000000,-56000000,453000000,-22000000,0,-410000000,25000000,-12000000,-419000000,-84000000,9000000,0,-14000000,0,-89000000,0,-55000000,1148000000,1203000000,453000000,-22000000,431000000,https://www.sec.gov/Archives/edgar/data/320193/000032019395000003/0000320193-95-000003-index.htm,https://www.sec.gov/Archives/edgar/data/320193/0000320193-95-000003.txt
1994-09-30,AAPL,USD,0000320193,1994-12-13,1994-12-13 00:00:00,1994,Q4,114655000,45620000,14600000,0,81102000,-304264000,108626000,185685000,91055000,-13939000,242038000,-36212000,0,-54845000,87076000,31700000,27719000,-223752000,30073000,0,-14285000,0,-207964000,0,61793000,1203488000,1141695000,242038000,-36212000,205826000,https://www.sec.gov/Archives/edgar/data/320193/000032019394000016/0000320193-94-000016-index.htm,https://www.sec.gov/Archives/edgar/data/320193/0000320193-94-000016.txt
1994-07-01,AAPL,USD,0000320193,1994-08-12,1994-08-12 00:00:00,1994,Q3,139000000,41000000,-43800000,0,-39000000,66000000,90000000,-66000000,-129000000,44800000,142000000,-24375000,0,-86000000,19000000,-10000000,-101000000,24000000,4000000,0,-14000000,0,14000000,413000,54695000,1141695000,1087000000,142000000,-24375000,117625000,https://www.sec.gov/Archives/edgar/data/320193/000032019394000013/0000320193-94-000013-index.htm,https://www.sec.gov/Archives/edgar/data/320193/0000320193-94-000013.txt
1994-03-31,AAPL,USD,0000320193,1994-03-31,1994-03-31 00:00:00,1994,Q2,17000000,38000000,38800000,0,-75000000,-95000000,52000000,22000000,-54000000,-35800000,-17000000,-75436000,0,-20000000,150000000,9000000,64000000,39000000,43000000,0,-14000000,0,68000000,-413000,114612000,1087000000,972388000,-17000000,-75436000,-92436000,,
1993-12-31,AAPL,USD,0000320193,1994-01-26,1994-01-26 00:00:00,1994,Q1,40000000,43000000,31200000,0,280000000,134000000,168000000,-3000000,-19000000,-24200000,370000000,-23564000,0,-151000000,217000000,-34000000,8000000,-73000000,5000000,0,-14000000,0,-82000000,0,295975000,972388000,676413000,370000000,-23564000,346436000,https://www.sec.gov/Archives/edgar/data/320193/000032019394000002/0000320193-94-000002-index.htm,https://www.sec.gov/Archives/edgar/data/320193/0000320193-94-000002.txt
1993-09-30,AAPL,USD,0000320193,1993-09-30,1993-09-30 00:00:00,1993,Q4,2700000,42500000,-20500000,0,-431400000,-116600000,-267900000,0,-46900000,6900000,-399800000,-47700000,0,-72200000,320000000,12600000,212700000,515000000,17400000,0,-13900000,-48100000,470400000,0,283300000,283300000,0,-399800000,-47700000,-447500000,,
1993-06-30,AAPL,USD,0000320193,1993-06-30,1993-06-30 00:00:00,1993,Q3,-188275000,41436000,-64100000,0,-31943000,20426000,-361861000,0,309492000,-34857000,-277739000,-72600000,0,-435096000,490212000,-35172000,-52663000,237993000,12650000,-73858000,-13956000,100000,162929000,0,-177771000,-167500000,10271000,-277739000,-72600000,-350339000,,
1993-03-31,AAPL,USD,0000320193,1993-03-31,1993-03-31 00:00:00,1993,Q2,110859000,42799000,40400000,0,-310639000,-87047000,-280184000,0,56592000,63774000,-52807000,-48500000,0,-224751000,567432000,-26061000,268109000,-130626000,38918000,-133825000,-13454000,-100000,-239087000,0,-608242000,-23800000,584442000,-52807000,-48500000,-101307000,,
1992-12-31,AAPL,USD,0000320193,1992-12-31,1992-12-31 00:00:00,1993,Q1,161341000,39401000,63200000,0,-122961000,-111553000,-16516000,40246000,-35138000,-62174000,78807000,-44300000,0,-699949000,775468000,33461000,64691000,6126000,16282000,-65775000,-14246000,0,-57613000,0,85900000,584500000,498600000,78807000,-44300000,34507000,,
1992-09-30,AAPL,USD,0000320193,1992-09-30,1992-09-30 00:00:00,1992,Q4,97600000,60000000,-31300000,0,-111600000,-130500000,-44300000,0,63200000,6400000,21100000,-43900000,0,-637300000,444700000,5500000,-231000000,4300000,24500000,-37400000,-14200000,0,-22800000,0,-232700000,-232700000,0,21100000,-43900000,-22800000,,
1992-06-30,AAPL,USD,0000320193,1992-06-30,1992-06-30 00:00:00,1992,Q3,131700000,57200000,39100000,0,5000000,-83300000,6800000,0,81500000,2600000,235600000,-57400000,0,-449800000,274500000,-7500000,-240200000,43900000,42600000,-103200000,-14300000,-100000,-31100000,0,-35700000,-35700000,0,235600000,-57400000,178200000,,
1992-03-31,AAPL,USD,0000320193,1992-03-31,1992-03-31 00:00:00,1992,Q2,135100000,50200000,51000000,0,82900000,100100000,100800000,0,-118000000,2100000,321300000,-42000000,0,-572600000,462000000,-27800000,-180400000,90500000,71400000,-51700000,-14500000,200000,95900000,0,236800000,236800000,0,321300000,-42000000,279300000,,
1991-12-31,AAPL,USD,0000320193,1991-12-31,1991-12-31 00:00:00,1992,Q1,166000000,49800000,42100000,0,44400000,-66300000,28300000,0,82400000,3400000,305700000,-51600000,0,-461600000,291800000,-39600000,-261000000,-102800000,18700000,-20300000,-14200000,-100000,-118700000,0,-74000000,530100000,604100000,305700000,-51600000,254100000,,
1991-09-30,AAPL,USD,0000320193,1991-09-30,1991-09-30 00:00:00,1991,Q4,81200000,57900000,7500000,0,-94400000,-140100000,61700000,0,-16000000,3200000,55400000,-51600000,0,-289500000,116900000,-6400000,-230600000,-194800000,224000000,-9600000,-14100000,100000,5600000,0,-169600000,-169600000,0,55400000,-51600000,3800000,,
1991-06-30,AAPL,USD,0000320193,1991-06-30,1991-06-30 00:00:00,1991,Q3,-53100000,53500000,-109300000,0,-26600000,23900000,-112400000,0,61900000,0,-135500000,-53500000,0,-2600000,53600000,-21400000,-23900000,337300000,-156500000,-107600000,-14400000,0,58800000,0,-100600000,-100600000,0,-135500000,-53500000,-189000000,,
1991-03-31,AAPL,USD,0000320193,1991-03-31,1991-03-31 00:00:00,1991,Q2,131200000,45900000,71700000,0,-270500000,62500000,-212500000,0,-120500000,3600000,-18100000,-39000000,0,-169700000,247100000,-17300000,21100000,-17000000,168800000,-5600000,-14100000,0,132100000,0,135100000,135100000,0,-18100000,-39000000,-57100000,,
1990-12-31,AAPL,USD,0000320193,1990-12-31,1990-12-31 00:00:00,1991,Q1,150500000,47100000,38100000,0,-9200000,-91600000,-53000000,0,135400000,400000,226900000,-74200000,0,-148900000,526900000,-12100000,291700000,-99600000,21400000,-61900000,-13900000,0,-154000000,0,364600000,739300000,374700000,226900000,-74200000,152700000,,
1990-09-30,AAPL,USD,0000320193,1990-09-30,1990-09-30 00:00:00,1990,Q4,98500000,60800000,6000000,0,-68500000,-56300000,-63600000,0,51400000,900000,97700000,-67800000,0,-577000000,333500000,-12700000,-324000000,97800000,34300000,-183200000,-12900000,0,-64000000,0,-290300000,-290300000,0,97700000,-67800000,29900000,,
1990-06-30,AAPL,USD,0000320193,1990-06-30,1990-06-30 00:00:00,1990,Q3,119700000,49900000,45300000,0,86300000,-46800000,20600000,0,112500000,600000,301800000,-50800000,0,-343300000,314500000,-42000000,-121600000,4900000,20500000,-173100000,-13400000,0,-161100000,0,19100000,19100000,0,301800000,-50800000,251000000,,
1990-03-31,AAPL,USD,0000320193,1990-03-31,1990-03-31 00:00:00,1990,Q2,131900000,44200000,53700000,0,73400000,90300000,114100000,0,-131000000,100000,303300000,-42800000,0,-59200000,206500000,-20200000,84300000,-47900000,23700000,-114400000,-13500000,-100000,-152200000,0,235400000,235400000,0,303300000,-42800000,260500000,,
1989-12-31,AAPL,USD,0000320193,1989-12-31,1989-12-31 00:00:00,1990,Q1,124800000,47800000,33900000,0,54100000,43800000,48800000,0,-38500000,500000,261100000,-62900000,0,-444900000,318200000,-22600000,-212200000,11100000,25000000,-98900000,-14000000,100000,-76700000,0,-27800000,410500000,438300000,261100000,-62900000,198200000,,
