date,symbol,reportedCurrency,cik,fillingDate,acceptedDate,calendarYear,period,cashAndCashEquivalents,shortTermInvestments,cashAndShortTermInvestments,netReceivables,inventory,otherCurrentAssets,totalCurrentAssets,propertyPlantEquipmentNet,goodwill,intangibleAssets,goodwillAndIntangibleAssets,longTermInvestments,taxAssets,otherNonCurrentAssets,totalNonCurrentAssets,otherAssets,totalAssets,accountPayables,shortTermDebt,taxPayables,deferredRevenue,otherCurrentLiabilities,totalCurrentLiabilities,longTermDebt,deferredRevenueNonCurrent,deferredTaxLiabilitiesNonCurrent,otherNonCurrentLiabilities,totalNonCurrentLiabilities,otherLiabilities,capitalLeaseObligations,totalLiabilities,preferredStock,commonStock,retainedEarnings,accumulatedOtherComprehensiveIncomeLoss,othertotalStockholdersEquity,totalStockholdersEquity,totalEquity,totalLiabilitiesAndStockholdersEquity,minorityInterest,totalLiabilitiesAndTotalEquity,totalInvestments,totalDebt,netDebt,link,finalLink
2025-09-27,AAPL,USD,0000320193,2025-10-31,2025-10-31 06:01:26,2025,Q4,33539000000,21158000000,54697000000,72957000000,5718000000,14585000000,147957000000,61039000000,0,0,0,77723000000,20777000000,51745000000,211284000000,0,359241000000,69860000000,22446000000.0,0,9055000000,64270000000,165631000000,89931000000,0,0,29946000000,119877000000,0,13720000000,285508000000,0,93568000000,-14264000000,-5571000000,0,73733000000,73733000000,359241000000,0,359241000000,98881000000,112377000000.0,78838000000,https://www.sec.gov/Archives/edgar/data/320193/000032019325000079/0000320193-25-000079-index.htm,https://www.sec.gov/Archives/edgar/data/320193/000032019325000079/aapl-20250927.htm
2025-06-28,AAPL,USD,0000320193,2025-08-01,2025-08-01 06:00:42,2025,Q3,36269000000,19103000000,55372000000,46835000000,5925000000,14359000000,122491000000,48508000000,0,0,0,77614000000,0,82882000000,209004000000,0,331495000000,50374000000,19268000000.0,0,8979000000,62499000000,141120000000,82430000000,0,0,42115000000,124545000000,0,0,265665000000,0,89806000000,-17607000000,-6369000000,0,65830000000,65830000000,331495000000,0,331495000000,96717000000,101698000000.0,65429000000,https://www.sec.gov/Archives/edgar/data/320193/000032019325000073/0000320193-25-000073-index.htm,https://www.sec.gov/Archives/edgar/data/320193/000032019325000073/aapl-20250628.htm
2025-03-29,AAPL,USD,0000320193,2025-05-02,2025-05-02 06:00:46,2025,Q2,28162000000,20336000000,48498000000,49798000000,6269000000,14109000000,118674000000,46876000000,0,0,0,84424000000,0,81259000000,212559000000,0,331233000000,54126000000,19620000000.0,0,8976000000,61849000000,144571000000,78566000000,0,0,41300000000,119866000000,0,0,264437000000,0,88711000000,-15552000000,-6363000000,0,66796000000,66796000000,331233000000,0,331233000000,104760000000,98186000000.0,70024000000,https://www.sec.gov/Archives/edgar/data/320193/000032019325000057/0000320193-25-000057-index.htm,https://www.sec.gov/Archives/edgar/data/320193/000032019325000057/aapl-20250329.htm
2024-12-28,AAPL,USD,0000320193,2025-01-31,2025-01-31 06:01:27,2025,Q1,30299000000,23476000000,53775000000,59306000000,6911000000,13248000000,133240000000,46069000000,0,0,0,87593000000,0,77183000000,210845000000,0,344085000000,61910000000,12843000000.0,0,8461000000,61151000000,144365000000,83956000000,0,0,49006000000,132962000000,0,0,277327000000,0,84768000000,-11221000000,-6789000000,0,66758000000,66758000000,344085000000,0,344085000000,111069000000,96799000000.0,66500000000,https://www.sec.gov/Archives/edgar/data/320193/000032019325000008/0000320193-25-000008-index.htm,https://www.sec.gov/Archives/edgar/data/320193/000032019325000008/aapl-20241228.htm
2024-09-28,AAPL,USD,0000320193,2024-11-01,2024-11-01 06:01:36,2024,Q4,29943000000,35228000000,65171000000,66243000000,7286000000,14287000000,152987000000,45680000000,0,0,0,91479000000,19499000000,55335000000,211993000000,0,364980000000,68960000000,22511000000.0,26601000000,8249000000,50071000000,176392000000,96548000000,0,0,35090000000,131638000000,0,12430000000,308030000000,0,83276000000,-19154000000,-7172000000,0,56950000000,56950000000,364980000000,0,364980000000,126707000000,119059000000.0,89116000000,https://www.sec.gov/Archives/edgar/data/320193/000032019324000123/0000320193-24-000123-index.htm,https://www.sec.gov/Archives/edgar/data/320193/000032019324000123/aapl-20240928.htm
2024-06-29,AAPL,USD,0000320193,2024-08-02,2024-08-01 18:03:34,2024,Q3,25565000000,36236000000,61801000000,43172000000,6165000000,14297000000,125435000000,44502000000,0,0,0,91240000000,0,70435000000,206177000000,0,331612000000,47574000000,15108000000.0,0,8053000000,60889000000,131624000000,86196000000,0,0,47084000000,133280000000,0,0,264904000000,0,79850000000,-4726000000,-8416000000,0,66708000000,66708000000,331612000000,0,331612000000,127476000000,101304000000.0,75739000000,https://www.sec.gov/Archives/edgar/data/320193/000032019324000081/0000320193-24-000081-index.htm,https://www.sec.gov/Archives/edgar/data/320193/000032019324000081/aapl-20240629.htm
2024-03-30,AAPL,USD,0000320193,2024-05-03,2024-05-02 18:04:25,2024,Q2,32695000000,34455000000,67150000000,41150000000,6232000000,13884000000,128416000000,43546000000,0,0,0,95187000000,0,70262000000,208995000000,0,337411000000,45753000000,12759000000.0,0,8012000000,57298000000,123822000000,91831000000,0,0,47564000000,139395000000,0,0,263217000000,0,78815000000,4339000000,-8960000000,0,74194000000,74194000000,337411000000,0,337411000000,129642000000,104590000000.0,71895000000,https://www.sec.gov/Archives/edgar/data/320193/000032019324000069/0000320193-24-000069-index.htm,https://www.sec.gov/Archives/edgar/data/320193/000032019324000069/aapl-20240330.htm
2023-12-30,AAPL,USD,0000320193,2024-02-02,2024-02-01 18:03:38,2024,Q1,40760000000,32340000000,73100000000,50102000000,6511000000,13979000000,143692000000,43666000000,0,0,0,99475000000,0,66681000000,209822000000,0,353514000000,58146000000,12952000000.0,0,8264000000,54611000000,133973000000,95088000000,0,0,50353000000,145441000000,0,0,279414000000,0,75236000000,8242000000,-9378000000,0,74100000000,74100000000,353514000000,0,353514000000,131815000000,108040000000.0,67280000000,https://www.sec.gov/Archives/edgar/data/320193/000032019324000006/0000320193-24-000006-index.htm,https://www.sec.gov/Archives/edgar/data/320193/000032019324000006/aapl-20231230.htm
2023-09-30,AAPL,USD,0000320193,2023-11-03,2023-11-02 18:08:27,2023,Q4,29965000000,31590000000,61555000000,60985000000,6331000000,14695000000,143566000000,54376000000,0,0,0,100544000000,17852000000,36245000000,209017000000,0,352583000000,62611000000,17382000000.0,8819000000,8061000000,48435000000,145308000000,106548000000,0,0,38581000000,145129000000,0,12842000000,290437000000,0,73812000000,-214000000,-11452000000,0,62146000000,62146000000,352583000000,0,352583000000,132134000000,123930000000.0,93965000000,https://www.sec.gov/Archives/edgar/data/320193/000032019323000106/0000320193-23-000106-index.htm,https://www.sec.gov/Archives/edgar/data/320193/000032019323000106/aapl-20230930.htm
2023-07-01,AAPL,USD,0000320193,2023-08-04,2023-08-03 18:04:43,2023,Q3,28408000000,34074000000,62482000000,39186000000,7351000000,13640000000,122659000000,43550000000,0,0,0,104061000000,0,64768000000,212379000000,0,335038000000,46699000000,11209000000.0,0,8158000000,58897000000,124963000000,98071000000,0,0,51730000000,149801000000,0,0,274764000000,0,70667000000,1408000000,-11801000000,0,60274000000,60274000000,335038000000,0,335038000000,138135000000,109280000000.0,80872000000,https://www.sec.gov/Archives/edgar/data/320193/000032019323000077/0000320193-23-000077-index.htm,https://www.sec.gov/Archives/edgar/data/320193/000032019323000077/aapl-20230701.htm
2023-04-01,AAPL,USD,0000320193,2023-05-05,2023-05-04 18:03:52,2023,Q2,24687000000,31185000000,55872000000,35899000000,7482000000,13660000000,112913000000,43398000000,0,0,0,110461000000,0,65388000000,219247000000,0,332160000000,42945000000,12574000000.0,0,8131000000,56425000000,120075000000,97041000000,0,0,52886000000,149927000000,0,0,270002000000,0,69568000000,4336000000,-11746000000,0,62158000000,62158000000,332160000000,0,332160000000,141646000000,109615000000.0,84928000000,https://www.sec.gov/Archives/edgar/data/320193/000032019323000064/0000320193-23-000064-index.htm,https://www.sec.gov/Archives/edgar/data/320193/000032019323000064/aapl-20230401.htm
2022-12-31,AAPL,USD,0000320193,2023-02-03,2023-02-02 18:01:30,2023,Q1,20535000000,30820000000,51355000000,54180000000,6820000000,16422000000,128777000000,42951000000,0,0,0,114095000000,0,60924000000,217970000000,0,346747000000,57918000000,11483000000.0,0,7992000000,59893000000,137286000000,99627000000,0,0,53107000000,152734000000,0,0,290020000000,0,66399000000,3240000000,-12912000000,0,56727000000,56727000000,346747000000,0,346747000000,144915000000,111110000000.0,90575000000,https://www.sec.gov/Archives/edgar/data/320193/000032019323000006/0000320193-23-000006-index.htm,https://www.sec.gov/Archives/edgar/data/320193/000032019323000006/aapl-20221231.htm
2022-09-24,AAPL,USD,0000320193,2022-10-28,2022-10-27 18:01:14,2022,Q4,23646000000,24658000000,48304000000,60932000000,4946000000,21223000000,135405000000,42117000000,0,0,0,120805000000,15375000000,39053000000,217350000000,0,352755000000,64115000000,22773000000.0,0,7912000000,59182000000,153982000000,109707000000,0,0,38394000000,148101000000,0,12411000000,302083000000,0,64849000000,-3068000000,-11109000000,0,50672000000,50672000000,352755000000,0,352755000000,145463000000,132480000000.0,108834000000,https://www.sec.gov/Archives/edgar/data/320193/000032019322000108/0000320193-22-000108-index.htm,https://www.sec.gov/Archives/edgar/data/320193/000032019322000108/aapl-20220924.htm
2022-06-25,AAPL,USD,0000320193,2022-07-29,2022-07-28 18:06:56,2022,Q3,27502000000,20729000000,48231000000,42242000000,5433000000,16386000000,112292000000,40335000000,0,0,0,131077000000,0,52605000000,224017000000,0,336309000000,48343000000,24991000000.0,0,7728000000,48811000000,129873000000,94700000000,0,0,53629000000,148329000000,0,0,278202000000,0,62115000000,5289000000,-9297000000,0,58107000000,58107000000,336309000000,0,336309000000,151806000000,119691000000.0,92189000000,https://www.sec.gov/Archives/edgar/data/320193/000032019322000070/0000320193-22-000070-index.htm,https://www.sec.gov/Archives/edgar/data/320193/000032019322000070/aapl-20220625.htm
2022-03-26,AAPL,USD,0000320193,2022-04-29,2022-04-28 18:03:58,2022,Q2,28098000000,23413000000,51511000000,45400000000,5460000000,15809000000,118180000000,39304000000,0,0,0,141219000000,0,51959000000,232482000000,0,350662000000,52682000000,16658000000.0,0,7920000000,50248000000,127508000000,103323000000,0,0,52432000000,155755000000,0,0,283263000000,0,61181000000,12712000000,-6494000000,0,67399000000,67399000000,350662000000,0,350662000000,164632000000,119981000000.0,91883000000,https://www.sec.gov/Archives/edgar/data/320193/000032019322000059/0000320193-22-000059-index.htm,https://www.sec.gov/Archives/edgar/data/320193/000032019322000059/aapl-20220326.htm
2021-12-25,AAPL,USD,0000320193,2022-01-28,2022-01-27 18:00:58,2022,Q1,37119000000,26794000000,63913000000,65253000000,5876000000,18112000000,153154000000,39245000000,0,0,0,138683000000,0,50109000000,228037000000,0,381191000000,74362000000,16169000000.0,0,7876000000,49167000000,147574000000,106629000000,0,0,55056000000,161685000000,0,0,309259000000,0,58424000000,14435000000,-927000000,0,71932000000,71932000000,381191000000,0,381191000000,165477000000,122798000000.0,85679000000,https://www.sec.gov/Archives/edgar/data/320193/000032019322000007/0000320193-22-000007-index.htm,https://www.sec.gov/Archives/edgar/data/320193/000032019322000007/aapl-20211225.htm
2021-09-25,AAPL,USD,0000320193,2021-10-29,2021-10-28 18:04:28,2021,Q4,34940000000,27699000000,62639000000,51506000000,6580000000,14111000000,134836000000,39440000000,0,0,0,127877000000,0,48849000000,216166000000,0,351002000000,54763000000,17141000000.0,0,7612000000,45965000000,125481000000,119381000000,0,0,43050000000,162431000000,0,11803000000,287912000000,0,57365000000,5562000000,163000000,0,63090000000,63090000000,351002000000,0,351002000000,155576000000,136522000000.0,101582000000,https://www.sec.gov/Archives/edgar/data/320193/000032019321000105/0000320193-21-000105-index.htm,https://www.sec.gov/Archives/edgar/data/320193/000032019321000105/aapl-20210925.htm
2021-06-26,AAPL,USD,0000320193,2021-07-28,2021-07-27 18:03:42,2021,Q3,34050000000,27646000000,61696000000,33908000000,5178000000,13641000000,114423000000,38615000000,0,0,0,131948000000,0,44854000000,215417000000,0,329840000000,40409000000,16039000000.0,0,7681000000,43625000000,107754000000,105752000000,0,0,52054000000,157806000000,0,0,265560000000,0,54989000000,9233000000,58000000,0,64280000000,64280000000,329840000000,0,329840000000,159594000000,121791000000.0,87741000000,https://www.sec.gov/Archives/edgar/data/320193/000032019321000065/0000320193-21-000065-index.htm,https://www.sec.gov/Archives/edgar/data/320193/000032019321000065/aapl-20210626.htm
2021-03-27,AAPL,USD,0000320193,2021-04-29,2021-04-28 18:02:54,2021,Q2,38466000000,31368000000,69834000000,33036000000,5219000000,13376000000,121465000000,37815000000,0,0,0,134539000000,0,43339000000,215693000000,0,337158000000,40127000000,13003000000.0,0,7595000000,45660000000,106385000000,108642000000,0,0,52953000000,161595000000,0,0,267980000000,0,54203000000,15261000000,-286000000,0,69178000000,69178000000,337158000000,0,337158000000,165907000000,121645000000.0,83179000000,https://www.sec.gov/Archives/edgar/data/320193/000032019321000056/0000320193-21-000056-index.htm,https://www.sec.gov/Archives/edgar/data/320193/000032019321000056/aapl-20210327.htm
2020-12-26,AAPL,USD,0000320193,2021-01-28,2021-01-27 18:03:06,2021,Q1,36010000000,40816000000,76826000000,58620000000,4973000000,13687000000,154106000000,37933000000,0,0,0,118745000000,0,43270000000,199948000000,0,354054000000,63846000000,12762000000.0,0,7395000000,48504000000,132507000000,99281000000,0,0,56042000000,155323000000,0,0,287830000000,0,51744000000,14301000000,179000000,0,66224000000,66224000000,354054000000,0,354054000000,159561000000,112043000000.0,76033000000,https://www.sec.gov/Archives/edgar/data/320193/000032019321000010/0000320193-21-000010-index.htm,https://www.sec.gov/Archives/edgar/data/320193/000032019321000010/aapl-20201226.htm
2020-09-26,AAPL,USD,0000320193,2020-10-30,2020-10-29 18:06:25,2020,Q4,38016000000,52927000000,90943000000,37445000000,4061000000,11264000000,143713000000,36766000000,0,0,0,100887000000,0,42522000000,180175000000,0,323888000000,42296000000,15229000000.0,0,6643000000,41224000000,105392000000,107049000000,0,0,46108000000,153157000000,0,9842000000,258549000000,0,50779000000,14966000000,-406000000,0,65339000000,65339000000,323888000000,0,323888000000,153814000000,122278000000.0,84262000000,https://www.sec.gov/Archives/edgar/data/320193/000032019320000096/0000320193-20-000096-index.htm,https://www.sec.gov/Archives/edgar/data/320193/000032019320000096/aapl-20200926.htm
2020-06-27,AAPL,USD,0000320193,2020-07-31,2020-07-30 19:29:09,2020,Q3,33383000000,59642000000,93025000000,32075000000,3978000000,10987000000,140065000000,35687000000,0,0,0,100592000000,0,41000000000,177279000000,0,317344000000,35325000000,20048000000.0,0,6313000000,33632000000,95318000000,102138000000,0,0,47606000000,149744000000,0,9463000000,245062000000,0,48696000000,24136000000,-550000000,0,72282000000,72282000000,317344000000,0,317344000000,160234000000,122186000000.0,88803000000,https://www.sec.gov/Archives/edgar/data/320193/000032019320000062/0000320193-20-000062-index.htm,https://www.sec.gov/Archives/edgar/data/320193/000032019320000062/aapl-20200627.htm
2020-03-28,AAPL,USD,0000320193,2020-05-01,2020-04-30 18:03:10,2020,Q2,40174000000,53877000000,94051000000,30677000000,3334000000,15691000000,143753000000,35889000000,0,0,0,98793000000,0,41965000000,176647000000,0,320400000000,32421000000,21625000000.0,0,5928000000,36120000000,96094000000,97136000000,0,0,48745000000,145881000000,0,9254000000,241975000000,0,48032000000,33182000000,-2789000000,0,78425000000,78425000000,320400000000,0,320400000000,152670000000,118761000000.0,78587000000,https://www.sec.gov/Archives/edgar/data/320193/000032019320000052/0000320193-20-000052-index.htm,https://www.sec.gov/Archives/edgar/data/320193/000032019320000052/a10-qq220203282020.htm
2019-12-28,AAPL,USD,0000320193,2020-01-29,2020-01-28 18:02:44,2020,Q1,39771000000,67391000000,107162000000,39946000000,4097000000,12026000000,163231000000,37031000000,0,0,0,99899000000,0,40457000000,177387000000,0,340618000000,45111000000,16473000000.0,0,5573000000,35004000000,102161000000,100278000000,0,0,48648000000,148926000000,0,8459000000,251087000000,0,45972000000,43977000000,-418000000,0,89531000000,89531000000,340618000000,0,340618000000,167290000000,116751000000.0,76980000000,https://www.sec.gov/Archives/edgar/data/320193/000032019320000010/0000320193-20-000010-index.htm,https://www.sec.gov/Archives/edgar/data/320193/000032019320000010/a10-qq1202012282019.htm
2019-09-28,AAPL,USD,0000320193,2019-10-31,2019-10-30 18:12:36,2019,Q4,48844000000,51713000000,100557000000,45804000000,4106000000,12352000000,162819000000,37378000000,0,0,0,105341000000,0,32978000000,175697000000,0,338516000000,46236000000,16240000000.0,0,5522000000,37720000000,105718000000,91807000000,0,0,50503000000,142310000000,0,0,248028000000,0,45174000000,45898000000,-584000000,0,90488000000,90488000000,338516000000,0,338516000000,157054000000,108047000000.0,59203000000,https://www.sec.gov/Archives/edgar/data/320193/000032019319000119/0000320193-19-000119-index.htm,https://www.sec.gov/Archives/edgar/data/320193/000032019319000119/a10-k20199282019.htm
2019-06-29,AAPL,USD,0000320193,2019-07-31,2019-07-31 16:31:53,2019,Q3,50530000000,44084000000,94614000000,26474000000,3355000000,10530000000,134973000000,37636000000,0,0,0,115996000000,0,33634000000,187266000000,0,322239000000,29115000000,23482000000.0,0,5434000000,31673000000,89704000000,84936000000,0,0,51143000000,136079000000,0,0,225783000000,0,43371000000,53724000000,-639000000,0,96456000000,96456000000,322239000000,0,322239000000,160080000000,108418000000.0,57888000000,https://www.sec.gov/Archives/edgar/data/320193/000032019319000076/0000320193-19-000076-index.htm,https://www.sec.gov/Archives/edgar/data/320193/000032019319000076/a10-qq320196292019.htm
2019-03-30,AAPL,USD,0000320193,2019-05-01,2019-05-01 16:32:00,2019,Q2,37988000000,42104000000,80092000000,26278000000,4884000000,12092000000,123346000000,38746000000,0,0,0,145319000000,0,34587000000,218652000000,0,341998000000,30443000000,22429000000.0,0,5532000000,35368000000,93772000000,90201000000,0,0,52165000000,142366000000,0,0,236138000000,0,42801000000,64558000000,-1499000000,0,105860000000,105860000000,341998000000,0,341998000000,187423000000,112630000000.0,74642000000,https://www.sec.gov/Archives/edgar/data/320193/000032019319000066/0000320193-19-000066-index.htm,https://www.sec.gov/Archives/edgar/data/320193/000032019319000066/a10-qq220193302019.htm
2018-12-29,AAPL,USD,0000320193,2019-01-30,2019-01-30 16:31:37,2019,Q1,44771000000,41656000000,86427000000,36981000000,4988000000,12432000000,140828000000,39597000000,0,0,0,158608000000,0,34686000000,232891000000,0,373719000000,44293000000,21741000000.0,0,5546000000,36703000000,108283000000,92989000000,0,0,54555000000,147544000000,0,0,255827000000,0,40970000000,80510000000,-3588000000,0,117892000000,117892000000,373719000000,0,373719000000,200264000000,114730000000.0,69959000000,https://www.sec.gov/Archives/edgar/data/320193/000032019319000010/0000320193-19-000010-index.htm,https://www.sec.gov/Archives/edgar/data/320193/000032019319000010/a10-qq1201912292018.htm
2018-09-29,AAPL,USD,0000320193,2018-11-05,2018-11-05 08:01:40,2018,Q4,25913000000,40388000000,66301000000,48995000000,3956000000,12087000000,131339000000,41304000000,0,0,0,170799000000,0,22283000000,234386000000,0,365725000000,55888000000,20748000000.0,0,5966000000,33327000000,115929000000,93735000000,2797000000,426000000,45691000000,142649000000,0,0,258578000000,0,40201000000,70400000000,-3454000000,0,107147000000,107147000000,365725000000,0,365725000000,211187000000,114483000000.0,88570000000,https://www.sec.gov/Archives/edgar/data/320193/000032019318000145/0000320193-18-000145-index.htm,https://www.sec.gov/Archives/edgar/data/320193/000032019318000145/a10-k20189292018.htm
2018-06-30,AAPL,USD,0000320193,2018-08-01,2018-08-01 16:31:48,2018,Q3,31971000000,38999000000,70970000000,26367000000,5936000000,12488000000,115761000000,38117000000,0,0,0,172773000000,0,22546000000,233436000000,0,349197000000,38489000000,17472000000.0,0,7403000000,25184000000,88548000000,97128000000,2878000000,398000000,45296000000,145700000000,0,0,234248000000,0,38624000000,79436000000,-3111000000,0,114949000000,114949000000,349197000000,0,349197000000,211772000000,114600000000.0,82629000000,https://www.sec.gov/Archives/edgar/data/320193/000032019318000100/0000320193-18-000100-index.htm,https://www.sec.gov/Archives/edgar/data/320193/000032019318000100/a10-qq320186302018.htm
2018-03-31,AAPL,USD,0000320193,2018-05-02,2018-05-02 16:32:12,2018,Q2,45059000000,42881000000,87940000000,22408000000,7662000000,12043000000,130053000000,35077000000,0,0,0,179286000000,0,23086000000,237449000000,0,367502000000,34311000000,20478000000.0,0,7775000000,26756000000,89320000000,101362000000,3087000000,548000000,46307000000,151304000000,0,0,240624000000,0,38044000000,91898000000,-3064000000,0,126878000000,126878000000,367502000000,0,367502000000,222167000000,121840000000.0,76781000000,https://www.sec.gov/Archives/edgar/data/320193/000032019318000070/0000320193-18-000070-index.htm,https://www.sec.gov/Archives/edgar/data/320193/000032019318000070/a10-qq220183312018.htm
2017-12-30,AAPL,USD,0000320193,2018-02-02,2018-02-02 08:01:26,2018,Q1,27491000000,49662000000,77153000000,50899000000,4421000000,11337000000,143810000000,33679000000,5889000000,2149000000,8038000000,207944000000,0,13323000000,262984000000,0,406794000000,62985000000,18478000000.0,0,8044000000,26281000000,115788000000,103922000000,3131000000,548000000,43206000000,150807000000,0,0,266595000000,0,36447000000,104593000000,-841000000,0,140199000000,140199000000,406794000000,0,406794000000,257606000000,122400000000.0,94909000000,https://www.sec.gov/Archives/edgar/data/320193/000032019318000007/0000320193-18-000007-index.htm,https://www.sec.gov/Archives/edgar/data/320193/000032019318000007/a10-qq1201812302017.htm
2017-09-30,AAPL,USD,0000320193,2017-11-03,2017-11-03 08:01:37,2017,Q4,20289000000,53892000000,74181000000,35673000000,4855000000,13936000000,128645000000,33783000000,5717000000,2298000000,8015000000,194714000000,-8015000000,18177000000,246674000000,0,375319000000,44242000000,18473000000.0,0,7548000000,30551000000,100814000000,97207000000,2836000000,31504000000,8911000000,140458000000,0,0,241272000000,0,35867000000,98330000000,-150000000,0,134047000000,134047000000,375319000000,0,375319000000,248606000000,115680000000.0,95391000000,https://www.sec.gov/Archives/edgar/data/320193/000032019317000070/0000320193-17-000070-index.htm,https://www.sec.gov/Archives/edgar/data/320193/000032019317000070/a10-k20179302017.htm
2017-07-01,AAPL,USD,0000320193,2017-08-02,2017-08-02 16:31:28,2017,Q3,18571000000,58188000000,76759000000,22632000000,3146000000,10338000000,112875000000,29286000000,5661000000,2444000000,8105000000,184757000000,0,10150000000,232298000000,0,345173000000,31915000000,18475000000.0,0,7608000000,23304000000,81302000000,89864000000,2984000000,30191000000,8407000000,131446000000,0,0,212748000000,0,34445000000,98525000000,-545000000,0,132425000000,132425000000,345173000000,0,345173000000,242945000000,108339000000.0,89768000000,https://www.sec.gov/Archives/edgar/data/320193/000032019317000009/0000320193-17-000009-index.htm,https://www.sec.gov/Archives/edgar/data/320193/000032019317000009/a10-qq32017712017.htm
2017-04-01,AAPL,USD,0000320193,2017-05-03,2017-05-03 16:32:23,2017,Q2,15157000000,51944000000,67101000000,20612000000,2910000000,11367000000,101990000000,27163000000,5473000000,2617000000,8090000000,189740000000,0,7549000000,232542000000,0,334532000000,28573000000,13991000000.0,0,7682000000,23096000000,73342000000,84531000000,3107000000,28226000000,11244000000,127108000000,0,0,200450000000,0,33579000000,100925000000,-422000000,0,134082000000,134082000000,334532000000,0,334532000000,241684000000,98522000000.0,83365000000,https://www.sec.gov/Archives/edgar/data/320193/000162828017004790/0001628280-17-004790-index.htm,https://www.sec.gov/Archives/edgar/data/320193/000162828017004790/a10-qq22017412017.htm
2016-12-31,AAPL,USD,0000320193,2017-02-01,2017-02-01 16:33:29,2017,Q1,16371000000,44081000000,60452000000,27977000000,2712000000,12191000000,103332000000,26510000000,5423000000,2848000000,8271000000,185638000000,0,7390000000,227809000000,0,331141000000,38510000000,13992000000.0,0,7889000000,23739000000,84130000000,73557000000,3163000000,26948000000,10953000000,114621000000,0,0,198751000000,0,32144000000,100001000000,245000000,0,132390000000,132390000000,331141000000,0,331141000000,229719000000,87549000000.0,71178000000,https://www.sec.gov/Archives/edgar/data/320193/000162828017000717/0001628280-17-000717-index.htm,https://www.sec.gov/Archives/edgar/data/320193/000162828017000717/a10-qq1201712312016.htm
2016-09-24,AAPL,USD,0000320193,2016-10-26,2016-10-26 16:42:16,2016,Q4,20484000000,46671000000,67155000000,29299000000,2132000000,8283000000,106869000000,27010000000,5414000000,3206000000,8620000000,170430000000,0,8757000000,214817000000,0,321686000000,37294000000,11605000000.0,0,8080000000,22027000000,79006000000,75427000000,2930000000,26019000000,10055000000,114431000000,0,0,193437000000,0,31251000000,96364000000,634000000,0,128249000000,128249000000,321686000000,0,321686000000,217101000000,87032000000.0,66548000000,https://www.sec.gov/Archives/edgar/data/320193/000162828016020309/0001628280-16-020309-index.htm,https://www.sec.gov/Archives/edgar/data/320193/000162828016020309/a201610-k9242016.htm
2016-06-25,AAPL,USD,0000320193,2016-07-27,2016-07-27 16:32:36,2016,Q3,18237000000,43519000000,61756000000,11714000000,1831000000,18460000000,93761000000,25448000000,5261000000,3506000000,8767000000,169764000000,0,7862000000,211841000000,0,305602000000,26318000000,15996000000.0,0,8352000000,20820000000,71486000000,68939000000,3064000000,24560000000,11012000000,107575000000,0,0,179061000000,0,30106000000,96542000000,-107000000,0,126541000000,126541000000,305602000000,0,305602000000,213283000000,84935000000.0,66698000000,https://www.sec.gov/Archives/edgar/data/320193/000162828016017809/0001628280-16-017809-index.htm,https://www.sec.gov/Archives/edgar/data/320193/000162828016017809/a10-qq320166252016.htm
2016-03-26,AAPL,USD,0000320193,2016-04-27,2016-04-27 16:32:53,2016,Q2,21514000000,33769000000,55283000000,12229000000,2281000000,17799000000,87592000000,23203000000,5249000000,3843000000,9092000000,177645000000,0,7745000000,217685000000,0,305277000000,25098000000,10498000000.0,0,9461000000,23208000000,68265000000,69374000000,3322000000,22955000000,10904000000,106555000000,0,0,174820000000,0,29484000000,102021000000,-1048000000,0,130457000000,130457000000,305277000000,0,305277000000,211414000000,79872000000.0,58358000000,https://www.sec.gov/Archives/edgar/data/320193/000119312516559625/0001193125-16-559625-index.htm,https://www.sec.gov/Archives/edgar/data/320193/000119312516559625/d165350d10q.htm
2015-12-26,AAPL,USD,0000320193,2016-01-27,2016-01-27 16:32:03,2016,Q1,16689000000,21385000000,38074000000,12953000000,2451000000,22741000000,76219000000,22300000000,5202000000,3924000000,9126000000,177665000000,0,7974000000,217065000000,0,293284000000,33312000000,9759000000.0,0,8989000000,24032000000,76092000000,53204000000,3546000000,21617000000,10558000000,88925000000,0,0,165017000000,0,28253000000,101494000000,-1480000000,0,128267000000,128267000000,293284000000,0,293284000000,199050000000,62963000000.0,46274000000,https://www.sec.gov/Archives/edgar/data/320193/000119312516439878/0001193125-16-439878-index.htm,https://www.sec.gov/Archives/edgar/data/320193/000119312516439878/d66145d10q.htm
2015-09-26,AAPL,USD,0000320193,2015-10-28,2015-10-28 16:31:09,2015,Q4,21120000000,20481000000,41601000000,16849000000,2349000000,28579000000,89378000000,22471000000,5116000000,3893000000,9009000000,164065000000,0,5422000000,200967000000,0,290345000000,35490000000,10999000000.0,0,8940000000,25181000000,80610000000,53329000000,3624000000,24062000000,9365000000,90380000000,0,0,170990000000,0,27416000000,92284000000,-345000000,0,119355000000,119355000000,290345000000,0,290345000000,184546000000,64328000000.0,43208000000,https://www.sec.gov/Archives/edgar/data/320193/000119312515356351/0001193125-15-356351-index.htm,https://www.sec.gov/Archives/edgar/data/320193/000119312515356351/d17062d10k.htm
2015-06-27,AAPL,USD,0000320193,2015-07-22,2015-07-22 17:01:17,2015,Q3,15319000000,19384000000,34703000000,10370000000,2042000000,23838000000,70953000000,21149000000,5044000000,3779000000,8823000000,168145000000,0,4081000000,202198000000,0,273151000000,26474000000,6999000000.0,1566000000,9088000000,21158000000,65285000000,47419000000,3474000000,24539000000,6757000000,82189000000,0,0,147474000000,0,26327000000,98252000000,1098000000,0,125677000000,125677000000,273151000000,0,273151000000,187529000000,54418000000.0,39099000000,https://www.sec.gov/Archives/edgar/data/320193/000119312515259935/0001193125-15-259935-index.htm,https://www.sec.gov/Archives/edgar/data/320193/000119312515259935/d927922d10q.htm
2015-03-28,AAPL,USD,0000320193,2015-04-28,2015-04-28 17:01:16,2015,Q2,14489000000,18607000000,33096000000,10905000000,2396000000,21494000000,67891000000,20151000000,4711000000,4061000000,8772000000,160443000000,0,3937000000,193303000000,0,261194000000,23159000000,3799000000.0,2017000000,8944000000,20810000000,58729000000,40072000000,3571000000,23825000000,5991000000,73459000000,0,0,132188000000,0,25376000000,100920000000,2710000000,0,129006000000,129006000000,261194000000,0,261194000000,179050000000,43871000000.0,29382000000,https://www.sec.gov/Archives/edgar/data/320193/000119312515153166/0001193125-15-153166-index.htm,https://www.sec.gov/Archives/edgar/data/320193/000119312515153166/d892246d10q.htm
2014-12-27,AAPL,USD,0000320193,2015-01-28,2015-01-28 16:39:32,2015,Q1,19478000000,12985000000,32463000000,16709000000,2283000000,31948000000,83403000000,20392000000,4629000000,4370000000,8999000000,145492000000,0,3608000000,178491000000,0,261894000000,38001000000,3899000000.0,1642000000,8987000000,21082000000,73611000000,32504000000,3480000000,23371000000,5600000000,64955000000,0,0,138566000000,0,24187000000,97178000000,1963000000,0,123328000000,123328000000,261894000000,0,261894000000,158477000000,36403000000.0,16925000000,https://www.sec.gov/Archives/edgar/data/320193/000119312515023697/0001193125-15-023697-index.htm,https://www.sec.gov/Archives/edgar/data/320193/000119312515023697/d835533d10q.htm
2014-09-27,AAPL,USD,0000320193,2014-10-27,2014-10-27 17:11:55,2014,Q4,13844000000,11233000000,25077000000,17460000000,2111000000,23883000000,68531000000,20624000000,4616000000,4142000000,8758000000,130162000000,0,3764000000,163308000000,0,231839000000,30196000000,6308000000.0,1209000000,8491000000,17244000000,63448000000,28987000000,3031000000,20259000000,4567000000,56844000000,0,0,120292000000,0,23313000000,87152000000,1082000000,0,111547000000,111547000000,231839000000,0,231839000000,141395000000,35295000000.0,21451000000,https://www.sec.gov/Archives/edgar/data/320193/000119312514383437/0001193125-14-383437-index.htm,https://www.sec.gov/Archives/edgar/data/320193/000119312514383437/d783162d10k.htm
2014-06-28,AAPL,USD,0000320193,2014-07-23,2014-07-23 16:32:48,2014,Q3,12977000000,24828000000,37805000000,10788000000,1594000000,17762000000,67949000000,17585000000,2374000000,3767000000,6141000000,126685000000,0,4160000000,154571000000,0,222520000000,20535000000,2010000000.0,1437000000,8396000000,13827000000,46205000000,29030000000,3058000000,20159000000,3128000000,55375000000,0,0,101580000000,0,22139000000,98715000000,86000000,0,120940000000,120940000000,222520000000,0,222520000000,151513000000,31040000000.0,18063000000,https://www.sec.gov/Archives/edgar/data/320193/000119312514277160/0001193125-14-277160-index.htm,https://www.sec.gov/Archives/edgar/data/320193/000119312514277160/d740164d10q.htm
2014-03-29,AAPL,USD,0000320193,2014-04-24,2014-04-24 17:02:12,2014,Q2,18949000000,22401000000,41350000000,9700000000,1829000000,17662000000,70541000000,15120000000,2055000000,3928000000,5983000000,109239000000,0,5106000000,135448000000,0,205989000000,18914000000,0.0,2160000000,8310000000,13824000000,43208000000,16962000000,3164000000,19471000000,3005000000,42602000000,0,0,85810000000,0,21496000000,98934000000,-251000000,0,120179000000,120179000000,205989000000,0,205989000000,131640000000,16962000000.0,-1987000000,https://www.sec.gov/Archives/edgar/data/320193/000119312514157311/0001193125-14-157311-index.htm,https://www.sec.gov/Archives/edgar/data/320193/000119312514157311/d694710d10q.htm
2013-12-28,AAPL,USD,0000320193,2014-01-28,2014-01-28 17:07:27,2014,Q1,14077000000,26634000000,40711000000,14200000000,2122000000,23314000000,80347000000,15488000000,2022000000,4105000000,6127000000,118131000000,0,5091000000,144837000000,0,225184000000,29588000000,0.0,2083000000,8357000000,13741000000,53769000000,16961000000,3071000000,18306000000,3393000000,41731000000,0,0,95500000000,0,20559000000,109431000000,-306000000,0,129684000000,129684000000,225184000000,0,225184000000,144765000000,16961000000.0,2884000000,https://www.sec.gov/Archives/edgar/data/320193/000119312514024487/0001193125-14-024487-index.htm,https://www.sec.gov/Archives/edgar/data/320193/000119312514024487/d644622d10q.htm
2013-09-28,AAPL,USD,0000320193,2013-10-30,2013-10-29 20:38:28,2013,Q4,14259000000,26287000000,40546000000,20641000000,1764000000,10335000000,73286000000,16597000000,1577000000,4179000000,5756000000,106215000000,0,5146000000,133714000000,0,207000000000,22367000000,0.0,1200000000,7435000000,12656000000,43658000000,16960000000,2625000000,16489000000,3719000000,39793000000,0,0,83451000000,0,19764000000,104256000000,-471000000,0,123549000000,123549000000,207000000000,0,207000000000,132502000000,16960000000.0,2701000000,https://www.sec.gov/Archives/edgar/data/320193/000119312513416534/0001193125-13-416534-index.htm,https://www.sec.gov/Archives/edgar/data/320193/000119312513416534/d590790d10k.htm
2013-06-29,AAPL,USD,0000320193,2013-07-24,2013-07-24 17:02:02,2013,Q3,11248000000,31358000000,42606000000,13453000000,1697000000,10463000000,68219000000,16327000000,1522000000,4353000000,5875000000,104014000000,0,5421000000,131637000000,0,199856000000,15516000000,0.0,1290000000,7333000000,12180000000,36319000000,16958000000,2672000000,16070000000,4483000000,40183000000,0,0,76502000000,0,19024000000,104564000000,-234000000,0,123354000000,123354000000,199856000000,0,199856000000,135372000000,16958000000.0,5710000000,https://www.sec.gov/Archives/edgar/data/320193/000119312513300670/0001193125-13-300670-index.htm,https://www.sec.gov/Archives/edgar/data/320193/000119312513300670/d552802d10q.htm
2013-03-30,AAPL,USD,0000320193,2013-04-24,2013-04-23 21:29:23,2013,Q2,12053000000,27084000000,39137000000,13336000000,1245000000,9619000000,63337000000,15026000000,1400000000,4136000000,5536000000,105550000000,0,5294000000,131406000000,0,194743000000,14912000000,0.0,1610000000,7265000000,11721000000,35508000000,0,2877000000,16481000000,4387000000,23745000000,0,0,59253000000,0,17954000000,116572000000,964000000,0,135490000000,135490000000,194743000000,0,194743000000,132634000000,0.0,-12053000000,https://www.sec.gov/Archives/edgar/data/320193/000119312513168288/0001193125-13-168288-index.htm,https://www.sec.gov/Archives/edgar/data/320193/000119312513168288/d501596d10q.htm
2012-12-29,AAPL,USD,0000320193,2013-01-24,2013-01-24 17:01:37,2013,Q1,16154000000,23666000000,39820000000,21534000000,1455000000,9539000000,72348000000,15422000000,1381000000,4462000000,5843000000,97292000000,0,5183000000,123740000000,0,196088000000,26398000000,,1993000000,7274000000,11214000000,46879000000,0,2938000000,15654000000,3271000000,21863000000,0,0,68742000000,0,17167000000,109567000000,612000000,0,127346000000,127346000000,196088000000,0,196088000000,120958000000,,-16154000000,https://www.sec.gov/Archives/edgar/data/320193/000119312513022339/0001193125-13-022339-index.htm,https://www.sec.gov/Archives/edgar/data/320193/000119312513022339/d453687d10q.htm
2012-09-29,AAPL,USD,0000320193,2012-10-31,2012-10-31 17:07:19,2012,Q4,10746000000,18383000000,29129000000,18692000000,791000000,9041000000,57653000000,15452000000,1135000000,4224000000,5359000000,92122000000,0,5478000000,118411000000,0,176064000000,21175000000,0.0,1535000000,5953000000,9879000000,38542000000,0,2648000000,13847000000,2817000000,19312000000,0,0,57854000000,0,16422000000,101289000000,499000000,0,118210000000,118210000000,176064000000,0,176064000000,110505000000,0.0,-10746000000,https://www.sec.gov/Archives/edgar/data/320193/000119312512444068/0001193125-12-444068-index.htm,https://www.sec.gov/Archives/edgar/data/320193/000119312512444068/d411355d10k.htm
2012-06-30,AAPL,USD,0000320193,2012-07-25,2012-07-25 16:39:39,2012,Q3,7945000000,19709000000,27654000000,14298000000,1122000000,8869000000,51943000000,10487000000,1132000000,4329000000,5461000000,89567000000,0,5438000000,110953000000,0,162896000000,16808000000,0.0,1598000000,5822000000,8832000000,33060000000,0,2530000000,13195000000,2365000000,18090000000,0,0,51150000000,0,15573000000,95641000000,532000000,0,111746000000,111746000000,162896000000,0,162896000000,109276000000,0.0,-7945000000,https://www.sec.gov/Archives/edgar/data/320193/000119312512314552/0001193125-12-314552-index.htm,https://www.sec.gov/Archives/edgar/data/320193/000119312512314552/d365704d10q.htm
2012-03-31,AAPL,USD,0000320193,2012-04-25,2012-04-25 17:01:16,2012,Q2,10121000000,18417000000,28538000000,13769000000,1102000000,7303000000,50712000000,8847000000,1141000000,3604000000,4745000000,81638000000,0,4992000000,100222000000,0,150934000000,17011000000,0.0,1299000000,5247000000,8479000000,32036000000,0,2446000000,11704000000,2250000000,16400000000,0,0,48436000000,0,14850000000,87124000000,524000000,0,102498000000,102498000000,150934000000,0,150934000000,100055000000,0.0,-10121000000,https://www.sec.gov/Archives/edgar/data/320193/000119312512182321/0001193125-12-182321-index.htm,https://www.sec.gov/Archives/edgar/data/320193/000119312512182321/d297069d10q.htm
2011-12-31,AAPL,USD,0000320193,2012-01-25,2012-01-25 16:42:11,2012,Q1,10310000000,19846000000,30156000000,16484000000,1236000000,6895000000,54771000000,7816000000,896000000,3472000000,4368000000,67445000000,0,4281000000,83910000000,0,138681000000,18221000000,0.0,2520000000,4886000000,8980000000,34607000000,0,2187000000,9725000000,2108000000,14020000000,0,0,48627000000,0,13961000000,75709000000,384000000,0,90054000000,90054000000,138681000000,0,138681000000,87291000000,0.0,-10310000000,https://www.sec.gov/Archives/edgar/data/320193/000119312512023398/0001193125-12-023398-index.htm,https://www.sec.gov/Archives/edgar/data/320193/000119312512023398/d267587d10q.htm
2011-09-24,AAPL,USD,0000320193,2011-10-26,2011-10-26 16:35:25,2011,Q4,9815000000,16137000000,25952000000,11717000000,776000000,6543000000,44988000000,7777000000,896000000,3536000000,4432000000,55618000000,0,3556000000,71383000000,0,116371000000,14632000000,0.0,1140000000,4091000000,8107000000,27970000000,0,1686000000,8159000000,1941000000,11786000000,0,0,39756000000,0,13331000000,62841000000,443000000,0,76615000000,76615000000,116371000000,0,116371000000,71755000000,0.0,-9815000000,https://www.sec.gov/Archives/edgar/data/320193/000119312511282113/0001193125-11-282113-index.htm,https://www.sec.gov/Archives/edgar/data/320193/000119312511282113/d220209d10k.htm
2011-06-25,AAPL,USD,0000320193,2011-07-20,2011-07-20 16:32:13,2011,Q3,12091000000,16304000000,28395000000,11471000000,889000000,6143000000,46898000000,6749000000,741000000,1169000000,1910000000,47761000000,0,3440000000,59860000000,0,106758000000,15270000000,0.0,1130000000,3992000000,6467000000,26859000000,0,1407000000,7331000000,1818000000,10556000000,0,0,37415000000,0,12715000000,56239000000,389000000,0,69343000000,69343000000,106758000000,0,106758000000,64065000000,0.0,-12091000000,https://www.sec.gov/Archives/edgar/data/320193/000119312511192493/0001193125-11-192493-index.htm,https://www.sec.gov/Archives/edgar/data/320193/000119312511192493/d10q.htm
2011-03-26,AAPL,USD,0000320193,2011-04-21,2011-04-21 06:13:41,2011,Q2,15978000000,13256000000,29234000000,11095000000,930000000,5738000000,46997000000,6241000000,741000000,507000000,1248000000,36533000000,0,3885000000,47907000000,0,94904000000,13714000000,0.0,931000000,3591000000,6091000000,24327000000,0,1230000000,6150000000,1720000000,9100000000,0,0,33427000000,0,12326000000,49025000000,126000000,0,61477000000,61477000000,94904000000,0,94904000000,49789000000,0.0,-15978000000,https://www.sec.gov/Archives/edgar/data/320193/000119312511104388/0001193125-11-104388-index.htm,https://www.sec.gov/Archives/edgar/data/320193/000119312511104388/d10q.htm
2010-12-25,AAPL,USD,0000320193,2011-01-19,2011-01-19 16:33:29,2011,Q1,10734000000,16243000000,26977000000,10874000000,885000000,5191000000,43927000000,5868000000,741000000,522000000,1263000000,32730000000,0,2954000000,42815000000,0,86742000000,14301000000,0.0,152000000,3541000000,5801000000,23795000000,0,1216000000,5418000000,1647000000,8281000000,0,0,32076000000,0,11502000000,43050000000,114000000,0,54666000000,54666000000,86742000000,0,86742000000,48973000000,0.0,-10734000000,https://www.sec.gov/Archives/edgar/data/320193/000119312511010144/0001193125-11-010144-index.htm,https://www.sec.gov/Archives/edgar/data/320193/000119312511010144/d10q.htm
2010-09-25,AAPL,USD,0000320193,2010-10-27,2010-10-27 16:36:21,2010,Q4,11261000000,14359000000,25620000000,9924000000,1051000000,5083000000,41678000000,4768000000,741000000,342000000,1083000000,25391000000,0,2263000000,33505000000,0,75183000000,12015000000,0.0,210000000,2984000000,5513000000,20722000000,0,1139000000,4300000000,1231000000,6670000000,0,0,27392000000,0,10668000000,37169000000,-46000000,0,47791000000,47791000000,75183000000,0,75183000000,39750000000,0.0,-11261000000,https://www.sec.gov/Archives/edgar/data/320193/000119312510238044/0001193125-10-238044-index.htm,https://www.sec.gov/Archives/edgar/data/320193/000119312510238044/d10k.htm
2010-06-26,AAPL,USD,0000320193,2010-07-21,2010-07-21 16:37:45,2010,Q3,9705000000,14583000000,24288000000,6399000000,942000000,4404000000,36033000000,3990000000,714000000,318000000,1032000000,21551000000,0,2119000000,28692000000,0,64725000000,8469000000,0.0,56000000,2691000000,4396000000,15612000000,0,1021000000,3828000000,1153000000,6002000000,0,0,21614000000,0,10133000000,32870000000,108000000,0,43111000000,43111000000,64725000000,0,64725000000,36134000000,0.0,-9705000000,https://www.sec.gov/Archives/edgar/data/320193/000119312510162840/0001193125-10-162840-index.htm,https://www.sec.gov/Archives/edgar/data/320193/000119312510162840/d10q.htm
2010-03-27,AAPL,USD,0000320193,2010-04-21,2010-04-21 16:39:23,2010,Q2,10018000000,13137000000,23155000000,2886000000,638000000,5657000000,32336000000,3504000000,480000000,263000000,743000000,18549000000,129000000,1796000000,24721000000,0,57057000000,5666000000,0.0,255000000,2542000000,3766000000,12229000000,0,941000000,3241000000,1298000000,5480000000,0,0,17709000000,0,9553000000,29670000000,125000000,0,39348000000,39348000000,57057000000,0,57057000000,31686000000,0.0,-10018000000,https://www.sec.gov/Archives/edgar/data/320193/000119312510088957/0001193125-10-088957-index.htm,https://www.sec.gov/Archives/edgar/data/320193/000119312510088957/d10q.htm
2009-12-26,AAPL,USD,0000320193,2010-01-25,2010-01-25 16:23:57,2010,Q1,7609000000,17187000000,24796000000,4881000000,576000000,3079000000,33332000000,3115000000,253000000,241000000,494000000,15024000000,130000000,1831000000,20594000000,0,53926000000,6511000000,0.0,258000000,2590000000,3738000000,13097000000,0,922000000,2769000000,1370000000,5061000000,0,0,18158000000,0,8962000000,26695000000,111000000,0,35768000000,35768000000,53926000000,0,53926000000,32211000000,0.0,-7609000000,https://www.sec.gov/Archives/edgar/data/320193/000119312510012085/0001193125-10-012085-index.htm,https://www.sec.gov/Archives/edgar/data/320193/000119312510012085/d10q.htm
2009-09-26,AAPL,USD,0000320193,2009-10-27,2009-10-27 16:18:29,2009,Q4,5263000000,18201000000,23464000000,5057000000,455000000,2579000000,31555000000,2954000000,206000000,247000000,453000000,10528000000,259000000,1752000000,15946000000,0,47501000000,5601000000,0.0,430000000,2053000000,3422000000,11506000000,0,853000000,966000000,2536000000,4355000000,0,0,15861000000,0,8210000000,23353000000,77000000,0,31640000000,31640000000,47501000000,0,47501000000,28729000000,0.0,-5263000000,https://www.sec.gov/Archives/edgar/data/320193/000119312509214859/0001193125-09-214859-index.htm,https://www.sec.gov/Archives/edgar/data/320193/000119312509214859/d10k.htm
2009-06-27,AAPL,USD,0000320193,2009-07-22,2009-07-22 16:41:33,2009,Q3,5605000000,18617000000,24222000000,4180000000,380000000,6388000000,35170000000,2653000000,207000000,259000000,466000000,6899000000,226000000,2726000000,12970000000,0,48140000000,4854000000,0.0,0,8469000000,3338000000,16661000000,0,3667000000,970000000,954000000,5591000000,0,0,22252000000,0,7957000000,17878000000,53000000,0,25888000000,25888000000,48140000000,0,48140000000,25516000000,0.0,-5605000000,https://www.sec.gov/Archives/edgar/data/320193/000119312509153165/0001193125-09-153165-index.htm,https://www.sec.gov/Archives/edgar/data/320193/000119312509153165/d10q.htm
2009-03-28,AAPL,USD,0000320193,2009-04-23,2009-04-23 16:12:31,2009,Q2,4466000000,20547000000,25013000000,3036000000,312000000,5492000000,33853000000,2546000000,207000000,268000000,475000000,3865000000,180000000,2318000000,9384000000,0,43237000000,3976000000,0.0,100000000,7014000000,2661000000,13751000000,0,3460000000,863000000,852000000,5175000000,0,0,18926000000,0,7643000000,16653000000,15000000,0,24311000000,24311000000,43237000000,0,43237000000,24412000000,0.0,-4466000000,https://www.sec.gov/Archives/edgar/data/320193/000119312509085781/0001193125-09-085781-index.htm,https://www.sec.gov/Archives/edgar/data/320193/000119312509085781/d10q.htm
2008-12-27,AAPL,USD,0000320193,2009-01-23,2009-01-22 21:45:14,2009,Q1,7236000000,18411000000,25647000000,3413000000,396000000,5707000000,35163000000,2580000000,207000000,277000000,484000000,2498000000,125000000,1937000000,7624000000,0,42787000000,4715000000,0.0,100000000,6235000000,3707000000,14757000000,0,3440000000,865000000,816000000,5121000000,0,0,19878000000,0,7392000000,15448000000,69000000,0,22909000000,22909000000,42787000000,0,42787000000,20909000000,0.0,-7236000000,https://www.sec.gov/Archives/edgar/data/320193/000119312509009937/0001193125-09-009937-index.htm,https://www.sec.gov/Archives/edgar/data/320193/000119312509009937/d10q.htm
2008-09-27,AAPL,USD,0000320193,2008-11-05,2008-11-05 06:16:23,2008,Q4,11875000000,10236000000,22111000000,4704000000,509000000,2682000000,30006000000,2455000000,207000000,285000000,492000000,2379000000,104000000,735000000,6165000000,0,36171000000,5520000000,0.0,506000000,1617000000,3718000000,11361000000,0,768000000,999000000,746000000,2513000000,0,0,13874000000,0,7177000000,15129000000,-9000000,0,22297000000,22297000000,36171000000,0,36171000000,12615000000,0.0,-11875000000,https://www.sec.gov/Archives/edgar/data/320193/000119312508224958/0001193125-08-224958-index.htm,https://www.sec.gov/Archives/edgar/data/320193/000119312508224958/d10k.htm
2008-06-28,AAPL,USD,0000320193,2008-07-23,2008-07-23 17:27:26,2008,Q3,9373000000,11401000000,20774000000,3245000000,545000000,3434000000,27998000000,2177000000,38000000,291000000,329000000,312000000,71000000,822000000,3711000000,0,31709000000,3683000000,0.0,107000000,2727000000,2701000000,9218000000,0,1336000000,806000000,727000000,2869000000,0,0,12087000000,0,6831000000,12714000000,77000000,0,19622000000,19622000000,31709000000,0,31709000000,11713000000,0.0,-9373000000,https://www.sec.gov/Archives/edgar/data/320193/000119312508156421/0001193125-08-156421-index.htm,https://www.sec.gov/Archives/edgar/data/320193/000119312508156421/d10q.htm
2008-03-29,AAPL,USD,0000320193,2008-05-01,2008-05-01 06:01:43,2008,Q2,9070000000,10378000000,19448000000,3620000000,364000000,3304000000,26736000000,1962000000,38000000,300000000,338000000,444000000,62000000,929000000,3735000000,0,30471000000,4154000000,0.0,105000000,2416000000,2959000000,9634000000,0,1409000000,675000000,700000000,2784000000,0,0,12418000000,0,6342000000,11642000000,69000000,0,18053000000,18053000000,30471000000,0,30471000000,10822000000,0.0,-9070000000,https://www.sec.gov/Archives/edgar/data/320193/000119312508097759/0001193125-08-097759-index.htm,https://www.sec.gov/Archives/edgar/data/320193/000119312508097759/d10q.htm
2007-12-29,AAPL,USD,0000320193,2008-02-01,2008-02-01 06:06:51,2008,Q1,9162000000,9286000000,18448000000,4422000000,459000000,2860000000,26189000000,1870000000,38000000,311000000,349000000,660000000,190000000,781000000,3850000000,0,30039000000,5366000000,0.0,57000000,2095000000,3017000000,10535000000,0,1193000000,780000000,727000000,2700000000,0,0,13235000000,0,6046000000,10684000000,74000000,0,16804000000,16804000000,30039000000,0,30039000000,9946000000,0.0,-9162000000,https://www.sec.gov/Archives/edgar/data/320193/000119312508017426/0001193125-08-017426-index.htm,https://www.sec.gov/Archives/edgar/data/320193/000119312508017426/d10q.htm
2007-09-29,AAPL,USD,0000320193,2007-11-15,2007-11-15 16:49:37,2007,Q4,9352000000,6034000000,15386000000,4029000000,346000000,2195000000,21956000000,1832000000,38000000,299000000,337000000,922000000,88000000,212000000,3391000000,0,25347000000,4970000000,0.0,488000000,1391000000,2431000000,9280000000,0,849000000,619000000,67000000,1535000000,0,0,10815000000,0,5368000000,9101000000,63000000,0,14532000000,14532000000,25347000000,0,25347000000,6956000000,0.0,-9352000000,https://www.sec.gov/Archives/edgar/data/320193/000104746907009340/0001047469-07-009340-index.htm,https://www.sec.gov/Archives/edgar/data/320193/000104746907009340/a2181030z10-k.htm
2007-06-30,AAPL,USD,0000320193,2007-08-08,2007-08-07 21:51:56,2007,Q3,7118000000,6649000000,13767000000,2901000000,251000000,1826000000,18745000000,1626000000,38000000,237000000,275000000,731000000,29000000,241000000,2902000000,0,21647000000,3660000000,0.0,462000000,1063000000,1807000000,6992000000,0,561000000,673000000,17000000,1251000000,0,0,8243000000,0,5149000000,8199000000,56000000,0,13404000000,13404000000,21647000000,0,21647000000,7380000000,0.0,-7118000000,https://www.sec.gov/Archives/edgar/data/320193/000110465907059873/0001104659-07-059873-index.htm,https://www.sec.gov/Archives/edgar/data/320193/000110465907059873/a07-19295_110q.htm
2007-03-31,AAPL,USD,0000320193,2007-05-10,2007-05-09 21:38:58,2007,Q2,7095000000,5482000000,12577000000,1667000000,208000000,1577000000,16029000000,1409000000,38000000,240000000,278000000,783000000,27000000,185000000,2682000000,0,18711000000,2403000000,0.0,444000000,922000000,1716000000,5485000000,0,414000000,535000000,16000000,965000000,0,0,6450000000,0,4848000000,7381000000,32000000,0,12261000000,12261000000,18711000000,0,18711000000,6265000000,0.0,-7095000000,https://www.sec.gov/Archives/edgar/data/320193/000110465907037745/0001104659-07-037745-index.htm,https://www.sec.gov/Archives/edgar/data/320193/000110465907037745/a07-13266_110q.htm
2006-12-30,AAPL,USD,0000320193,2007-02-02,2007-02-02 06:23:10,2007,Q1,7159000000,4710000000,11869000000,3113000000,303000000,1379000000,16664000000,1362000000,38000000,146000000,184000000,1018000000,48000000,185000000,2797000000,0,19461000000,3885000000,0.0,446000000,924000000,2082000000,7337000000,0,376000000,504000000,16000000,896000000,0,0,8233000000,0,4594000000,6611000000,23000000,0,11228000000,11228000000,19461000000,0,19461000000,5728000000,0.0,-7159000000,https://www.sec.gov/Archives/edgar/data/320193/000110465907006648/0001104659-07-006648-index.htm,https://www.sec.gov/Archives/edgar/data/320193/000110465907006648/a07-2749_110q.htm
2006-09-30,AAPL,USD,0000320193,2006-12-29,2006-12-29 06:05:58,2006,Q4,6392000000,3718000000,10110000000,2845000000,270000000,1284000000,14509000000,1281000000,38000000,139000000,177000000,0,0,1238000000,2696000000,0,17205000000,3390000000,0.0,388000000,718000000,1947000000,6443000000,0,383000000,381000000,14000000,778000000,0,0,7221000000,0,4355000000,5607000000,22000000,0,9984000000,9984000000,17205000000,0,17205000000,3718000000,0.0,-6392000000,https://www.sec.gov/Archives/edgar/data/320193/000110465906084288/0001104659-06-084288-index.htm,https://www.sec.gov/Archives/edgar/data/320193/000110465906084288/a06-25759_210k.htm
2006-07-01,AAPL,USD,0000320193,2006-12-29,2006-12-29 06:01:37,2006,Q3,8013000000,1163000000,9176000000,2094000000,213000000,1008000000,12491000000,1197000000,38000000,37000000,75000000,1108000000,58000000,185000000,2623000000,0,15114000000,2513000000,0.0,0,709000000,1801000000,5023000000,0,324000000,423000000,14000000,761000000,0,0,5784000000,0,4249000000,5065000000,16000000,0,9330000000,9330000000,15114000000,0,15114000000,2271000000,0.0,-8013000000,https://www.sec.gov/Archives/edgar/data/320193/000110465906084286/0001104659-06-084286-index.htm,https://www.sec.gov/Archives/edgar/data/320193/000110465906084286/a06-23473_110q.htm
2006-04-01,AAPL,USD,0000320193,2006-05-05,2006-05-04 20:26:47,2006,Q2,6346000000,1880000000,8226000000,1984000000,204000000,872000000,11286000000,1005000000,69000000,41000000,110000000,1182000000,134000000,194000000,2625000000,0,13911000000,2108000000,0.0,0,634000000,1714000000,4456000000,0,300000000,460000000,13000000,773000000,0,0,5229000000,0,4014000000,4673000000,-5000000,0,8682000000,8682000000,13911000000,0,13911000000,3062000000,0.0,-6346000000,https://www.sec.gov/Archives/edgar/data/320193/000110465906031303/0001104659-06-031303-index.htm,https://www.sec.gov/Archives/edgar/data/320193/000110465906031303/a06-10806_110q.htm
2005-12-31,AAPL,USD,0000320193,2006-02-03,2006-02-03 16:20:30,2006,Q1,4150000000,4557000000,8707000000,2413000000,244000000,798000000,12162000000,855000000,69000000,24000000,93000000,784000000,122000000,165000000,2019000000,0,14181000000,2896000000,0.0,0,630000000,1534000000,5060000000,0,298000000,430000000,13000000,741000000,0,0,5801000000,0,3815000000,4570000000,-5000000,0,8380000000,8380000000,14181000000,0,14181000000,5341000000,0.0,-4150000000,https://www.sec.gov/Archives/edgar/data/320193/000110465906005910/0001104659-06-005910-index.htm,https://www.sec.gov/Archives/edgar/data/320193/000110465906005910/a06-3798_110q.htm
2005-09-24,AAPL,USD,0000320193,2005-12-01,2005-11-30 21:22:48,2005,Q4,3491000000,4770000000,8261000000,1312000000,165000000,562000000,10300000000,817000000,69000000,27000000,96000000,38000000,148000000,117000000,1216000000,0,11516000000,1779000000,0.0,196000000,501000000,1011000000,3487000000,0,281000000,308000000,12000000,601000000,0,0,4088000000,0,3564000000,3925000000,0,-61000000,7428000000,7428000000,11516000000,0,11516000000,4808000000,0.0,-3491000000,https://www.sec.gov/Archives/edgar/data/320193/000110465905058421/0001104659-05-058421-index.htm,https://www.sec.gov/Archives/edgar/data/320193/000110465905058421/a05-20674_110k.htm
2005-06-25,AAPL,USD,0000320193,2005-08-03,2005-08-02 20:15:08,2005,Q3,3094000000,4432000000,7526000000,1101000000,193000000,556000000,9376000000,764000000,80000000,29000000,109000000,44000000,88000000,107000000,1112000000,0,10488000000,1530000000,0.0,0,467000000,1126000000,3123000000,0,251000000,283000000,10000000,544000000,0,0,3667000000,0,3299000000,3575000000,9000000,-62000000,6821000000,6821000000,10488000000,0,10488000000,4476000000,0.0,-3094000000,https://www.sec.gov/Archives/edgar/data/320193/000110465905035792/0001104659-05-035792-index.htm,https://www.sec.gov/Archives/edgar/data/320193/000110465905035792/a05-12535_110q.htm
2005-03-26,AAPL,USD,0000320193,2005-05-04,2005-05-04 17:14:56,2005,Q2,2254000000,4803000000,7057000000,1242000000,164000000,544000000,9007000000,742000000,80000000,33000000,113000000,48000000,88000000,113000000,1104000000,0,10111000000,1773000000,0.0,0,427000000,1152000000,3352000000,0,231000000,132000000,10000000,373000000,0,0,3725000000,0,3195000000,3255000000,6000000,-70000000,6386000000,6386000000,10111000000,0,10111000000,4851000000,0.0,-2254000000,https://www.sec.gov/Archives/edgar/data/320193/000110465905020421/0001104659-05-020421-index.htm,https://www.sec.gov/Archives/edgar/data/320193/000110465905020421/a05-7551_110q.htm
2004-12-25,AAPL,USD,0000320193,2005-02-01,2005-02-01 17:25:52,2005,Q1,2475000000,3973000000,6448000000,1197000000,156000000,521000000,8322000000,735000000,80000000,16000000,96000000,36000000,81000000,92000000,1040000000,0,9362000000,1737000000,0.0,0,398000000,1089000000,3224000000,0,217000000,122000000,9000000,348000000,0,0,3572000000,0,2911000000,2965000000,-3000000,-83000000,5790000000,5790000000,9362000000,0,9362000000,4009000000,0.0,-2475000000,https://www.sec.gov/Archives/edgar/data/320193/000110465905003520/0001104659-05-003520-index.htm,https://www.sec.gov/Archives/edgar/data/320193/000110465905003520/a05-2329_110q.htm
2004-09-25,AAPL,USD,0000320193,2004-12-03,2004-12-02 18:05:49,2004,Q4,2969000000,2495000000,5464000000,1050000000,101000000,440000000,7055000000,707000000,80000000,17000000,97000000,25000000,86000000,80000000,995000000,0,8050000000,1451000000,0.0,0,342000000,858000000,2651000000,0,202000000,113000000,8000000,323000000,0,0,2974000000,0,2514000000,2670000000,-15000000,-93000000,5076000000,5076000000,8050000000,0,8050000000,2520000000,0.0,-2969000000,https://www.sec.gov/Archives/edgar/data/320193/000104746904035975/0001047469-04-035975-index.htm,https://www.sec.gov/Archives/edgar/data/320193/000104746904035975/a2147337z10-k.htm
2004-06-26,AAPL,USD,0000320193,2004-08-05,2004-08-04 20:48:51,2004,Q3,3120000000,1846000000,4966000000,852000000,72000000,396000000,6286000000,684000000,80000000,19000000,99000000,23000000,51000000,80000000,937000000,0,7223000000,1061000000,0.0,0,470000000,624000000,2155000000,0,0,256000000,0,256000000,0,0,2411000000,0,2369000000,2564000000,-18000000,-103000000,4812000000,4812000000,7223000000,0,7223000000,1869000000,0.0,-3120000000,https://www.sec.gov/Archives/edgar/data/320193/000110465904022384/0001104659-04-022384-index.htm,https://www.sec.gov/Archives/edgar/data/320193/000110465904022384/a04-8198_110q.htm
2004-03-27,AAPL,USD,0000320193,2004-05-06,2004-05-06 17:26:09,2004,Q2,3158000000,1436000000,4594000000,758000000,63000000,369000000,5784000000,687000000,85000000,21000000,106000000,26000000,55000000,77000000,951000000,0,6735000000,991000000,0.0,0,432000000,557000000,1980000000,0,0,265000000,0,265000000,0,0,2245000000,0,2107000000,2503000000,-10000000,-110000000,4490000000,4490000000,6735000000,0,6735000000,1462000000,0.0,-3158000000,https://www.sec.gov/Archives/edgar/data/320193/000110465904013021/0001104659-04-013021-index.htm,https://www.sec.gov/Archives/edgar/data/320193/000110465904013021/a04-5089_110q.htm
2003-12-27,AAPL,USD,0000320193,2004-02-10,2004-02-09 19:57:13,2004,Q1,3724000000,1067000000,4791000000,787000000,89000000,362000000,6029000000,684000000,85000000,22000000,107000000,26000000,57000000,68000000,942000000,0,6971000000,1085000000,302000000.0,0,406000000,589000000,2382000000,0,0,259000000,0,259000000,0,0,2641000000,0,1960000000,2457000000,-31000000,-56000000,4330000000,4330000000,6971000000,0,6971000000,1093000000,302000000.0,-3422000000,https://www.sec.gov/Archives/edgar/data/320193/000110465904003080/0001104659-04-003080-index.htm,https://www.sec.gov/Archives/edgar/data/320193/000110465904003080/a04-1622_110q.htm
2003-09-27,AAPL,USD,0000320193,2003-12-19,2003-12-19 17:25:45,2003,Q4,3396000000,1170000000,4566000000,950000000,56000000,315000000,5887000000,669000000,85000000,24000000,109000000,5000000,60000000,85000000,928000000,0,6815000000,1154000000,304000000.0,0,368000000,531000000,2357000000,0,0,235000000,0,235000000,0,0,2592000000,0,1926000000,2394000000,-35000000,-62000000,4223000000,4223000000,6815000000,0,6815000000,1175000000,304000000.0,-3092000000,https://www.sec.gov/Archives/edgar/data/320193/000104746903041604/0001047469-03-041604-index.htm,https://www.sec.gov/Archives/edgar/data/320193/000104746903041604/a2124888z10-k.htm
2003-06-28,AAPL,USD,0000320193,2003-08-12,2003-08-12 16:09:14,2003,Q3,3507000000,1038000000,4545000000,674000000,38000000,289000000,5546000000,639000000,85000000,27000000,112000000,14000000,59000000,71000000,895000000,0,6441000000,880000000,307000000.0,0,331000000,507000000,2025000000,0,0,218000000,0,218000000,0,0,2243000000,0,1935000000,2350000000,-19000000,-68000000,4198000000,4198000000,6441000000,0,6441000000,1052000000,307000000.0,-3200000000,https://www.sec.gov/Archives/edgar/data/320193/000110465903017766/0001104659-03-017766-index.htm,https://www.sec.gov/Archives/edgar/data/320193/000110465903017766/a03-2128_110q.htm
2003-03-29,AAPL,USD,0000320193,2003-05-13,2003-05-13 16:46:50,2003,Q2,3410000000,1116000000,4526000000,621000000,41000000,280000000,5468000000,619000000,85000000,29000000,114000000,28000000,62000000,70000000,893000000,0,6361000000,921000000,310000000.0,0,294000000,482000000,2007000000,0,0,215000000,0,215000000,0,0,2222000000,0,1919000000,2331000000,-36000000,-75000000,4139000000,4139000000,6361000000,0,6361000000,1144000000,310000000.0,-3100000000,https://www.sec.gov/Archives/edgar/data/320193/000110465903009489/0001104659-03-009489-index.htm,https://www.sec.gov/Archives/edgar/data/320193/000110465903009489/j0567_10q.htm
2002-12-28,AAPL,USD,0000320193,2003-02-10,2003-02-10 16:43:14,2003,Q1,2612000000,1850000000,4462000000,497000000,44000000,381000000,5384000000,605000000,85000000,31000000,116000000,28000000,0,136000000,885000000,0,6269000000,817000000,0.0,0,278000000,500000000,1595000000,320000000,0,238000000,0,558000000,0,0,2153000000,0,1840000000,2317000000,-40000000,-1000000,4116000000,4116000000,6269000000,0,6269000000,1878000000,320000000.0,-2292000000,https://www.sec.gov/Archives/edgar/data/320193/000104746903004566/0001047469-03-004566-index.htm,https://www.sec.gov/Archives/edgar/data/320193/000104746903004566/a2102387z10-q.htm
2002-09-28,AAPL,USD,0000320193,2002-12-19,2002-12-19 17:20:21,2002,Q4,2252000000,2085000000,4337000000,707000000,45000000,299000000,5388000000,621000000,85000000,34000000,119000000,39000000,70000000,61000000,910000000,0,6298000000,911000000,0.0,0,240000000,507000000,1658000000,316000000,0,229000000,0,545000000,0,0,2203000000,0,1826000000,2325000000,-49000000,-7000000,4095000000,4095000000,6298000000,0,6298000000,2124000000,316000000.0,-1936000000,https://www.sec.gov/Archives/edgar/data/320193/000104746902007674/0001047469-02-007674-index.htm,https://www.sec.gov/Archives/edgar/data/320193/000104746902007674/a2096490z10-k.htm
2002-06-29,AAPL,USD,0000320193,2002-08-09,2002-08-09 16:52:48,2002,Q3,1246000000,3060000000,4306000000,626000000,34000000,477000000,5443000000,589000000,66000000,33000000,99000000,48000000,0,114000000,850000000,0,6293000000,904000000,0.0,0,222000000,592000000,1718000000,316000000,0,193000000,0,509000000,0,0,2227000000,0,1808000000,2370000000,-104000000,-8000000,4066000000,4066000000,6293000000,0,6293000000,3108000000,316000000.0,-930000000,https://www.sec.gov/Archives/edgar/data/320193/000091205702030796/0000912057-02-030796-index.htm,https://www.sec.gov/Archives/edgar/data/320193/000091205702030796/a2086025z10-q.htm
2002-03-30,AAPL,USD,0000320193,2002-05-14,2002-05-14 17:08:24,2002,Q2,1159000000,3150000000,4309000000,644000000,26000000,435000000,5414000000,587000000,0,81000000,81000000,79000000,0,103000000,850000000,0,6264000000,987000000,0.0,0,192000000,530000000,1709000000,311000000,0,230000000,0,541000000,0,0,2250000000,0,1747000000,2338000000,-62000000,-9000000,4014000000,4014000000,6264000000,0,6264000000,3229000000,311000000.0,-848000000,https://www.sec.gov/Archives/edgar/data/320193/000091205702020280/0000912057-02-020280-index.htm,https://www.sec.gov/Archives/edgar/data/320193/000091205702020280/a2079853z10-q.htm
2001-12-29,AAPL,USD,0000320193,2002-02-11,2002-02-11 00:00:00,2002,Q1,1946000000,2421000000,4367000000,498000000,23000000,384000000,5272000000,573000000,66000000,9000000,75000000,101000000,0,101000000,850000000,0,6122000000,830000000,0.0,0,173000000,576000000,1579000000,315000000,0,262000000,0,577000000,0,0,2156000000,0,1706000000,2298000000,-28000000,-10000000,3966000000,3966000000,6122000000,0,6122000000,2522000000,315000000.0,-1631000000,https://www.sec.gov/Archives/edgar/data/320193/000091205702004945/0000912057-02-004945-index.htm,https://www.sec.gov/Archives/edgar/data/320193/000091205702004945/a2069685z10-q.htm
2001-09-29,AAPL,USD,0000320193,2001-12-21,2001-12-21 00:00:00,2001,Q4,2310000000,2026000000,4336000000,466000000,11000000,330000000,5143000000,564000000,66000000,10000000,76000000,128000000,0,110000000,878000000,0,6021000000,801000000,0.0,0,184000000,533000000,1518000000,317000000,0,266000000,0,583000000,0,0,2101000000,0,1693000000,2260000000,-22000000,-11000000,3920000000,3920000000,6021000000,0,6021000000,2154000000,317000000.0,-1993000000,https://www.sec.gov/Archives/edgar/data/320193/000091205701544436/0000912057-01-544436-index.htm,https://www.sec.gov/Archives/edgar/data/320193/000091205701544436/a2066171z10-k405.htm
2001-06-30,AAPL,USD,0000320193,2001-08-13,2001-08-13 00:00:00,2001,Q3,2121000000,2097000000,4218000000,598000000,19000000,413000000,5248000000,347000000,0,146000000,146000000,146000000,0,184000000,823000000,0,6071000000,847000000,0.0,0,0,767000000,1614000000,317000000,0,282000000,0,599000000,0,0,2213000000,0,1673000000,2194000000,3000000,-12000000,3858000000,3858000000,6071000000,0,6071000000,2243000000,317000000.0,-1804000000,https://www.sec.gov/Archives/edgar/data/320193/000091205701528148/0000912057-01-528148-index.htm,https://www.sec.gov/Archives/edgar/data/320193/000091205701528148/a2056203z10-q.htm
2001-03-31,AAPL,USD,0000320193,2001-05-14,2001-05-14 00:00:00,2001,Q2,2138000000,2006000000,4144000000,637000000,10000000,554000000,5345000000,331000000,0,135000000,135000000,151000000,0,168000000,785000000,0,6130000000,961000000,0.0,0,0,834000000,1795000000,317000000,0,280000000,0,597000000,0,0,2392000000,0,1599000000,2133000000,6000000,0,3738000000,3738000000,6130000000,0,6130000000,2157000000,317000000.0,-1821000000,https://www.sec.gov/Archives/edgar/data/320193/000091205701515409/0000912057-01-515409-index.htm,https://www.sec.gov/Archives/edgar/data/320193/000091205701515409/a2048698z10-q.htm
2000-12-30,AAPL,USD,0000320193,2001-02-12,2001-02-12 00:00:00,2001,Q1,1737000000,2328000000,4065000000,441000000,21000000,399000000,4926000000,325000000,0,0,0,447000000,0,288000000,1060000000,0,5986000000,637000000,0.0,0,0,1000000000,1637000000,311000000,0,326000000,0,637000000,0,0,2274000000,3000000,1578000000,2090000000,41000000,0,3712000000,3712000000,5986000000,0,5986000000,2775000000,311000000.0,-1426000000,https://www.sec.gov/Archives/edgar/data/320193/000091205701004642/0000912057-01-004642-index.htm,https://www.sec.gov/Archives/edgar/data/320193/000091205701004642/a2038036z10-q.txt
2000-09-30,AAPL,USD,0000320193,2000-12-14,2000-12-14 00:00:00,2000,Q4,1191000000,2836000000,4027000000,953000000,33000000,414000000,5427000000,419000000,0,0,0,786000000,0,171000000,1376000000,0,6803000000,1157000000,0.0,0,105000000,671000000,1933000000,300000000,0,463000000,0,763000000,0,0,2696000000,76000000,1502000000,2285000000,244000000,0,4107000000,4107000000,6803000000,0,6803000000,3622000000,300000000.0,-891000000,https://www.sec.gov/Archives/edgar/data/320193/000091205700053623/0000912057-00-053623-index.htm,https://www.sec.gov/Archives/edgar/data/320193/000091205700053623/a2032880z10-k.txt
2000-07-01,AAPL,USD,0000320193,2000-07-31,2000-07-31 00:00:00,2000,Q3,1344000000,2482000000,3826000000,967000000,5000000,359000000,5157000000,314000000,0,0,0,1236000000,0,225000000,1775000000,0,6932000000,1040000000,0.0,0,0,833000000,1873000000,300000000,0,583000000,0,883000000,0,0,2756000000,150000000,1376000000,2115000000,535000000,0,4176000000,4176000000,6932000000,0,6932000000,3718000000,300000000.0,-1044000000,https://www.sec.gov/Archives/edgar/data/320193/000091205700033901/0000912057-00-033901-index.htm,https://www.sec.gov/Archives/edgar/data/320193/000091205700033901/a10-q.txt
2000-04-01,AAPL,USD,0000320193,2000-05-11,2000-05-11 00:00:00,2000,Q2,1662000000,1947000000,3609000000,940000000,10000000,353000000,4912000000,314000000,0,0,0,1544000000,0,237000000,2095000000,0,7007000000,1111000000,0.0,0,0,742000000,1853000000,300000000,0,639000000,0,939000000,0,0,2792000000,150000000,1419000000,1915000000,731000000,0,4215000000,4215000000,7007000000,0,7007000000,3491000000,300000000.0,-1362000000,https://www.sec.gov/Archives/edgar/data/320193/000091205700023442/0000912057-00-023442-index.htm,https://www.sec.gov/Archives/edgar/data/320193/000091205700023442/0000912057-00-023442.txt
2000-01-01,AAPL,USD,0000320193,2000-02-01,2000-02-01 00:00:00,2000,Q1,1586000000,2074000000,3660000000,892000000,15000000,342000000,4909000000,318000000,0,0,0,2140000000,0,219000000,2677000000,0,7586000000,1174000000,0.0,0,0,791000000,1965000000,300000000,0,907000000,0,1207000000,0,0,3172000000,150000000,1345000000,1682000000,1237000000,0,4414000000,4414000000,7586000000,0,7586000000,4214000000,300000000.0,-1286000000,https://www.sec.gov/Archives/edgar/data/320193/000091205700003201/0000912057-00-003201-index.htm,https://www.sec.gov/Archives/edgar/data/320193/000091205700003201/0000912057-00-003201.txt
1999-09-25,AAPL,USD,0000320193,1999-12-22,1999-12-22 00:00:00,1999,Q4,1326000000,1900000000,3226000000,681000000,20000000,358000000,4285000000,318000000,0,0,0,339000000,0,219000000,876000000,0,5161000000,812000000,0.0,0,0,737000000,1549000000,300000000,0,208000000,0,508000000,0,0,2057000000,150000000,1349000000,1499000000,106000000,0,3104000000,3104000000,5161000000,0,5161000000,2239000000,300000000.0,-1026000000,https://www.sec.gov/Archives/edgar/data/320193/000091205799010244/0000912057-99-010244-index.htm,https://www.sec.gov/Archives/edgar/data/320193/000091205799010244/0000912057-99-010244.txt
1999-06-26,AAPL,USD,0000320193,1999-08-06,1999-08-06 00:00:00,1999,Q3,1773000000,1333000000,3106000000,896000000,7000000,289000000,4298000000,313000000,0,0,0,0,0,408000000,721000000,0,5019000000,792000000,0.0,0,0,747000000,1539000000,300000000,0,210000000,0,510000000,0,0,2049000000,150000000,1340000000,1388000000,92000000,0,2970000000,2970000000,5019000000,0,5019000000,1333000000,300000000.0,-1473000000,https://www.sec.gov/Archives/edgar/data/320193/000032019399000009/0000320193-99-000009-index.htm,https://www.sec.gov/Archives/edgar/data/320193/000032019399000009/0000320193-99-000009.txt
1999-03-27,AAPL,USD,0000320193,1999-05-11,1999-05-11 00:00:00,1999,Q2,1358000000,1564000000,2922000000,804000000,18000000,348000000,4092000000,330000000,0,0,0,0,0,513000000,843000000,0,4935000000,791000000,0.0,0,0,753000000,1544000000,955000000,0,261000000,0,1216000000,0,0,2760000000,150000000,672000000,1185000000,168000000,0,2175000000,2175000000,4935000000,0,4935000000,1564000000,955000000.0,-403000000,https://www.sec.gov/Archives/edgar/data/320193/000032019399000004/0000320193-99-000004-index.htm,https://www.sec.gov/Archives/edgar/data/320193/0000320193-99-000004.txt
1998-12-26,AAPL,USD,0000320193,1999-02-08,1999-02-08 00:00:00,1999,Q1,1221000000,1357000000,2578000000,913000000,25000000,351000000,3867000000,344000000,0,0,0,0,0,381000000,725000000,0,4592000000,655000000,0.0,0,0,829000000,1484000000,954000000,0,231000000,0,1185000000,0,0,2669000000,150000000,637000000,1050000000,86000000,0,1923000000,1923000000,4592000000,0,4592000000,1357000000,954000000.0,-267000000,https://www.sec.gov/Archives/edgar/data/320193/000032019399000002/0000320193-99-000002-index.htm,https://www.sec.gov/Archives/edgar/data/320193/0000320193-99-000002.txt
1998-09-25,AAPL,USD,0000320193,1998-12-23,1998-12-23 00:00:00,1998,Q4,1481000000,819000000,2300000000,955000000,78000000,365000000,3698000000,348000000,0,0,0,0,0,243000000,591000000,0,4289000000,719000000,0.0,0,0,801000000,1520000000,954000000,0,173000000,0,1127000000,0,0,2647000000,150000000,633000000,898000000,-39000000,0,1642000000,1642000000,4289000000,0,4289000000,819000000,954000000.0,-527000000,https://www.sec.gov/Archives/edgar/data/320193/000104746998044981/0001047469-98-044981-index.htm,https://www.sec.gov/Archives/edgar/data/320193/0001047469-98-044981.txt
1998-06-26,AAPL,USD,0000320193,1998-08-10,1998-08-10 00:00:00,1998,Q3,1203000000,790000000,1993000000,915000000,129000000,338000000,3375000000,365000000,0,0,0,0,0,301000000,666000000,0,4041000000,573000000,0.0,0,0,816000000,1389000000,953000000,0,213000000,0,1166000000,0,0,2555000000,150000000,592000000,792000000,-48000000,0,1486000000,1486000000,4041000000,0,4041000000,790000000,953000000.0,-250000000,https://www.sec.gov/Archives/edgar/data/320193/000032019398000008/0000320193-98-000008-index.htm,https://www.sec.gov/Archives/edgar/data/320193/0000320193-98-000008.txt
1998-03-27,AAPL,USD,0000320193,1998-05-11,1998-05-11 00:00:00,1998,Q2,1285000000,538000000,1823000000,807000000,257000000,326000000,3213000000,415000000,0,0,0,0,0,335000000,750000000,0,3963000000,523000000,23000000.0,0,0,838000000,1384000000,953000000,0,238000000,0,1191000000,0,0,2575000000,150000000,590000000,691000000,-43000000,0,1388000000,1388000000,3963000000,0,3963000000,538000000,976000000.0,-309000000,https://www.sec.gov/Archives/edgar/data/320193/000032019398000006/0000320193-98-000006-index.htm,https://www.sec.gov/Archives/edgar/data/320193/0000320193-98-000006.txt
1997-12-26,AAPL,USD,0000320193,1998-02-09,1998-02-09 00:00:00,1998,Q1,1193000000,434000000,1627000000,902000000,404000000,440000000,3373000000,429000000,0,0,0,0,0,324000000,753000000,0,4126000000,655000000,24000000.0,0,0,990000000,1669000000,952000000,0,261000000,0,1213000000,0,0,2882000000,150000000,499000000,636000000,-41000000,0,1244000000,1244000000,4126000000,0,4126000000,434000000,976000000.0,-217000000,https://www.sec.gov/Archives/edgar/data/320193/000032019398000003/0000320193-98-000003-index.htm,https://www.sec.gov/Archives/edgar/data/320193/0000320193-98-000003.txt
1997-09-26,AAPL,USD,0000320193,1997-12-05,1997-12-05 00:00:00,1997,Q4,1230000000,229000000,1459000000,1035000000,437000000,493000000,3424000000,486000000,0,0,0,0,0,323000000,809000000,0,4233000000,685000000,25000000.0,0,0,1108000000,1818000000,951000000,0,264000000,0,1215000000,0,0,3033000000,150000000,498000000,589000000,-37000000,0,1200000000,1200000000,4233000000,0,4233000000,229000000,976000000.0,-254000000,https://www.sec.gov/Archives/edgar/data/320193/000104746997006960/0001047469-97-006960-index.htm,https://www.sec.gov/Archives/edgar/data/320193/0001047469-97-006960.txt
1997-06-27,AAPL,USD,0000320193,1997-08-11,1997-08-11 00:00:00,1997,Q3,1018000000,212000000,1230000000,1207000000,534000000,522000000,3493000000,540000000,0,0,0,0,0,308000000,848000000,0,4341000000,812000000,127000000.0,0,0,971000000,1910000000,951000000,0,284000000,0,1235000000,0,0,3145000000,0,476000000,750000000,-30000000,0,1196000000,1196000000,4341000000,0,4341000000,212000000,1078000000.0,60000000,https://www.sec.gov/Archives/edgar/data/320193/000032019397000014/0000320193-97-000014-index.htm,https://www.sec.gov/Archives/edgar/data/320193/0000320193-97-000014.txt
1997-03-28,AAPL,USD,0000320193,1997-05-12,1997-05-12 00:00:00,1997,Q2,1273000000,186000000,1459000000,1149000000,509000000,525000000,3642000000,556000000,0,0,0,0,0,289000000,845000000,0,4487000000,840000000,133000000.0,0,0,1038000000,2011000000,952000000,0,282000000,0,1234000000,0,0,3245000000,0,472000000,806000000,-36000000,0,1242000000,1242000000,4487000000,0,4487000000,186000000,1085000000.0,-188000000,https://www.sec.gov/Archives/edgar/data/320193/000032019397000011/0000320193-97-000011-index.htm,https://www.sec.gov/Archives/edgar/data/320193/0000320193-97-000011.txt
1996-12-27,AAPL,USD,0000320193,1997-02-10,1997-02-10 00:00:00,1997,Q1,1174000000,633000000,1807000000,1492000000,488000000,632000000,4419000000,593000000,0,0,0,0,0,260000000,853000000,0,5272000000,820000000,180000000.0,0,0,1044000000,2044000000,950000000,0,336000000,0,1286000000,0,0,3330000000,0,442000000,1514000000,-14000000,0,1942000000,1942000000,5272000000,0,5272000000,633000000,1130000000.0,-44000000,https://www.sec.gov/Archives/edgar/data/320193/000032019397000002/0000320193-97-000002-index.htm,https://www.sec.gov/Archives/edgar/data/320193/0000320193-97-000002.txt
1996-09-27,AAPL,USD,0000320193,1996-12-19,1996-12-19 00:00:00,1996,Q4,1552000000,193000000,1745000000,1496000000,662000000,612000000,4515000000,598000000,0,0,0,0,0,251000000,849000000,0,5364000000,791000000,186000000.0,0,0,1026000000,2003000000,949000000,0,354000000,0,1303000000,0,0,3306000000,0,439000000,1634000000,-15000000,0,2058000000,2058000000,5364000000,0,5364000000,193000000,1135000000.0,-417000000,https://www.sec.gov/Archives/edgar/data/320193/000032019396000023/0000320193-96-000023-index.htm,https://www.sec.gov/Archives/edgar/data/320193/0000320193-96-000023.txt
1996-06-28,AAPL,USD,0000320193,1996-08-12,1996-08-12 00:00:00,1996,Q3,1359000000,0,1359000000,1292000000,1061000000,742000000,4454000000,615000000,0,0,0,0,0,276000000,891000000,0,5345000000,762000000,187000000.0,0,0,977000000,1926000000,949000000,0,450000000,0,1399000000,0,0,3325000000,0,423000000,1609000000,-12000000,0,2020000000,2020000000,5345000000,0,5345000000,0,1136000000.0,-223000000,https://www.sec.gov/Archives/edgar/data/320193/000032019396000018/0000320193-96-000018-index.htm,https://www.sec.gov/Archives/edgar/data/320193/0000320193-96-000018.txt
1996-03-29,AAPL,USD,0000320193,1996-05-13,1996-05-13 00:00:00,1996,Q2,500000000,92000000,592000000,1366000000,1466000000,853000000,4277000000,692000000,0,0,0,0,0,265000000,957000000,0,5234000000,817000000,352000000.0,0,0,1104000000,2273000000,303000000,0,602000000,0,905000000,0,0,3178000000,0,420000000,1641000000,-5000000,0,2056000000,2056000000,5234000000,0,5234000000,92000000,655000000.0,155000000,https://www.sec.gov/Archives/edgar/data/320193/000032019396000011/0000320193-96-000011-index.htm,https://www.sec.gov/Archives/edgar/data/320193/0000320193-96-000011.txt
1995-12-29,AAPL,USD,0000320193,1996-02-12,1996-02-12 00:00:00,1996,Q1,824000000,276000000,1100000000,1944000000,1947000000,560000000,5551000000,712000000,0,0,0,0,0,290000000,1002000000,0,6553000000,1431000000,498000000.0,0,0,776000000,2705000000,304000000,0,750000000,0,1054000000,0,0,3759000000,0,404000000,2380000000,10000000,0,2794000000,2794000000,6553000000,0,6553000000,276000000,498000000.0,-326000000,https://www.sec.gov/Archives/edgar/data/320193/000032019396000002/0000320193-96-000002-index.htm,https://www.sec.gov/Archives/edgar/data/320193/0000320193-96-000002.txt
1995-09-29,AAPL,USD,0000320193,1995-12-19,1995-12-19 00:00:00,1995,Q4,756000000,196000000,952000000,1931000000,1775000000,566000000,5224000000,711000000,0,0,0,0,0,296000000,1007000000,0,6231000000,1165000000,461000000.0,0,0,699000000,2325000000,303000000,0,702000000,0,1005000000,0,0,3330000000,0,398000000,2464000000,39000000,0,2901000000,2901000000,6231000000,0,6231000000,196000000,764000000.0,8000000,https://www.sec.gov/Archives/edgar/data/320193/000032019395000016/0000320193-95-000016-index.htm,https://www.sec.gov/Archives/edgar/data/320193/0000320193-95-000016.txt
1995-06-30,AAPL,USD,0000320193,1995-08-11,1995-08-11 00:00:00,1995,Q3,1168000000,508000000,1676000000,1553000000,1367000000,595000000,5191000000,691000000,0,0,0,0,0,230000000,921000000,0,6112000000,1048000000,406000000.0,0,0,724000000,2178000000,303000000,0,803000000,0,1106000000,0,0,3284000000,0,356000000,2419000000,53000000,0,2828000000,2828000000,6112000000,0,6112000000,508000000,709000000.0,-459000000,https://www.sec.gov/Archives/edgar/data/320193/000032019395000011/0000320193-95-000011-index.htm,https://www.sec.gov/Archives/edgar/data/320193/0000320193-95-000011.txt
1995-03-31,AAPL,USD,0000320193,1995-05-15,1995-05-15 00:00:00,1995,Q2,1375000000,611000000,1986000000,1633000000,984000000,558000000,5161000000,663000000,0,0,0,0,0,226000000,889000000,0,6050000000,854000000,627000000.0,0,0,762000000,2243000000,304000000,0,789000000,0,1093000000,0,0,3336000000,0,339000000,2331000000,44000000,0,2714000000,2714000000,6050000000,0,6050000000,611000000,931000000.0,-444000000,https://www.sec.gov/Archives/edgar/data/320193/000032019395000008/0000320193-95-000008-index.htm,https://www.sec.gov/Archives/edgar/data/320193/0000320193-95-000008.txt
1994-12-30,AAPL,USD,0000320193,1995-02-09,1995-02-09 00:00:00,1995,Q1,1148000000,439000000,1587000000,1599000000,1084000000,448000000,4718000000,661000000,0,0,0,0,0,154000000,815000000,0,5533000000,956000000,209000000.0,0,0,770000000,1935000000,304000000,0,732000000,0,1036000000,0,0,2971000000,0,309000000,2270000000,-17000000,0,2562000000,2562000000,5533000000,0,5533000000,439000000,513000000.0,-635000000,https://www.sec.gov/Archives/edgar/data/320193/000032019395000003/0000320193-95-000003-index.htm,https://www.sec.gov/Archives/edgar/data/320193/0000320193-95-000003.txt
1994-09-30,AAPL,USD,0000320193,1994-12-13,1994-12-13 00:00:00,1994,Q4,1203000000,55000000,1258000000,1581000000,1088000000,549000000,4476000000,667000000,0,0,0,0,0,160000000,827000000,0,5303000000,882000000,292000000.0,0,0,770000000,1944000000,305000000,0,671000000,0,976000000,0,0,2920000000,0,298000000,2096000000,-10800000,-200000,2383000000,2383000000,5303000000,0,5303000000,55000000,597000000.0,-606000000,https://www.sec.gov/Archives/edgar/data/320193/000032019394000016/0000320193-94-000016-index.htm,https://www.sec.gov/Archives/edgar/data/320193/0000320193-94-000016.txt
1994-07-01,AAPL,USD,0000320193,1994-08-12,1994-08-12 00:00:00,1994,Q3,1141695000,86599000,1228294000,1277083000,1197060000,557552000,4259989000,664982000,0,0,0,0,0,198441000,863423000,0,5123412000,696032000,515608000.0,0,0,705847000,1917487000,304815000,0,655995000,0,960810000,0,0,2878297000,0,264753000,1995836000,-15474000,0,2245115000,2245115000,5123412000,0,5123412000,86599000,820423000.0,-321272000,https://www.sec.gov/Archives/edgar/data/320193/000032019394000013/0000320193-94-000013-index.htm,https://www.sec.gov/Archives/edgar/data/320193/0000320193-94-000013.txt
1994-03-31,AAPL,USD,0000320193,1994-03-31,1994-03-31 00:00:00,1994,Q2,1086600000,0,1086600000,1343200000,1286600000,705400000,4421800000,676700000,0,0,0,0,0,187400000,864100000,0,5285900000,762100000,490700000.0,0,0,919300000,2172100000,304900000,0,699800000,0,1004700000,0,0,3176800000,0,0,1871900000,0,237200000,2109100000,2109100000,5285900000,0,5285900000,0,795600000.0,-291000000,,
1993-12-31,AAPL,USD,0000320193,1994-01-26,1994-01-26 00:00:00,1994,Q1,972388000,150387000,1122775000,1247954000,1338637000,498641000,4208007000,642336000,0,0,0,0,0,192097000,834433000,0,5042440000,739599000,752257000.0,2886000,0,833419000,2328161000,0,0,661020000,0,661020000,0,0,2989181000,0,211108000,1868660000,-26509000,0,2053259000,2053259000,5042440000,0,5042440000,150387000,752257000.0,-220131000,https://www.sec.gov/Archives/edgar/data/320193/000032019394000002/0000320193-94-000002-index.htm,https://www.sec.gov/Archives/edgar/data/320193/0000320193-94-000002.txt
1993-09-30,AAPL,USD,0000320193,1993-09-30,1993-09-30 00:00:00,1993,Q4,676413000,215890000,892303000,1381946000,1506638000,557468000,4338355000,659546000,0,0,0,0,0,173511000,833057000,0,5171412000,742622000,823182000.0,0,0,942281000,2508085000,7117000,0,629832000,0,636949000,0,0,3145034000,0,203613000,1842600000,-19835000,0,2026378000,2026378000,5171412000,0,5171412000,215890000,830299000.0,153886000,,
1993-06-30,AAPL,USD,0000320193,1993-06-30,1993-06-30 00:00:00,1993,Q3,393200000,0,393200000,1265400000,1238700000,1023100000,3920400000,659500000,0,0,0,0,0,188100000,847600000,0,4768000000,659500000,308200000.0,0,0,1129500000,2097200000,0,0,650300000,0,650300000,0,0,2747500000,0,0,1856300000,0,164200000,2020500000,2020500000,4768000000,0,4768000000,0,308200000.0,-85000000,,
1993-03-31,AAPL,USD,0000320193,1993-03-31,1993-03-31 00:00:00,1993,Q2,560600000,0,560600000,1285700000,876800000,931500000,3654600000,650300000,0,0,0,0,0,165200000,815500000,0,4470100000,613700000,59900000.0,0,0,795900000,1469500000,0,0,714400000,0,714400000,0,0,2183900000,0,0,2077300000,0,208900000,2286200000,2286200000,4470100000,0,4470100000,0,59900000.0,-500700000,,
1992-12-31,AAPL,USD,0000320193,1992-12-31,1992-12-31 00:00:00,1993,Q1,584400000,0,584400000,1198700000,596600000,1323600000,3703300000,639300000,0,0,0,0,0,152000000,791300000,0,4494600000,467200000,190600000.0,0,0,880000000,1537800000,0,0,674000000,0,674000000,0,0,2211800000,0,0,2026500000,0,256300000,2282800000,2282800000,4494600000,0,4494600000,0,190600000.0,-393800000,,
1992-09-30,AAPL,USD,0000320193,1992-09-30,1992-09-30 00:00:00,1992,Q4,498600000,0,498600000,1087200000,580100000,1392500000,3558400000,462200000,0,0,0,0,0,203100000,665300000,0,4223700000,426900000,184500000.0,0,0,814100000,1425500000,0,0,610800000,0,610800000,0,0,2036300000,0,0,1904500000,0,282900000,2187400000,2187400000,4223700000,0,4223700000,0,184500000.0,-314100000,,
1992-06-30,AAPL,USD,0000320193,1992-06-30,1992-06-30 00:00:00,1992,Q3,731300000,0,731300000,956600000,535800000,1199500000,3423200000,467900000,0,0,0,0,0,230100000,698000000,0,4121200000,389400000,180200000.0,0,0,788100000,1357700000,0,0,642100000,0,642100000,0,0,1999800000,0,0,1831200000,0,290200000,2121400000,2121400000,4121200000,0,4121200000,0,180200000.0,-551100000,,
1992-03-31,AAPL,USD,0000320193,1992-03-31,1992-03-31 00:00:00,1992,Q2,766800000,0,766800000,873300000,542500000,1074300000,3256900000,457900000,0,0,0,0,0,226100000,684000000,0,3940900000,341000000,136300000.0,0,0,773600000,1250900000,0,0,603000000,0,603000000,0,0,1853900000,0,0,1739800000,0,347200000,2087000000,2087000000,3940900000,0,3940900000,0,136300000.0,-630500000,,
1991-12-31,AAPL,USD,0000320193,1991-12-31,1991-12-31 00:00:00,1992,Q1,530100000,0,530100000,973500000,643300000,924700000,3071600000,456100000,0,0,0,0,0,217800000,673900000,0,3745500000,400800000,45700000.0,0,0,824300000,1270800000,0,0,551900000,0,551900000,0,0,1822700000,0,0,1639300000,0,283500000,1922800000,1922800000,3745500000,0,3745500000,0,45700000.0,-484400000,,
1991-09-30,AAPL,USD,0000320193,1991-09-30,1991-09-30 00:00:00,1991,Q4,604100000,0,604100000,907200000,671700000,680600000,2863600000,448000000,0,0,0,0,0,182000000,630000000,0,3493600000,357100000,148600000.0,0,0,711400000,1217100000,0,0,509900000,-100000,509800000,0,0,1726900000,0,0,1492000000,0,274700000,1766700000,1766700000,3493600000,0,3493600000,0,148600000.0,-455500000,,
1991-06-30,AAPL,USD,0000320193,1991-06-30,1991-06-30 00:00:00,1991,Q3,773700000,0,773700000,767100000,733300000,554200000,2828300000,445100000,0,0,0,0,0,182100000,627200000,0,3455500000,361700000,156300000.0,0,0,768800000,1286800000,0,0,502300000,100000,502400000,0,0,1789200000,0,0,1426800000,0,239500000,1666300000,1666300000,3455500000,0,3455500000,0,156300000.0,-617400000,,
1991-03-31,AAPL,USD,0000320193,1991-03-31,1991-03-31 00:00:00,1991,Q2,874300000,0,874300000,790900000,620900000,526800000,2812900000,435900000,0,0,0,0,0,173400000,609300000,0,3422200000,421000000,6000000.0,0,0,569200000,996200000,0,0,611600000,0,611600000,0,0,1607800000,0,0,1520500000,0,293900000,1814400000,1814400000,3422200000,0,3422200000,0,6000000.0,-868300000,,
1990-12-31,AAPL,USD,0000320193,1990-12-31,1990-12-31 00:00:00,1991,Q1,739300000,0,739300000,853500000,408500000,542700000,2544000000,436300000,0,0,0,0,0,177000000,613300000,0,3157300000,417300000,23000000.0,0,0,632000000,1072300000,0,0,539900000,0,539900000,0,0,1612200000,0,0,1405300000,0,139800000,1545100000,1545100000,3157300000,0,3157300000,0,23000000.0,-716300000,,
1990-09-30,AAPL,USD,0000320193,1990-09-30,1990-09-30 00:00:00,1990,Q4,374700000,0,374700000,761900000,355500000,911200000,2403300000,398200000,0,0,0,0,0,174200000,572400000,0,2975700000,340600000,122600000.0,0,0,563800000,1027000000,0,0,501800000,100000,501900000,0,0,1528900000,0,0,1312200000,0,134600000,1446800000,1446800000,2975700000,0,2975700000,0,122600000.0,-252100000,,
1990-06-30,AAPL,USD,0000320193,1990-06-30,1990-06-30 00:00:00,1990,Q3,665000000,0,665000000,705500000,291900000,676600000,2339000000,378700000,0,0,0,0,0,171800000,550500000,0,2889500000,279100000,24900000.0,0,0,582900000,886900000,0,0,495800000,0,495800000,0,0,1382700000,0,0,1334800000,0,172000000,1506800000,1506800000,2889500000,0,2889500000,0,24900000.0,-640100000,,
1990-03-31,AAPL,USD,0000320193,1990-03-31,1990-03-31 00:00:00,1990,Q2,645800000,0,645800000,658800000,312500000,652600000,2269700000,368300000,0,0,0,0,0,137700000,506000000,0,2775700000,235800000,20000000.0,0,0,518500000,774300000,0,0,450500000,0,450500000,0,0,1224800000,0,0,1341300000,0,209600000,1550900000,1550900000,2775700000,0,2775700000,0,20000000.0,-625800000,,
1989-12-31,AAPL,USD,0000320193,1989-12-31,1989-12-31 00:00:00,1990,Q1,410500000,0,410500000,749000000,426600000,739400000,2325500000,361900000,0,0,0,0,0,125900000,487800000,0,2813300000,258700000,67900000.0,0,0,566100000,892700000,0,0,396800000,0,396800000,0,0,1289500000,0,0,1247500000,0,276300000,1523800000,1523800000,2813300000,0,2813300000,0,67900000.0,-342600000,,
1989-09-30,AAPL,USD,0000320193,1989-09-30,1989-09-30 00:00:00,1989,Q4,438300000,0,438300000,792800000,475400000,587900000,2294400000,334200000,0,0,0,0,0,115300000,449500000,0,2743900000,334200000,56800000.0,0,0,504300000,895300000,0,0,362900000,0,362900000,0,0,1258200000,0,0,1175900000,0,309800000,1485700000,1485700000,2743900000,0,2743900000,0,56800000.0,-381500000,,
1988-09-30,AAPL,USD,0000320193,1988-09-30,1988-09-30 00:00:00,1988,Q4,545700000,0,545700000,638800000,461500000,137000000,1783000000,207400000,0,0,0,0,0,91700000,299100000,0,2082100000,0,127900000.0,0,0,699200000,827100000,0,0,251600000,0,251600000,0,0,1078700000,0,0,776500000,0,226900000,1003400000,1003400000,2082100000,0,2082100000,0,127900000.0,-417800000,,
1987-09-30,AAPL,USD,0000320193,1987-09-30,1987-09-30 00:00:00,1987,Q4,565100000,0,565100000,405600000,225800000,110900000,1307400000,130400000,0,0,0,0,0,40100000,170500000,0,1477900000,0,0.0,0,0,478700000,478700000,0,0,162800000,-100000,162700000,0,0,641400000,0,0,573100000,0,263400000,836500000,836500000,1477900000,0,1477900000,0,0.0,-565100000,,
1986-09-30,AAPL,USD,0000320193,1986-09-30,1986-09-30 00:00:00,1986,Q4,576200000,0,576200000,263100000,108700000,92900000,1040900000,107300000,0,0,0,0,0,11900000,119200000,0,1160100000,0,0.0,0,0,328500000,328500000,0,0,137500000,0,137500000,0,0,466000000,0,0,474300000,0,219800000,694100000,694100000,1160100000,0,1160100000,0,0.0,-576200000,,
1985-09-30,AAPL,USD,0000320193,1985-09-30,1985-09-30 00:00:00,1985,Q4,337000000,0,337000000,220200000,167000000,97900000,822100000,90400000,0,0,0,0,0,23700000,114100000,0,936200000,0,0.0,0,0,295400000,295400000,0,0,90300000,0,90300000,0,0,385700000,0,0,320300000,0,230200000,550500000,550500000,936200000,0,936200000,0,0.0,-337000000,,
