date,label,adjDividend,dividend,recordDate,paymentDate,declarationDate,low,close,high,unadjustedVolume,open,changePercent,vwap,volume,changeOverTime,adjClose,change
2026-01-05,"January 05, 26",0.5,0.5,2026-01-05,2026-02-02,2025-12-09,,,,,,,,,,,
2026-01-02,"January 02, 26",,,,,,658.4,679.55,679.77,2741768,661.19,2.78,669.7275,2741768,0.0278,679.55,18.36
2025-12-31,"December 31, 25",,,,,,652.75,653.57,666.66,1259928,656.8,-0.49178,657.445,1259928,-0.0049178,653.57,-3.23
2025-12-30,"December 30, 25",,,,,,659.35,659.64,668.44,1207000,665.65,-0.90288,663.27,1207000,-0.0090288,659.64,-6.01
2025-12-29,"December 29, 25",,,,,,651.69,663.46,671,2186100,659.6,0.5852,661.4375,2186100,0.005852,663.46,3.86
2025-12-26,"December 26, 25",,,,,,660.49,663.46,668.2,1155311,667.46,-0.59929,664.9025,1155311,-0.0059929,663.46,-4
2025-12-24,"December 24, 25",,,,,,658.27,667.32,673.5,1110900,660.63,1.01,664.93,1110900,0.0101,667.32,6.69
2025-12-23,"December 23, 25",,,,,,654,661.45,664.82,1997600,664.82,-0.5069,661.2725,1997600,-0.005069,661.45,-3.37
2025-12-22,"December 22, 25",,,,,,656.8,661.81,671.4,2694300,671.11,-1.39,665.28,2694300,-0.0139,661.81,-9.3
2025-12-19,"December 19, 25",,,,,,641.6,658.28,660.59,4489100,646.78,1.78,651.8125,4489100,0.0178,658.28,11.5
2025-12-18,"December 18, 25",,,,,,636.54,639.43,658.69,4426500,649.3,-1.52,645.99,4426500,-0.0152,639.43,-9.87
2025-12-17,"December 17, 25",,,,,,613.09,614.19,694,6770100,687,-10.6,652.07,6770100,-0.106,614.19,-72.81
2025-12-16,"December 16, 25",,,,,,671.01,686.22,699.88,3572244,687,-0.11354,686.0275,3572244,-0.0011354,686.22,-0.78
2025-12-15,"December 15, 25",,,,,,675,681.35,695.05,3529608,688.48,-1.04,684.97,3529608,-0.0104,681.35,-7.13
2025-12-12,"December 12, 25",,,,,,656.37,671.71,698.94,5225703,697.85,-3.75,681.2175,5225703,-0.0375,671.71,-26.14
2025-12-11,"December 11, 25",,,,,,681.2,704.2,711.15,4830900,711.15,-0.97729,701.925,4830900,-0.0097729,704.2,-6.95
2025-12-10,"December 10, 25",,,,,,679,723,731,11396415,692.15,4.46,706.2875,11396415,0.0446,723,30.85
2025-12-09,"December 09, 25",,,,,,613.2,625.3,636.88,3017500,617,1.35,623.095,3017500,0.0135,625.3,8.3
2025-12-08,"December 08, 25",,,,,,607.4,621.9,636.4,2540100,631.06,-1.45,624.19,2540100,-0.0145,621.9,-9.16
2025-12-05,"December 05, 25",,,,,,621.2,631.32,640,2348031,630.86,0.07291634,630.845,2348031,0.0007291634,631.32,0.46
2025-12-04,"December 04, 25",,,,,,602.9,629.11,639.14,3698500,605,3.99,619.0375,3698500,0.0399,629.11,24.11
2025-12-03,"December 03, 25",,,,,,575.38,601.97,608.85,2754500,595.88,1.02,595.52,2754500,0.0102,601.97,6.09
2025-12-02,"December 02, 25",,,,,,585,601.58,609.84,2890812,586.17,2.63,595.6475,2890812,0.0263,601.58,15.41
2025-12-01,"December 01, 25",,,,,,574.8,576.9,590,2302500,590,-2.22,582.925,2302500,-0.0222,576.9,-13.1
2025-11-28,"November 28, 25",,,,,,588.53,599.77,599.77,1006604,595,0.80168,595.7675,1006604,0.0080168,599.77,4.77
2025-11-26,"November 26, 25",,,,,,579.48,589.72,596.98,2223829,581.7,1.38,586.97,2223829,0.0138,589.72,8.02
2025-11-25,"November 25, 25",,,,,,553.25,572.56,582,2356500,575,-0.42435,570.7025,2356500,-0.0042435,572.56,-2.44
2025-11-24,"November 24, 25",,,,,,558.26,580.49,583,2748900,559.44,3.76,570.2975,2748900,0.0376,580.49,21.05
2025-11-21,"November 21, 25",,,,,,530.16,555.84,565.75,4872810,563.01,-1.27,553.69,4872810,-0.0127,555.84,-7.17
2025-11-20,"November 20, 25",,,,,,557.69,558.03,628.01,4874636,607.2,-8.1,587.7325,4874636,-0.081,558.03,-49.17
2025-11-19,"November 19, 25",,,,,,560.8,595.37,600,4212143,561,6.13,579.2925,4212143,0.0613,595.37,34.37
2025-11-18,"November 18, 25",,,,,,552.84,554.93,576.48,2986001,569.06,-2.48,563.3275,2986001,-0.0248,554.93,-14.13
2025-11-17,"November 17, 25",,,,,,569.84,577.02,592.35,2998024,573,0.70157,578.0525,2998024,0.0070157,577.02,4.02
2025-11-14,"November 14, 25",,,,,,542.91,578.31,591.81,4037300,545.2,6.07,564.5575,4037300,0.0607,578.31,33.11
2025-11-13,"November 13, 25",,,,,,537.36,558.17,574.32,5166900,574.32,-2.81,561.0425,5166900,-0.0281,558.17,-16.15
2025-11-12,"November 12, 25",,,,,,574.01,575.4,588.94,2026343,579.46,-0.70065,579.4525,2026343,-0.0070065,575.4,-4.06
2025-11-11,"November 11, 25",,,,,,563.1,576.08,582.8,1748507,580.61,-0.78021,575.6475,1748507,-0.0078021,576.08,-4.52
2025-11-10,"November 10, 25",,,,,,568.2,579.8,595.84,2555821,586.32,-1.11,582.54,2555821,-0.0111,579.8,-6.52
2025-11-07,"November 07, 25",,,,,,539.1,575.13,576.89,2823800,546.7,5.2,559.455,2823800,0.052,575.13,28.43
2025-11-06,"November 06, 25",,,,,,545.41,550.17,560.51,2215300,558.09,-1.42,553.545,2215300,-0.0142,550.17,-7.92
2025-11-05,"November 05, 25",,,,,,541.29,559.7,567.53,2844722,550,1.76,554.63,2844722,0.0176,559.7,9.7
2025-11-04,"November 04, 25",,,,,,541.44,547.96,576.21,3994942,571,-4.04,559.1525,3994942,-0.0404,547.96,-23.04
2025-11-03,"November 03, 25",,,,,,576.76,581.26,593.27,1853237,590.5,-1.56,585.4475,1853237,-0.0156,581.26,-9.24
2025-10-31,"October 31, 25",,,,,,576.5,585.14,592,2789500,580.13,0.8636,583.4425,2789500,0.008636,585.14,5.01
2025-10-30,"October 30, 25",,,,,,569.5,574.07,592.67,2305116,570,0.71404,576.56,2305116,0.0071404,574.07,4.07
2025-10-29,"October 29, 25",,,,,,569.27,577.97,585.58,2808513,576.27,0.295,577.2725,2808513,0.00295,577.97,1.7
2025-10-28,"October 28, 25",,,,,,565,570.98,591.92,3589300,590,-3.22,579.475,3589300,-0.0322,570.98,-19.02
2025-10-27,"October 27, 25",,,,,,580.01,584.39,594.08,2842400,590.8,-1.08,587.32,2842400,-0.0108,584.39,-6.41
2025-10-24,"October 24, 25",,,,,,584.18,584.39,613.81,3694200,607,-3.72,597.345,3694200,-0.0372,584.39,-22.61
2025-10-23,"October 23, 25",,,,,,580,595.15,600,3952712,580,2.61,588.7875,3952712,0.0261,595.15,15.15
2025-10-22,"October 22, 25",,,,,,532.72,576,609.54,10333100,607,-5.11,581.315,10333100,-0.0511,576,-31
2025-10-21,"October 21, 25",,,,,,581.76,585.33,596.78,3956400,593.86,-1.44,589.4325,3956400,-0.0144,585.33,-8.53
2025-10-20,"October 20, 25",0.25,0.25,2025-10-20,2025-11-17,2025-09-25,593.68,594.07,610,2634422,608.12,-2.31,601.4675,2634422,-0.0231,594.07,-14.05
2025-10-17,"October 17, 25",,,,,,591.65,600,608.82,2747710,595.27,0.7946,598.935,2747710,0.007946,599.75,4.73
2025-10-16,"October 16, 25",,,,,,595.2,602,623.63,3500605,621.5,-3.14,610.5825,3500605,-0.0314,601.75,-19.5
2025-10-15,"October 15, 25",,,,,,613.59,615.95,664.69,3246024,650.17,-5.26,636.1,3246024,-0.0526,615.69,-34.22
2025-10-14,"October 14, 25",,,,,,615.84,644.41,656.88,2890500,635,1.48,638.0325,2890500,0.0148,644.14,9.41
2025-10-13,"October 13, 25",,,,,,613.14,648.25,655.99,3406800,613.18,5.72,632.64,3406800,0.0572,647.98,35.07
2025-10-10,"October 10, 25",,,,,,602.6,604.56,634.27,3003600,630,-4.04,617.8575,3003600,-0.0404,604.31,-25.44
2025-10-09,"October 09, 25",,,,,,621.11,634.27,637.15,2414018,629,0.83784,630.3825,2414018,0.0083784,634.01,5.27
2025-10-08,"October 08, 25",,,,,,599,625.45,626.44,2286500,613,2.03,615.9725,2286500,0.0203,625.19,12.45
2025-10-07,"October 07, 25",,,,,,592,606.12,609.39,2161700,603.16,0.49075,602.6675,2161700,0.0049075,605.87,2.97
2025-10-06,"October 06, 25",,,,,,593.7,603.22,608.59,1950843,606,-0.45875,602.8775,1950843,-0.0045875,602.97,-2.78
2025-10-03,"October 03, 25",,,,,,588,594.99,611.75,2668500,610.29,-2.51,601.2575,2668500,-0.0251,594.74,-15.3
2025-10-02,"October 02, 25",,,,,,603.62,606.23,622.5,2044600,611.11,-0.79855,610.865,2044600,-0.0079855,605.98,-4.88
2025-10-01,"October 01, 25",,,,,,595,606.15,610.66,2423637,599.64,1.09,602.8625,2423637,0.0109,605.9,6.51
2025-09-30,"September 30, 25",,,,,,603.3,614.9,614.94,1818700,604.88,1.66,609.505,1818700,0.0166,614.64,10.02
2025-09-29,"September 29, 25",,,,,,596.38,602.43,616.44,2188700,612.45,-1.64,606.925,2188700,-0.0164,602.18,-10.02
2025-09-26,"September 26, 25",,,,,,598.11,605.17,615.14,1845327,610,-0.7918,607.105,1845327,-0.007918,604.92,-4.83
2025-09-25,"September 25, 25",,,,,,593.38,607.52,619.75,3202500,614.91,-1.2,608.89,3202500,-0.012,607.27,-7.38
2025-09-24,"September 24, 25",,,,,,624.19,628.97,642,1617200,640,-1.72,633.79,1617200,-0.0172,628.71,-11.03
2025-09-23,"September 23, 25",,,,,,622.2,633.41,644.72,2427243,644.68,-1.75,636.2525,2427243,-0.0175,633.15,-11.27
2025-09-22,"September 22, 25",,,,,,620.11,644.37,648.5,2566029,620.11,3.91,633.2725,2566029,0.0391,644.1,24.26
2025-09-19,"September 19, 25",,,,,,596.51,624.17,625.66,4107343,611.69,2.04,614.5075,4107343,0.0204,623.91,12.48
2025-09-18,"September 18, 25",,,,,,611,611,627.1,2245600,622.96,-1.92,618.015,2245600,-0.0192,610.74,-11.96
2025-09-17,"September 17, 25",,,,,,601.12,614.79,619.11,2058400,616.4,-0.26119,612.855,2058400,-0.0026119,614.53,-1.61
2025-09-16,"September 16, 25",,,,,,608.73,617.91,633.52,3104100,629.5,-1.84,622.415,3104100,-0.0184,617.65,-11.59
2025-09-15,"September 15, 25",,,,,,624.1,628.68,639.89,1851900,630.15,-0.23328,630.705,1851900,-0.0023328,628.42,-1.47
2025-09-12,"September 12, 25",,,,,,624.15,625.55,646.88,2640400,632.12,-1.04,632.175,2640400,-0.0104,625.29,-6.57
2025-09-11,"September 11, 25",,,,,,620.1,634.15,653.5,4099922,648.75,-2.25,639.125,4099922,-0.0225,633.88,-14.6
2025-09-10,"September 10, 25",,,,,,623,643.56,645.19,3878700,625,2.97,634.1875,3878700,0.0297,643.29,18.56
2025-09-09,"September 09, 25",,,,,,594.77,605.7,607.69,1863901,606.35,-0.1072,603.6275,1863901,-0.001072,605.45,-0.65
2025-09-08,"September 08, 25",,,,,,584.94,600.23,606,2513708,594.41,0.97912,596.395,2513708,0.0097912,599.98,5.82
2025-09-05,"September 05, 25",,,,,,565.5,582.08,604.5,3477710,599.96,-2.98,588.01,3477710,-0.0298,581.84,-17.88
2025-09-04,"September 04, 25",,,,,,580.06,598.81,600.37,3195400,580.81,3.1,590.0125,3195400,0.031,598.56,18
2025-09-03,"September 03, 25",,,,,,565.43,577.04,586.29,3657500,586.29,-1.58,578.7625,3657500,-0.0158,576.8,-9.25
2025-09-02,"September 02, 25",,,,,,567.86,579.68,594,5267320,590.55,-1.84,583.0225,5267320,-0.0184,579.44,-10.87
2025-08-29,"August 29, 25",,,,,,609.34,612.97,635,2266400,631.86,-2.99,622.2925,2266400,-0.0299,612.71,-18.89
2025-08-28,"August 28, 25",,,,,,626.78,633.69,646.95,2256421,626.78,1.1,633.55,2256421,0.011,633.42,6.91
2025-08-27,"August 27, 25",,,,,,618,622.39,629.93,1862900,625.22,-0.45264,623.885,1862900,-0.0045264,622.13,-2.83
2025-08-26,"August 26, 25",,,,,,603.04,625.91,628.58,2689400,603.85,3.65,615.345,2689400,0.0365,625.65,22.06
2025-08-25,"August 25, 25",,,,,,597.03,602.31,614.47,2130000,608.83,-1.07,605.66,2130000,-0.0107,602.06,-6.52
2025-08-22,"August 22, 25",,,,,,602.5,607.07,623.98,2727705,607.97,-0.14803,610.38,2727705,-0.0014803,606.82,-0.9
2025-08-21,"August 21, 25",,,,,,605.31,606,620,2566600,607.02,-0.16803,609.5825,2566600,-0.0016803,605.75,-1.02
2025-08-20,"August 20, 25",,,,,,581.23,604.59,607.77,3575848,592.61,2.02,596.55,3575848,0.0202,604.34,11.98
2025-08-19,"August 19, 25",,,,,,595.19,603.13,620.98,3096700,620.55,-2.81,609.9625,3096700,-0.0281,602.88,-17.42
2025-08-18,"August 18, 25",,,,,,614.23,625.02,628.55,1860413,621.38,0.58579,622.295,1860413,0.0058579,624.76,3.64
2025-08-15,"August 15, 25",,,,,,607.86,621.91,624.03,2488202,624.03,-0.33973,619.4575,2488202,-0.0033973,621.65,-2.12
2025-08-14,"August 14, 25",,,,,,620.28,625.27,640.28,2534442,627,-0.27592,628.2075,2534442,-0.0027592,625.01,-1.73
2025-08-13,"August 13, 25",,,,,,614.23,634.31,666.15,3936413,662.32,-4.23,644.2525,3936413,-0.0423,634.04,-28.01
2025-08-12,"August 12, 25",,,,,,651,657.44,662.84,1804875,652.74,0.72004,656.005,1804875,0.0072004,657.16,4.7
2025-08-11,"August 11, 25",,,,,,637.37,650.76,653.42,1687604,641,1.52,645.6375,1687604,0.0152,650.49,9.76
2025-08-08,"August 08, 25",,,,,,639.17,649.09,656.25,1888714,655.23,-0.93708,649.935,1888714,-0.0093708,648.82,-6.14
2025-08-07,"August 07, 25",,,,,,638.52,645.86,669.38,2239900,665.77,-2.99,654.8825,2239900,-0.0299,645.59,-19.91
2025-08-06,"August 06, 25",,,,,,644,664.55,666.29,1894900,646.63,2.77,655.3675,1894900,0.0277,664.27,17.92
2025-08-05,"August 05, 25",,,,,,643.96,649.72,665.11,2180246,661.24,-1.74,655.0075,2180246,-0.0174,649.45,-11.52
2025-08-04,"August 04, 25",,,,,,653.95,662.77,674.97,2155916,659.36,0.51717,662.7625,2155916,0.0051717,662.49,3.41
2025-08-01,"August 01, 25",,,,,,632.46,656.5,664.26,3077400,638.18,2.87,647.85,3077400,0.0287,656.22,18.32
2025-07-31,"July 31, 25",,,,,,656.07,660.29,677.29,3343017,660,0.04393939,663.4125,3343017,0.0004393939,660.01,0.29
2025-07-30,"July 30, 25",,,,,,635.17,655,656.17,2699600,639.95,2.35,646.5725,2699600,0.0235,654.72,15.05
2025-07-29,"July 29, 25",,,,,,629.99,632.67,655.65,2749930,646.99,-2.21,641.325,2749930,-0.0221,632.4,-14.32
2025-07-28,"July 28, 25",,,,,,631.16,647.66,648.52,2920600,638.26,1.47,641.4,2920600,0.0147,647.39,9.4
2025-07-25,"July 25, 25",,,,,,626,644.59,651.22,3604500,630,2.32,637.9525,3604500,0.0232,644.32,14.59
2025-07-24,"July 24, 25",,,,,,615.3,623.97,633.07,3918600,632.27,-1.31,626.1525,3918600,-0.0131,623.71,-8.3
2025-07-23,"July 23, 25",,,,,,585,629.03,633.72,7081300,595.75,5.59,610.875,7081300,0.0559,628.77,33.28
2025-07-22,"July 22, 25",,,,,,537.16,548.99,558.51,3938500,558.51,-1.7,550.7925,3938500,-0.017,548.76,-9.52
2025-07-21,"July 21, 25",0.25,0.25,2025-07-21,2025-08-18,2025-06-23,564.66,565.91,577.63,2146844,576.14,-1.78,571.085,2146844,-0.0178,565.67,-10.23
2025-07-18,"July 18, 25",,,,,,567,574.6,579.03,2052804,570.61,0.69925,572.81,2052804,0.0069925,574.11,3.99
2025-07-17,"July 17, 25",,,,,,566.22,570.17,581.27,2569448,568.65,0.2673,571.5775,2569448,0.002673,569.69,1.52
2025-07-16,"July 16, 25",,,,,,552,561.17,566.52,1955126,559.62,0.27697,559.8275,1955126,0.0027697,560.69,1.55
2025-07-15,"July 15, 25",,,,,,545.49,559.61,560.63,2576900,556.81,0.50286,555.635,2576900,0.0050286,559.13,2.8
2025-07-14,"July 14, 25",,,,,,540,555.04,555.86,2471743,541.45,2.51,548.0875,2471743,0.0251,554.57,13.59
2025-07-11,"July 11, 25",,,,,,534.67,539.16,546.65,2286510,538,0.21561,539.62,2286510,0.0021561,538.7,1.16
2025-07-10,"July 10, 25",,,,,,520,539.36,542.37,2510575,539.04,0.0593648,535.1925,2510575,0.000593648,538.9,0.32
2025-07-09,"July 09, 25",,,,,,530,535.77,545.63,2295700,535.56,0.03921129,536.74,2295700,0.0003921129,535.31,0.21
2025-07-08,"July 08, 25",,,,,,511.5,530,537.22,3130700,535,-0.93458,528.43,3130700,-0.0093458,529.55,-5
2025-07-07,"July 07, 25",,,,,,514.08,530.28,531.19,2268100,520,1.98,523.8875,2268100,0.0198,529.83,10.28
2025-07-03,"July 03, 25",,,,,,506.02,517.04,519.71,1809200,511.74,1.04,513.6275,1809200,0.0104,516.6,5.3
2025-07-02,"July 02, 25",,,,,,497.3,505.07,511.52,3389533,502.58,0.49544,504.1175,3389533,0.0049544,504.64,2.49
2025-07-01,"July 01, 25",,,,,,482.2,506,528,6527000,525.16,-3.65,510.34,6527000,-0.0365,505.57,-19.16
2025-06-30,"June 30, 25",,,,,,516.59,529.15,531.37,2030100,524.27,0.93082,525.345,2030100,0.0093082,528.7,4.88
2025-06-27,"June 27, 25",,,,,,503,519.66,532.59,9150300,507,2.5,515.5625,9150300,0.025,519.22,12.66
2025-06-26,"June 26, 25",,,,,,498.81,506.81,508.91,2205700,505,0.35842,504.8825,2205700,0.0035842,506.38,1.81
2025-06-25,"June 25, 25",,,,,,502.25,502.67,522.97,2476001,516,-2.58,510.9725,2476001,-0.0258,502.24,-13.33
2025-06-24,"June 24, 25",,,,,,496.73,510.84,512.82,2692600,505.96,0.9645,506.5875,2692600,0.009645,510.41,4.88
2025-06-23,"June 23, 25",,,,,,479.04,499.88,500.04,3098000,486.66,2.72,491.405,3098000,0.0272,499.46,13.22
2025-06-20,"June 20, 25",,,,,,480.55,486.96,496.01,4002784,493.53,-1.33,489.2625,4002784,-0.0133,486.55,-6.57
2025-06-18,"June 18, 25",,,,,,482.01,490.19,491.13,2240200,486.79,0.69845,487.53,2240200,0.0069845,489.77,3.4
2025-06-17,"June 17, 25",,,,,,481.6,488.66,494.02,2160400,486.77,0.38827,487.7625,2160400,0.0038827,488.24,1.89
2025-06-16,"June 16, 25",,,,,,480,487.88,492.53,2134809,480,1.64,485.1025,2134809,0.0164,487.47,7.88
2025-06-13,"June 13, 25",,,,,,474.21,478.45,484.63,2433901,477.68,0.1612,478.7425,2433901,0.001612,478.04,0.77
2025-06-12,"June 12, 25",,,,,,478.1,487.67,489.71,2431914,478.81,1.85,483.5725,2431914,0.0185,487.26,8.86
2025-06-11,"June 11, 25",,,,,,464,483.47,484.33,3100433,469.52,2.97,475.33,3100433,0.0297,483.06,13.95
2025-06-10,"June 10, 25",,,,,,458.65,465.31,482.69,3944400,482.36,-3.53,472.2525,3944400,-0.0353,464.91,-17.05
2025-06-09,"June 09, 25",,,,,,479.8,480,492.31,2346900,492,-2.44,486.0275,2346900,-0.0244,479.59,-12
2025-06-06,"June 06, 25",,,,,,478,485,488.95,2101100,486.78,-0.36567,484.6825,2101100,-0.0036567,484.59,-1.78
2025-06-05,"June 05, 25",,,,,,479.54,484.31,493.87,2448501,491.07,-1.38,487.1975,2448501,-0.0138,483.9,-6.76
2025-06-04,"June 04, 25",,,,,,486.51,488.13,499.43,2193600,493.73,-1.13,491.95,2193600,-0.0113,487.72,-5.6
2025-06-03,"June 03, 25",,,,,,485,492.97,500.72,3476900,494,-0.2085,493.1725,3476900,-0.002085,492.55,-1.03
2025-06-02,"June 02, 25",,,,,,472.49,485.16,486.28,2514400,475,2.14,479.7325,2514400,0.0214,484.75,10.16
2025-05-30,"May 30, 25",,,,,,463.34,472.98,473.79,5092535,470,0.63404,470.0275,5092535,0.0063404,472.58,2.98
2025-05-29,"May 29, 25",,,,,,462,471.17,489.13,4299359,487.25,-3.3,477.3875,4299359,-0.033,470.77,-16.08
2025-05-28,"May 28, 25",,,,,,467.5,485.01,487.4,3318100,468.54,3.52,477.1125,3318100,0.0352,484.6,16.47
2025-05-27,"May 27, 25",,,,,,466,471.51,476.01,2942610,471.64,-0.0275634,471.29,2942610,-0.000275634,471.11,-0.13
2025-05-23,"May 23, 25",,,,,,458.79,464.39,469.81,3571634,460.01,0.95215,463.25,3571634,0.0095215,464,4.38
2025-05-22,"May 22, 25",,,,,,448.45,458.82,464.7,2713840,453,1.28,456.2425,2713840,0.0128,458.43,5.82
2025-05-21,"May 21, 25",,,,,,446.5,453.03,463,3932400,447,1.35,452.3825,3932400,0.0135,452.64,6.03
2025-05-20,"May 20, 25",,,,,,442.56,450.04,451.37,2756722,443.78,1.41,446.9375,2756722,0.0141,449.66,6.26
2025-05-19,"May 19, 25",,,,,,421.64,446.6,447.45,3128744,424.5,5.21,435.0475,3128744,0.0521,446.22,22.1
2025-05-16,"May 16, 25",,,,,,423.1,428.06,431.46,2603800,431,-0.68213,428.405,2603800,-0.0068213,427.7,-2.94
2025-05-15,"May 15, 25",,,,,,425.39,426.97,432.79,2954300,430.17,-0.74389,428.83,2954300,-0.0074389,426.61,-3.2
2025-05-14,"May 14, 25",,,,,,431.82,432.84,440.34,2577200,438.92,-1.39,435.98,2577200,-0.0139,432.47,-6.08
2025-05-13,"May 13, 25",,,,,,420,433.33,444,4769742,420.91,2.95,429.56,4769742,0.0295,432.96,12.42
2025-05-12,"May 12, 25",,,,,,408.82,416.63,418.8,2989910,415,0.39277,414.8125,2989910,0.0039277,416.28,1.63
2025-05-09,"May 09, 25",,,,,,387.03,399.26,399.78,2383700,396.25,0.75962,395.58,2383700,0.0075962,398.92,3.01
2025-05-08,"May 08, 25",,,,,,393.86,394,413.75,3346409,410,-3.9,402.9025,3346409,-0.039,393.67,-16
2025-05-07,"May 07, 25",,,,,,397.01,406.81,407.29,2489492,400,1.7,402.7775,2489492,0.017,406.46,6.81
2025-05-06,"May 06, 25",,,,,,392.12,401.23,402.64,2242700,394.57,1.69,397.64,2242700,0.0169,400.89,6.66
2025-05-05,"May 05, 25",,,,,,390.21,401.1,403.8,2296914,392,2.32,396.7775,2296914,0.0232,400.76,9.1
2025-05-02,"May 02, 25",,,,,,385.55,396.32,403.42,3602400,391,1.36,394.0725,3602400,0.0136,395.98,5.32
2025-05-01,"May 01, 25",,,,,,378.47,382.29,387.52,3246800,383.34,-0.27391,382.905,3246800,-0.0027391,381.97,-1.05
2025-04-30,"April 30, 25",,,,,,357.64,370.82,371.51,2756800,359.98,3.01,364.9875,2756800,0.0301,370.5,10.84
2025-04-29,"April 29, 25",,,,,,363.22,371.19,372.09,2430015,369.62,0.42476,369.03,2430015,0.0042476,370.87,1.57
2025-04-28,"April 28, 25",,,,,,361.63,370.06,379.96,3001842,371,-0.25337,370.6625,3001842,-0.0025337,369.75,-0.94
2025-04-25,"April 25, 25",,,,,,356.94,372.42,376.15,3961100,359.81,3.5,366.33,3961100,0.035,372.1,12.61
2025-04-24,"April 24, 25",,,,,,337.31,360.49,366.66,4980400,342.49,5.26,351.7375,4980400,0.0526,360.18,18
2025-04-23,"April 23, 25",,,,,,333.19,336.09,358.88,5443600,354.04,-5.07,345.55,5443600,-0.0507,335.8,-17.95
2025-04-22,"April 22, 25",,,,,,317.6,326.07,331.22,3471430,319.05,2.2,323.485,3471430,0.022,325.79,7.02
2025-04-21,"April 21, 25",,,,,,306.21,313.08,324.93,2526800,320,-2.16,316.055,2526800,-0.0216,312.81,-6.92
2025-04-17,"April 17, 25",0.25,0.25,2025-04-18,2025-05-16,2025-04-08,321.78,323.55,339.99,2860900,335.26,-3.49,330.145,2860900,-0.0349,323.27,-11.71
2025-04-16,"April 16, 25",,,,,,316,328.16,332.31,4015239,318.57,3.01,323.76,4015239,0.0301,327.63,9.59
2025-04-15,"April 15, 25",,,,,,323.07,328.56,331.13,1635321,323.37,1.6,326.5325,1635321,0.016,328.03,5.19
2025-04-14,"April 14, 25",,,,,,317.5,322.3,334.25,2467539,333.33,-3.31,326.845,2467539,-0.0331,321.78,-11.03
2025-04-11,"April 11, 25",,,,,,306,321.43,323.21,2800719,310,3.69,315.16,2800719,0.0369,320.91,11.43
2025-04-10,"April 10, 25",,,,,,303.1,309.95,322.24,4444822,312.04,-0.66979,311.8325,4444822,-0.0066979,309.45,-2.09
2025-04-09,"April 09, 25",,,,,,281.56,326.81,333.3,7482600,283.21,15.39,306.22,7482600,0.1539,326.28,43.6
2025-04-08,"April 08, 25",,,,,,279.57,286.89,307.06,5858400,303.77,-5.56,294.3225,5858400,-0.0556,286.43,-16.88
2025-04-07,"April 07, 25",,,,,,253.08,286.07,298.49,6522236,257.02,11.3,273.665,6522236,0.113,285.61,29.05
2025-04-04,"April 04, 25",,,,,,252.25,271.48,283.47,8095800,277.16,-2.05,271.09,8095800,-0.0205,271.04,-5.68
2025-04-03,"April 03, 25",,,,,,293.48,297.66,315.87,5752200,306.96,-3.03,303.4925,5752200,-0.0303,297.18,-9.29
2025-04-02,"April 02, 25",,,,,,306,330.8,335.79,4203206,307.08,7.72,319.9175,4203206,0.0772,330.26,23.72
2025-04-01,"April 01, 25",,,,,,302.4,315.64,316.43,3544500,307.6,2.61,310.5175,3544500,0.0261,315.13,8.04
2025-03-31,"March 31, 25",,,,,,288,305.28,306.03,4678348,291.35,4.78,297.665,4678348,0.0478,304.79,13.93
2025-03-28,"March 28, 25",,,,,,299.13,302.93,308.88,2725338,302,0.30795,303.235,2725338,0.0030795,302.44,0.93
2025-03-27,"March 27, 25",,,,,,302.33,303,314.99,3814222,310.18,-2.31,307.625,3814222,-0.0231,302.51,-7.18
2025-03-26,"March 26, 25",,,,,,314.66,317.7,335.45,3803551,335.45,-5.29,325.815,3803551,-0.0529,317.19,-17.75
2025-03-25,"March 25, 25",,,,,,333.21,336.2,344.94,2631713,343.87,-2.23,339.555,2631713,-0.0223,335.66,-7.67
2025-03-24,"March 24, 25",,,,,,339.15,343.57,349.62,3141011,344.24,-0.19463,344.145,3141011,-0.0019463,343.01,-0.67
2025-03-21,"March 21, 25",,,,,,325.11,333.87,335.15,3012138,330.64,0.97689,331.1925,3012138,0.0097689,333.33,3.23
2025-03-20,"March 20, 25",,,,,,329.27,336.83,342.34,3500118,329.27,2.3,334.4275,3500118,0.023,336.28,7.56
2025-03-19,"March 19, 25",,,,,,320.5,335.8,343.42,3445600,323.27,3.88,330.7475,3445600,0.0388,335.26,12.54
2025-03-18,"March 18, 25",,,,,,314.56,318.93,330.98,2774135,329,-3.06,323.3675,2774135,-0.0306,318.41,-10.07
2025-03-17,"March 17, 25",,,,,,311,331.96,335.29,4376625,312.5,6.23,322.6875,4376625,0.0623,331.42,19.46
2025-03-14,"March 14, 25",,,,,,303,313.63,315.8,4404545,306.45,2.34,309.72,4404545,0.0234,313.12,7.18
2025-03-13,"March 13, 25",,,,,,285.35,300.24,303.49,2880429,297,1.09,296.52,2880429,0.0109,299.75,3.24
2025-03-12,"March 12, 25",,,,,,292.39,298.68,308,4541534,301.58,-0.9616,300.1625,4541534,-0.009616,298.2,-2.9
2025-03-11,"March 11, 25",,,,,,268.51,284.21,291.53,5274800,269.99,5.27,278.56,5274800,0.0527,283.75,14.22
2025-03-10,"March 10, 25",,,,,,266.47,270.13,281.37,6818800,275.97,-2.12,273.485,6818800,-0.0212,269.69,-5.84
2025-03-07,"March 07, 25",,,,,,279.56,289.3,301,7397700,293,-1.26,290.715,7397700,-0.0126,288.83,-3.7
2025-03-06,"March 06, 25",,,,,,288.28,293.21,309.08,7501033,306.68,-4.39,299.3125,7501033,-0.0439,292.73,-13.47
2025-03-05,"March 05, 25",,,,,,311.19,316.8,323.89,4617132,314.55,0.71531,316.6075,4617132,0.0071531,316.29,2.25
2025-03-04,"March 04, 25",,,,,,294.45,313.07,321.65,6257519,305.8,2.38,308.7425,6257519,0.0238,312.56,7.27
2025-03-03,"March 03, 25",,,,,,308.77,315.98,337.43,4846242,334.7,-5.59,324.22,4846242,-0.0559,315.47,-18.72
2025-02-28,"February 28, 25",,,,,,318.68,335.18,336,4096607,322.35,3.98,328.0525,4096607,0.0398,334.64,12.83
2025-02-27,"February 27, 25",,,,,,322,326.28,348.51,4768005,345.18,-5.48,335.4925,4768005,-0.0548,325.75,-18.9
2025-02-26,"February 26, 25",,,,,,327.85,335.24,342.07,4684242,334.83,0.12245,334.9975,4684242,0.0012245,334.7,0.41
2025-02-25,"February 25, 25",,,,,,298,317.69,322.1,6835200,307.26,3.39,311.2625,6835200,0.0339,317.18,10.43
2025-02-24,"February 24, 25",,,,,,303.44,315.91,329.39,7156923,327.38,-3.5,319.03,7156923,-0.035,315.4,-11.47
2025-02-21,"February 21, 25",,,,,,325.42,327.88,359.93,6965000,357.6,-8.31,342.7075,6965000,-0.0831,327.35,-29.72
2025-02-20,"February 20, 25",,,,,,353.11,359.68,383.29,3456000,375.06,-4.1,367.785,3456000,-0.041,359.1,-15.38
2025-02-19,"February 19, 25",,,,,,366.25,375.2,376.48,1670900,369.94,1.42,371.9675,1670900,0.0142,374.59,5.26
2025-02-18,"February 18, 25",,,,,,363.35,373.25,377.77,2407300,367.92,1.45,370.5725,2407300,0.0145,372.65,5.33
2025-02-14,"February 14, 25",,,,,,357,367.59,369.28,2238830,369.28,-0.45765,365.7875,2238830,-0.0045765,366.99,-1.69
2025-02-13,"February 13, 25",,,,,,360.6,370.31,377.2,2609700,376,-1.51,371.0275,2609700,-0.0151,369.71,-5.69
2025-02-12,"February 12, 25",,,,,,359.73,369.65,378.26,1825400,364.76,1.34,368.1,1825400,0.0134,369.05,4.89
2025-02-11,"February 11, 25",,,,,,369.37,372.9,383.08,2064343,381.3,-2.2,376.6625,2064343,-0.022,372.3,-8.4
2025-02-10,"February 10, 25",,,,,,372,385,385.7,2078929,379.15,1.54,380.4625,2078929,0.0154,384.38,5.85
2025-02-07,"February 07, 25",,,,,,375.39,377.97,389.89,2391723,380.68,-0.71188,380.9825,2391723,-0.0071188,377.36,-2.71
2025-02-06,"February 06, 25",,,,,,364.6,374.83,380.05,2460844,365.99,2.42,371.3675,2460844,0.0242,374.22,8.84
2025-02-05,"February 05, 25",,,,,,359.63,367.93,369.48,2810011,363.97,1.09,365.2525,2810011,0.0109,367.33,3.96
2025-02-04,"February 04, 25",,,,,,349.57,356.53,366.08,2766400,360.6,-1.13,358.195,2766400,-0.0113,355.95,-4.07
2025-02-03,"February 03, 25",,,,,,348.95,361.71,367.2,4079400,350.34,3.25,357.05,4079400,0.0325,361.12,11.37
2025-01-31,"January 31, 25",,,,,,370.56,372.88,387.08,4146855,385.56,-3.29,379.02,4146855,-0.0329,372.28,-12.68
2025-01-30,"January 30, 25",,,,,,364.93,382.94,387.64,5682519,365,4.92,375.1275,5682519,0.0492,382.32,17.94
2025-01-29,"January 29, 25",,,,,,346.26,353.25,368.84,5449800,358.3,-1.41,356.6625,5449800,-0.0141,352.68,-5.05
2025-01-28,"January 28, 25",,,,,,317.7,355.12,355.51,10396717,351.42,1.05,344.9375,10396717,0.0105,354.54,3.7
2025-01-27,"January 27, 25",,,,,,322.3,330,353,13356800,339.6,-2.83,336.225,13356800,-0.0283,329.47,-9.61
2025-01-24,"January 24, 25",,,,,,416,420.49,436.93,4717500,436.93,-3.76,427.5875,4717500,-0.0376,419.81,-16.44
2025-01-23,"January 23, 25",,,,,,422.66,437.71,447.5,3925027,423.63,3.32,432.875,3925027,0.0332,437,14.08
2025-01-22,"January 22, 25",,,,,,418.1,427.1,434.1,4973944,430,-0.67442,427.325,4973944,-0.0067442,426.41,-2.9
2025-01-21,"January 21, 25",,,,,,395.29,416,417.21,4223303,405,2.72,408.375,4223303,0.0272,415.33,11
2025-01-17,"January 17, 25",,,,,,389.59,401.41,404.13,2363800,393.29,2.06,397.105,2363800,0.0206,400.76,8.12
2025-01-16,"January 16, 25",,,,,,387.03,391,397.76,2111600,394.07,-0.77905,392.465,2111600,-0.0077905,390.37,-3.07
2025-01-15,"January 15, 25",,,,,,380,387.03,392.77,2524000,391,-1.02,387.7,2524000,-0.0102,386.4,-3.97
2025-01-14,"January 14, 25",,,,,,373.7,382.26,388.88,3095611,376.32,1.58,380.29,3095611,0.0158,381.64,5.94
2025-01-13,"January 13, 25",,,,,,353.01,366.81,366.85,3267905,355.33,3.23,360.5,3267905,0.0323,366.22,11.48
2025-01-10,"January 10, 25",,,,,,351,367.1,367.83,2387000,363.2,1.07,362.2825,2387000,0.0107,366.51,3.9
2025-01-08,"January 08, 25",,,,,,348.2,366.48,368.79,3160114,362.31,1.15,361.445,3160114,0.0115,365.89,4.17
2025-01-07,"January 07, 25",,,,,,357.23,368.52,374.62,2728249,373.26,-1.27,368.4075,2728249,-0.0127,367.92,-4.74
2025-01-06,"January 06, 25",,,,,,366.51,371.32,376.3,3419116,369.75,0.42461,370.97,3419116,0.0042461,370.72,1.57
2025-01-03,"January 03, 25",,,,,,331.5,354.03,354.98,2392405,331.69,6.74,343.05,2392405,0.0674,353.46,22.34
2025-01-02,"January 02, 25",,,,,,328.52,338.94,342.67,2473774,332.79,1.85,335.73,2473774,0.0185,338.39,6.15
2024-12-31,"December 31, 24",,,,,,327.5,328.93,333.1,1793800,330.93,-0.60436,330.115,1793800,-0.0060436,328.4,-2
2024-12-30,"December 30, 24",,,,,,323,330.26,335.64,1837800,324.34,1.83,328.31,1837800,0.0183,329.72,5.92
2024-12-27,"December 27, 24",,,,,,332.5,333.8,340.75,1506600,339.95,-1.81,336.75,1506600,-0.0181,333.26,-6.15
2024-12-26,"December 26, 24",,,,,,338.9,343.07,345.8,1211476,345.8,-0.78947,343.3925,1211476,-0.0078947,342.51,-2.73
2024-12-24,"December 24, 24",,,,,,343.32,347.29,348.99,1062400,347.22,0.02016013,346.705,1062400,0.0002016013,346.73,0.07
2024-12-23,"December 23, 24",,,,,,337,344.92,346.28,1436153,344.25,0.19463,343.1125,1436153,0.0019463,344.36,0.67
2024-12-20,"December 20, 24",0.25,0.25,2024-12-20,2025-01-28,2024-12-10,327.15,342.66,345.64,5476100,328.13,4.43,335.895,5476100,0.0443,342.1,14.53
2024-12-19,"December 19, 24",,,,,,322.51,332.8,337.46,4587897,324.95,2.42,329.43,4587897,0.0242,332.01,7.85
2024-12-18,"December 18, 24",,,,,,314.19,317.12,332.06,3906912,327.59,-3.2,322.74,3906912,-0.032,316.37,-10.47
2024-12-17,"December 17, 24",,,,,,323.5,328.34,334,4408900,333,-1.4,329.71,4408900,-0.014,327.56,-4.66
2024-12-16,"December 16, 24",,,,,,330.84,337.71,340.5,4229800,336.06,0.49098,336.2775,4229800,0.0049098,336.91,1.65
2024-12-13,"December 13, 24",,,,,,329.45,332.01,338,2972926,334.78,-0.82741,333.56,2972926,-0.0082741,331.22,-2.77
2024-12-12,"December 12, 24",,,,,,328.19,329.91,343,3281840,343,-3.82,336.025,3281840,-0.0382,329.13,-13.09
2024-12-11,"December 11, 24",,,,,,333.33,343.8,350.58,6671723,333.56,3.07,340.3175,6671723,0.0307,342.99,10.24
2024-12-10,"December 10, 24",,,,,,322.33,327.39,336.59,3473500,334.21,-2.04,330.13,3473500,-0.0204,326.61,-6.82
2024-12-09,"December 09, 24",,,,,,324.5,335.25,345,3045948,340.35,-1.5,336.275,3045948,-0.015,334.46,-5.1
2024-12-06,"December 06, 24",,,,,,341,346.51,349.32,1622800,347.5,-0.28489,346.0825,1622800,-0.0028489,345.69,-0.99
2024-12-05,"December 05, 24",,,,,,344.94,348.13,354.69,2099500,346.02,0.60979,348.445,2099500,0.0060979,347.3,2.11
2024-12-04,"December 04, 24",,,,,,333.63,343.75,344.73,2424016,336.49,2.16,339.65,2424016,0.0216,342.94,7.26
2024-12-03,"December 03, 24",,,,,,326.63,331.92,339.96,2103800,338.75,-2.02,334.315,2103800,-0.0202,331.13,-6.83
2024-12-02,"December 02, 24",,,,,,335.51,337.54,346.67,2328000,335.73,0.53912,338.8625,2328000,0.0053912,336.74,1.81
2024-11-29,"November 29, 24",,,,,,332.67,334.12,336.62,883728,334.46,-0.10166,334.4675,883728,-0.0010166,333.33,-0.34
2024-11-27,"November 27, 24",,,,,,329.63,335.33,339.74,2318200,339.23,-1.15,335.9825,2318200,-0.0115,334.54,-3.9
2024-11-26,"November 26, 24",,,,,,330.62,338.89,340.71,2007910,332.27,1.99,335.6225,2007910,0.0199,338.09,6.62
2024-11-25,"November 25, 24",,,,,,328.19,328.98,354.99,6212400,353.52,-6.94,341.42,6212400,-0.0694,328.2,-24.54
2024-11-22,"November 22, 24",,,,,,334,349.16,349.7,2714644,339.85,2.74,343.1775,2714644,0.0274,348.33,9.31
2024-11-21,"November 21, 24",,,,,,339.38,339.85,357.09,2671849,349.9,-2.87,346.555,2671849,-0.0287,339.04,-10.05
2024-11-20,"November 20, 24",,,,,,337.74,342.77,348,2633639,343.75,-0.28509,343.065,2633639,-0.0028509,341.96,-0.98
2024-11-19,"November 19, 24",,,,,,317.55,340,340.39,2200600,320.01,6.25,329.4875,2200600,0.0625,339.19,19.99
2024-11-18,"November 18, 24",,,,,,322.16,325.37,333.24,1816464,326.57,-0.36746,326.835,1816464,-0.0036746,324.6,-1.2
2024-11-15,"November 15, 24",,,,,,325.1,329.76,339.24,2931300,325.1,1.43,329.8,2931300,0.0143,328.98,4.66
2024-11-14,"November 14, 24",,,,,,325.28,326.04,335.11,2449500,333.26,-2.17,329.9225,2449500,-0.0217,325.27,-7.22
2024-11-13,"November 13, 24",,,,,,330.55,333.26,343.64,3054500,334.42,-0.34687,335.4675,3054500,-0.0034687,332.47,-1.16
2024-11-12,"November 12, 24",,,,,,319.1,323.71,349.4,6123700,346.5,-6.58,334.6775,6123700,-0.0658,322.94,-22.79
2024-11-11,"November 11, 24",,,,,,338.5,349.44,349.79,2486600,347.8,0.47154,346.3825,2486600,0.0047154,348.61,1.64
2024-11-08,"November 08, 24",,,,,,335.75,341.18,342.79,1720000,336.5,1.39,339.055,1720000,0.0139,340.37,4.68
2024-11-07,"November 07, 24",,,,,,332.5,336.78,340.41,2347600,339,-0.65487,337.1725,2347600,-0.0065487,335.98,-2.22
2024-11-06,"November 06, 24",,,,,,319,336.3,338.58,4486408,321.16,4.71,328.76,4486408,0.0471,335.5,15.14
2024-11-05,"November 05, 24",,,,,,294.87,315.77,316.45,3461434,295.85,6.73,305.735,3461434,0.0673,315.02,19.92
2024-11-04,"November 04, 24",,,,,,292.54,295.46,301.5,2070500,298,-0.85235,296.875,2070500,-0.0085235,294.76,-2.54
2024-11-01,"November 01, 24",,,,,,300.52,301.09,311.58,2702214,305,-1.28,304.5475,2702214,-0.0128,300.38,-3.91
2024-10-31,"October 31, 24",,,,,,296.02,301.66,303.71,2550700,300,0.55333,300.3475,2550700,0.0055333,300.95,1.66
2024-10-30,"October 30, 24",,,,,,294.67,297.6,301.53,2085200,300,-0.8,298.45,2085200,-0.008,296.89,-2.4
2024-10-29,"October 29, 24",,,,,,284.1,298.77,298.96,2030600,288,3.74,292.4575,2030600,0.0374,298.06,10.77
2024-10-28,"October 28, 24",,,,,,288.08,289.23,295.94,2231616,295.74,-2.2,292.2475,2231616,-0.022,288.54,-6.51
2024-10-25,"October 25, 24",,,,,,292.4,293.54,298.81,2087800,295.39,-0.62629,295.035,2087800,-0.0062629,292.84,-1.85
2024-10-24,"October 24, 24",,,,,,283,297,297.54,3620100,285.81,3.92,290.8375,3620100,0.0392,296.3,11.19
2024-10-23,"October 23, 24",,,,,,268.5,279.88,282.97,4244600,273.71,2.25,276.265,4244600,0.0225,279.22,6.17
2024-10-22,"October 22, 24",,,,,,270.55,276.42,278.29,2631832,271,2,274.065,2631832,0.02,275.76,5.42
2024-10-21,"October 21, 24",,,,,,272.28,276.43,277.6,2570000,277,-0.20578,275.8275,2570000,-0.0020578,275.77,-0.57
2024-10-18,"October 18, 24",,,,,,271.35,272.72,275.3,2353706,273.69,-0.35442,273.265,2353706,-0.0035442,272.07,-0.97
2024-10-17,"October 17, 24",,,,,,271.89,272,281.37,2510144,279.24,-2.59,276.125,2510144,-0.0259,271.36,-7.24
2024-10-16,"October 16, 24",,,,,,267.69,274.77,276.19,1844916,268.9,2.18,271.8875,1844916,0.0218,274.12,5.87
2024-10-15,"October 15, 24",,,,,,260.05,266.36,270.87,2190200,270,-1.35,266.82,2190200,-0.0135,265.73,-3.64
2024-10-14,"October 14, 24",,,,,,265.69,269.5,270.83,1822300,267.26,0.83814,268.32,1822300,0.0083814,268.86,2.24
2024-10-11,"October 11, 24",,,,,,261.05,266.89,270.11,1848400,263.75,1.19,265.45,1848400,0.0119,266.26,3.14
2024-10-10,"October 10, 24",,,,,,261.79,264.62,266.55,1795800,264,0.23485,264.24,1795800,0.0023485,263.99,0.62
2024-10-09,"October 09, 24",,,,,,262.88,266.6,269.3,1891700,264.5,0.79395,265.82,1891700,0.0079395,265.97,2.1
2024-10-08,"October 08, 24",,,,,,262.25,264.27,266.56,1671943,264.03,0.09089876,264.2775,1671943,0.0009089876,263.64,0.24
2024-10-07,"October 07, 24",,,,,,260.52,262.54,265.98,1925100,265.41,-1.08,263.6125,1925100,-0.0108,261.92,-2.87
2024-10-04,"October 04, 24",,,,,,253.23,265.59,266.42,3159216,257,3.34,260.56,3159216,0.0334,264.96,8.59
2024-10-03,"October 03, 24",,,,,,250.89,254.68,257.24,1913736,253.15,0.60438,253.99,1913736,0.0060438,254.08,1.53
2024-10-02,"October 02, 24",,,,,,248.5,252.29,257.53,2769700,251,0.51394,252.33,2769700,0.0051394,251.69,1.29
2024-10-01,"October 01, 24",,,,,,251.1,256.53,257.6,2304100,256,0.20703,255.3075,2304100,0.0020703,255.92,0.53
2024-09-30,"September 30, 24",,,,,,248.96,254.98,255.35,3374184,251,1.59,252.5725,3374184,0.0159,254.38,3.98
2024-09-27,"September 27, 24",,,,,,249.58,249.86,254.43,2293600,250.76,-0.35891,251.1575,2293600,-0.0035891,249.27,-0.9
2024-09-26,"September 26, 24",,,,,,247.07,251.22,258.64,2817719,257.76,-2.54,253.6725,2817719,-0.0254,250.62,-6.54
2024-09-25,"September 25, 24",,,,,,252.17,255.05,257.75,2454244,257.1,-0.79736,255.5175,2454244,-0.0079736,254.45,-2.05
2024-09-24,"September 24, 24",,,,,,252.12,255.48,257.5,3804409,254,0.58268,254.775,3804409,0.0058268,254.87,1.48
2024-09-23,"September 23, 24",,,,,,246.79,251.53,254.87,3336725,247.83,1.49,250.255,3336725,0.0149,250.93,3.71
2024-09-20,"September 20, 24",,,,,,242.25,245.46,250.85,4111410,243.23,0.91683,245.4475,4111410,0.0091683,244.88,2.23
2024-09-19,"September 19, 24",,,,,,238.11,244.45,245,3060826,243.31,0.46854,242.7175,3060826,0.0046854,243.87,1.14
2024-09-18,"September 18, 24",,,,,,234,235.67,241.52,3255900,238.62,-1.24,237.4525,3255900,-0.0124,235.11,-2.95
2024-09-17,"September 17, 24",,,,,,233.51,237.15,240,5144000,237.67,-0.21879,237.0825,5144000,-0.0021879,236.59,-0.52
2024-09-16,"September 16, 24",,,,,,225.24,229.93,231.51,2334900,227.88,0.8996,228.64,2334900,0.008996,229.39,2.05
2024-09-13,"September 13, 24",,,,,,219.01,225.59,228.68,3697548,220.65,2.24,223.4825,3697548,0.0224,225.06,4.94
2024-09-12,"September 12, 24",,,,,,199.65,215.27,217.09,4042215,200,7.64,208.0025,4042215,0.0764,214.76,15.27
2024-09-11,"September 11, 24",,,,,,201.5,209.15,210.12,3787508,204.1,2.47,206.2175,3787508,0.0247,208.65,5.05
2024-09-10,"September 10, 24",,,,,,199.14,202.01,203,1894700,202.74,-0.36007,201.7225,1894700,-0.0036007,201.53,-0.73
2024-09-09,"September 09, 24",,,,,,197.38,201.81,202.93,1654895,200.01,0.89996,200.5325,1654895,0.0089996,201.33,1.8
2024-09-06,"September 06, 24",,,,,,193.38,198.33,201.18,3884700,198.99,-0.33167,197.97,3884700,-0.0033167,197.86,-0.66
2024-09-05,"September 05, 24",,,,,,194.27,198.44,200.73,3064325,197.09,0.68497,197.6325,3064325,0.0068497,197.97,1.35
2024-09-04,"September 04, 24",,,,,,192.12,199.63,204.19,3765100,193.03,3.42,197.2425,3765100,0.0342,199.16,6.6
2024-09-03,"September 03, 24",,,,,,187.55,192.55,202.6,4275304,200,-3.72,195.675,4275304,-0.0372,192.09,-7.45
2024-08-30,"August 30, 24",,,,,,194.2,201,201.37,3347707,195.86,2.62,198.1075,3347707,0.0262,200.52,5.14
2024-08-29,"August 29, 24",,,,,,185.36,191.36,195.68,3155500,186,2.88,189.6,3155500,0.0288,190.91,5.36
2024-08-28,"August 28, 24",,,,,,180.77,184,185.37,2067683,183.85,0.08158825,183.4975,2067683,0.0008158825,183.56,0.15
2024-08-27,"August 27, 24",,,,,,180.49,185.55,187.1,1613268,181,2.51,183.535,1613268,0.0251,185.11,4.55
2024-08-26,"August 26, 24",,,,,,179.19,182.13,183.27,2177004,181.48,0.35817,181.5175,2177004,0.0035817,181.7,0.65
2024-08-23,"August 23, 24",,,,,,173.07,183.29,183.56,4872700,180.8,1.38,180.18,4872700,0.0138,182.86,2.49
2024-08-22,"August 22, 24",,,,,,182.31,186,186.75,2067915,185,0.54054,185.015,2067915,0.0054054,185.56,1
2024-08-21,"August 21, 24",,,,,,181.81,184.26,185.24,1601541,183.47,0.43059,183.695,1601541,0.0043059,183.82,0.79
2024-08-20,"August 20, 24",,,,,,181.68,184,186,1138332,184.96,-0.51903,184.16,1138332,-0.0051903,183.56,-0.96
2024-08-19,"August 19, 24",,,,,,181.22,185.4,185.51,1626900,184.1,0.70614,184.0575,1626900,0.0070614,184.96,1.3
2024-08-16,"August 16, 24",,,,,,180.39,184.06,188.82,2718507,188.72,-2.47,185.4975,2718507,-0.0247,183.62,-4.66
2024-08-15,"August 15, 24",,,,,,181.61,188.82,190.8,3478000,185.5,1.79,186.6825,3478000,0.0179,188.37,3.32
2024-08-14,"August 14, 24",,,,,,178.25,184.16,185.19,2242700,180,2.31,181.9,2242700,0.0231,183.72,4.16
2024-08-13,"August 13, 24",,,,,,175.32,179.65,180.26,1552036,178.05,0.89862,178.32,1552036,0.0089862,179.22,1.6
2024-08-12,"August 12, 24",,,,,,174.39,176.44,180.5,1797800,178.49,-1.15,177.455,1797800,-0.0115,176.02,-2.05
2024-08-09,"August 09, 24",,,,,,172.6,179.11,179.55,2766628,176.52,1.47,176.945,2766628,0.0147,178.69,2.59
2024-08-08,"August 08, 24",,,,,,165.05,177.21,177.46,2755834,169.2,4.73,172.23,2755834,0.0473,176.79,8.01
2024-08-07,"August 07, 24",,,,,,164.69,166.07,172.75,3312842,168.66,-1.54,168.0425,3312842,-0.0154,165.68,-2.59
2024-08-06,"August 06, 24",,,,,,160,164.35,166.47,2800031,163.08,0.77876,163.475,2800031,0.0077876,163.96,1.27
2024-08-05,"August 05, 24",,,,,,150.01,162.24,165.39,3700500,152.41,6.45,157.5125,3700500,0.0645,161.86,9.84
2024-08-02,"August 02, 24",,,,,,161.5,164.73,169.99,3314500,168.78,-2.4,166.25,3314500,-0.024,164.34,-4.05
2024-08-01,"August 01, 24",,,,,,171.81,174.03,183.86,3706800,181.9,-4.33,177.9,3706800,-0.0433,173.62,-7.87
2024-07-31,"July 31, 24",,,,,,171.25,178.24,180.26,4056500,171.25,4.08,175.25,4056500,0.0408,177.82,6.99
2024-07-30,"July 30, 24",,,,,,162.45,162.7,174.07,2639331,172.93,-5.92,168.0375,2639331,-0.0592,162.31,-10.23
2024-07-29,"July 29, 24",,,,,,169.85,172.05,174.77,1757967,174.32,-1.3,172.7475,1757967,-0.013,171.64,-2.27
2024-07-26,"July 26, 24",,,,,,163.69,173.11,173.98,3871920,168.46,2.76,169.81,3871920,0.0276,172.7,4.65
2024-07-25,"July 25, 24",,,,,,156.41,160,166.29,5163200,166,-3.61,162.175,5163200,-0.0361,159.62,-6
2024-07-24,"July 24, 24",,,,,,162.73,162.9,172.3,5532133,167.34,-2.65,166.3175,5532133,-0.0265,162.51,-4.44
2024-07-23,"July 23, 24",,,,,,166.22,170.49,171.01,3221800,167,2.09,168.68,3221800,0.0209,170.09,3.49
2024-07-22,"July 22, 24",,,,,,163.68,166.76,168.25,1738608,166.38,0.22839,166.2675,1738608,0.0022839,166.36,0.38
2024-07-19,"July 19, 24",,,,,,159.11,163.34,163.69,2547800,162,0.82716,162.035,2547800,0.0082716,162.95,1.34
2024-07-18,"July 18, 24",,,,,,159.43,161.49,171.45,4736600,168,-3.87,165.0925,4736600,-0.0387,161.11,-6.51
2024-07-17,"July 17, 24",,,,,,162.9,165.83,180.2,6033800,180.2,-7.97,172.2825,6033800,-0.0797,165.44,-14.37
2024-07-16,"July 16, 24",,,,,,178.18,182.74,183.89,1789742,178.78,2.22,180.8975,1789742,0.0222,182.31,3.96
2024-07-15,"July 15, 24",,,,,,176.5,177.44,181.81,3026614,180.24,-1.55,178.9975,3026614,-0.0155,177.02,-2.8
2024-07-12,"July 12, 24",,,,,,174.4,180.45,184.33,1603909,177.95,1.4,179.2825,1603909,0.014,180.02,2.5
2024-07-11,"July 11, 24",,,,,,176.55,176.7,183.16,2574654,181,-2.38,179.3525,2574654,-0.0238,176.28,-4.3
2024-07-10,"July 10, 24",,,,,,174.6,179.73,179.8,1835700,174.93,2.74,177.265,1835700,0.0274,179.3,4.8
2024-07-09,"July 09, 24",,,,,,172.6,172.98,174.83,1801065,174.28,-0.74593,173.6725,1801065,-0.0074593,172.57,-1.3
2024-07-08,"July 08, 24",,,,,,174.17,174.37,178.6,1659343,176.81,-1.38,175.9875,1659343,-0.0138,173.96,-2.44
2024-07-05,"July 05, 24",,,,,,171.26,176.23,177.44,1629585,171.5,2.76,174.1075,1629585,0.0276,175.81,4.73
2024-07-03,"July 03, 24",,,,,,169.18,172.68,174.78,1317200,170.1,1.52,171.685,1317200,0.0152,172.27,2.58
2024-07-02,"July 02, 24",,,,,,165.41,169.81,171.98,2447440,165.41,2.66,168.1525,2447440,0.0266,169.41,4.4
2024-07-01,"July 01, 24",,,,,,165.12,167.52,171.2,2748335,171,-2.04,168.71,2748335,-0.0204,167.12,-3.48
2024-06-28,"June 28, 24",,,,,,167.18,171.51,176.3,3783600,174.8,-1.88,172.4475,3783600,-0.0188,171.1,-3.29
2024-06-27,"June 27, 24",,,,,,173.25,176.28,179.27,2541300,178.39,-1.18,176.7975,2541300,-0.0118,175.86,-2.11
2024-06-26,"June 26, 24",,,,,,177.62,180,181.73,2284000,180.89,-0.49201,180.06,2284000,-0.0049201,179.57,-0.89
2024-06-25,"June 25, 24",,,,,,176.27,181.45,181.5,2554030,179.8,0.91769,179.755,2554030,0.0091769,181.02,1.65
2024-06-24,"June 24, 24",,,,,,174.77,178.14,179.15,2552900,176.55,0.90059,177.1525,2552900,0.0090059,177.72,1.59
2024-06-21,"June 21, 24",,,,,,170.4,175.73,177.18,3876954,177.1,-0.77357,175.1025,3876954,-0.0077357,175.31,-1.37
2024-06-20,"June 20, 24",,,,,,175.1,177.18,185.5,4005304,178.47,-0.72281,179.0625,4005304,-0.0072281,176.76,-1.29
2024-06-18,"June 18, 24",,,,,,166.33,179.57,180.25,3364919,167.94,6.93,173.5225,3364919,0.0693,179.14,11.63
2024-06-17,"June 17, 24",,,,,,166.15,168.76,171.88,2804200,169.75,-0.58321,169.135,2804200,-0.0058321,168.36,-0.99
2024-06-14,"June 14, 24",,,,,,166.2,170.17,174.78,3128342,174.09,-2.25,171.31,3128342,-0.0225,169.77,-3.92
2024-06-13,"June 13, 24",,,,,,172.84,176.17,181.96,3462200,179.8,-2.02,177.6925,3462200,-0.0202,175.75,-3.63
2024-06-12,"June 12, 24",,,,,,171.16,177.52,179.22,4016501,171.54,3.49,174.86,4016501,0.0349,177.1,5.98
2024-06-11,"June 11, 24",,,,,,163.3,168.23,168.54,2036122,165.5,1.65,166.3925,2036122,0.0165,167.83,2.73
2024-06-10,"June 10, 24",,,,,,160.6,166.64,170,4224304,161.22,3.36,164.615,4224304,0.0336,166.25,5.42
2024-06-07,"June 07, 24",,,,,,159.04,162.08,165.76,4850300,159.5,1.62,161.595,4850300,0.0162,161.7,2.58
2024-06-06,"June 06, 24",,,,,,155.5,160.31,164.13,5249018,163.25,-1.8,160.7975,5249018,-0.018,159.93,-2.94
2024-06-05,"June 05, 24",,,,,,162.47,163.49,168.3,8005543,165.09,-0.96917,164.8375,8005543,-0.0096917,163.1,-1.6
2024-06-04,"June 04, 24",,,,,,161.33,163.04,169.41,5279800,168.35,-3.15,165.5325,5279800,-0.0315,162.65,-5.31
2024-06-03,"June 03, 24",,,,,,166.44,170.37,179,3434800,178.93,-4.78,173.685,3434800,-0.0478,169.97,-8.56
2024-05-31,"May 31, 24",,,,,,165.4,175.9,179.77,5454904,177.1,-0.67758,174.5425,5454904,-0.0067758,175.48,-1.2
2024-05-30,"May 30, 24",,,,,,174.5,175.08,177.81,2043133,176.97,-1.07,176.09,2043133,-0.0107,174.67,-1.89
2024-05-29,"May 29, 24",,,,,,174.1,177.32,178.69,1537710,176,0.75,176.5275,1537710,0.0075,176.9,1.32
2024-05-28,"May 28, 24",,,,,,176.78,178.09,182.78,2632749,178.34,-0.14018,178.9975,2632749,-0.0014018,177.67,-0.25
2024-05-24,"May 24, 24",,,,,,162.09,177.43,177.77,4294100,162.81,8.98,170.025,4294100,0.0898,177.01,14.62
2024-05-23,"May 23, 24",,,,,,161.44,161.67,170,3139003,166.42,-2.85,164.8825,3139003,-0.0285,161.29,-4.75
2024-05-22,"May 22, 24",,,,,,163,163.85,167.36,2018900,164.29,-0.26782,164.625,2018900,-0.0026782,163.46,-0.44
2024-05-21,"May 21, 24",,,,,,159.07,163.93,164.49,1945469,160.24,2.3,161.9325,1945469,0.023,163.54,3.69
2024-05-20,"May 20, 24",,,,,,160.21,160.95,164.3,1736122,163.06,-1.29,162.13,1736122,-0.0129,160.57,-2.11
2024-05-17,"May 17, 24",,,,,,160.94,162.62,167.64,1937200,166.88,-2.55,164.52,1937200,-0.0255,162.23,-4.26
2024-05-16,"May 16, 24",,,,,,166.35,166.4,170,1604400,168.03,-0.97006,167.695,1604400,-0.0097006,166.01,-1.63
2024-05-15,"May 15, 24",,,,,,166.96,167.87,172.35,2572025,168.36,-0.29104,168.885,2572025,-0.0029104,167.47,-0.49
2024-05-14,"May 14, 24",,,,,,158.86,165.63,166.56,3855420,160.69,3.07,162.935,3855420,0.0307,165.24,4.94
2024-05-13,"May 13, 24",,,,,,160.18,161.53,167.55,4413800,165,-2.1,163.565,4413800,-0.021,161.15,-3.47
2024-05-10,"May 10, 24",,,,,,165.99,167.27,170.8,3459622,169,-1.02,168.265,3459622,-0.0102,166.87,-1.73
2024-05-09,"May 09, 24",,,,,,164.65,166.4,168.72,4022600,165,0.84848,166.1925,4022600,0.0084848,166.01,1.4
2024-05-08,"May 08, 24",,,,,,163.23,164,167.01,3679700,167,-1.8,165.31,3679700,-0.018,163.61,-3
2024-05-07,"May 07, 24",,,,,,167.17,167.36,173.5,2884800,168.66,-0.77078,169.1725,2884800,-0.0077078,166.96,-1.3
2024-05-06,"May 06, 24",,,,,,164.51,169.14,171.17,4007044,167.16,1.18,167.995,4007044,0.0118,168.74,1.98
2024-05-03,"May 03, 24",,,,,,155.14,166.26,167.17,4635134,155.63,6.83,161.05,4635134,0.0683,165.87,10.63
2024-05-02,"May 02, 24",,,,,,151.66,153.83,155.44,2530741,153.53,0.1954,153.615,2530741,0.001954,153.47,0.3
2024-05-01,"May 01, 24",,,,,,149.42,151.67,156.7,3397459,154.19,-1.63,152.995,3397459,-0.0163,151.31,-2.52
2024-04-30,"April 30, 24",,,,,,152.25,153.71,163.1,3490100,158.14,-2.8,156.8,3490100,-0.028,153.35,-4.43
2024-04-29,"April 29, 24",,,,,,153.58,159.01,159.55,5937215,153.58,3.54,156.43,5937215,0.0354,158.63,5.43
2024-04-26,"April 26, 24",,,,,,150.2,153.07,157.25,4230515,153.64,-0.371,153.54,4230515,-0.00371,152.71,-0.57
2024-04-25,"April 25, 24",,,,,,138.67,148.31,152.14,6069300,143,3.71,145.53,6069300,0.0371,147.96,5.31
2024-04-24,"April 24, 24",,,,,,144.35,146.18,149.9,4684613,147,-0.55782,146.8575,4684613,-0.0055782,145.83,-0.82
2024-04-23,"April 23, 24",,,,,,137.87,147.83,148.35,4682814,138.46,6.77,143.1275,4682814,0.0677,147.48,9.37
2024-04-22,"April 22, 24",,,,,,132.11,136.69,137.14,2435104,135.52,0.86334,135.365,2435104,0.0086334,136.37,1.17
2024-04-19,"April 19, 24",,,,,,134.91,135.1,140.59,4518800,137.25,-1.57,136.9625,4518800,-0.0157,134.78,-2.15
2024-04-18,"April 18, 24",,,,,,135.43,137.22,138.41,5022300,138.15,-0.67318,137.3025,5022300,-0.0067318,136.89,-0.93
2024-04-17,"April 17, 24",,,,,,131.25,134.75,138.18,6154600,132.04,2.05,134.055,6154600,0.0205,134.43,2.71
2024-04-16,"April 16, 24",,,,,,128.25,130.07,133.05,5870930,132.5,-1.83,130.9675,5870930,-0.0183,129.76,-2.43
2024-04-15,"April 15, 24",,,,,,129.85,131.75,135.32,3724900,134.6,-2.12,132.88,3724900,-0.0212,131.44,-2.85
2024-04-12,"April 12, 24",,,,,,133.56,134,138.11,3765246,135,-0.74074,135.1675,3765246,-0.0074074,133.68,-1
2024-04-11,"April 11, 24",,,,,,136.41,136.57,139.32,5326943,139.2,-1.89,137.875,5326943,-0.0189,136.25,-2.63
2024-04-10,"April 10, 24",,,,,,128.94,138.37,139.93,8376809,129.5,6.85,134.185,8376809,0.0685,138.04,8.87
2024-04-09,"April 09, 24",,,,,,128.25,132.17,133.6,9143523,130.87,0.99335,131.2225,9143523,0.0099335,131.86,1.3
2024-04-08,"April 08, 24",,,,,,125.86,129.96,131.95,12195039,126.13,3.04,128.475,12195039,0.0304,129.65,3.83
2024-04-05,"April 05, 24",,,,,,119,122.7,128.18,16054800,125.5,-2.23,123.845,16054800,-0.0223,122.41,-2.8
2024-04-04,"April 04, 24",,,,,,125.26,126.06,139.35,14207744,136,-7.31,131.6675,14207744,-0.0731,125.76,-9.94
2024-04-03,"April 03, 24",,,,,,135.8,137.34,144,8866900,142.3,-3.49,139.86,8866900,-0.0349,137.01,-4.96
2024-04-02,"April 02, 24",,,,,,138.64,140,152.48,18246124,142.85,-2,143.4925,18246124,-0.02,139.67,-2.85
2024-04-01,"April 01, 24",,,,,,137.07,142.02,144.33,1029500,141.01,0.71626,141.1075,1029500,0.0071626,141.68,1.01
2024-03-28,"March 28, 24",,,,,,129.96,136.75,137.93,2239100,137.93,-0.85551,135.6425,2239100,-0.0085551,136.43,-1.18
2024-03-27,"March 27, 24",,,,,,115,131.25,135,4960410,115,14.13,124.0625,4960410,0.1413,130.94,16.25
